accounts,symbol,side,combined_score,same_ip_frac,funding_score,reward_score,group_total_profit,trade_type
"A_d444580218,A_f96ede8d34",AVNTUSDT.PERP,SHORT,0.6443395226858122,1.0,0.5,1.0,-2218.2377991909816,Reward Abuse
"A_d444580218,A_f96ede8d34",AVNTUSDT.PERP,SHORT,0.6443395226858122,1.0,0.5,1.0,-2218.2377991909816,Reward Abuse
"A_d444580218,A_f96ede8d34",OPENUSDT.PERP,LONG,0.6443395226858122,1.0,0.5,1.0,-2218.2377991909816,Reward Abuse
"A_d444580218,A_f96ede8d34",PORT3USDT.PERP,SHORT,0.6443395226858122,1.0,0.5,1.0,-2218.2377991909816,Reward Abuse
"A_d444580218,A_f96ede8d34",PORT3USDT.PERP,SHORT,0.6443395226858122,1.0,0.5,1.0,-2218.2377991909816,Reward Abuse
"A_4081f88bb0,A_7e27164ab6",BTCUSDT.PERP,LONG,0.5443395226858121,0.5,0.5,1.0,75737828.69931693,Reward Abuse
"A_4081f88bb0,A_7e27164ab6",BTCUSDT.PERP,LONG,0.5443395226858121,0.5,0.5,1.0,75737828.69931693,Reward Abuse
"A_4081f88bb0,A_7e27164ab6",BTCUSDT.PERP,LONG,0.5443395226858121,0.5,0.5,1.0,75737828.69931693,Reward Abuse
"A_4081f88bb0,A_7e27164ab6",BTCUSDT.PERP,LONG,0.5443395226858121,0.5,0.5,1.0,75737828.69931693,Reward Abuse
"A_4081f88bb0,A_7e27164ab6",BTCUSDT.PERP,LONG,0.5443395226858121,0.5,0.5,1.0,75737828.69931693,Reward Abuse
"A_4081f88bb0,A_7e27164ab6",BTCUSDT.PERP,LONG,0.5443395226858121,0.5,0.5,1.0,75737828.69931693,Reward Abuse
"A_4081f88bb0,A_7e27164ab6",BTCUSDT.PERP,LONG,0.5443395226858121,0.5,0.5,1.0,75737828.69931693,Reward Abuse
"A_4081f88bb0,A_7e27164ab6",BTCUSDT.PERP,LONG,0.5443395226858121,0.5,0.5,1.0,75737828.69931693,Reward Abuse
"A_4081f88bb0,A_7e27164ab6",BTCUSDT.PERP,LONG,0.5443395226858121,0.5,0.5,1.0,75737828.69931693,Reward Abuse
"A_4081f88bb0,A_7e27164ab6",BTCUSDT.PERP,LONG,0.5443395226858121,0.5,0.5,1.0,75737828.69931693,Reward Abuse
"A_2db64f326b,A_7e27164ab6",BTCUSDT.PERP,LONG,0.5443395226858121,0.5,0.5,1.0,59947508.14482019,Reward Abuse
"A_2db64f326b,A_7e27164ab6",BTCUSDT.PERP,LONG,0.5443395226858121,0.5,0.5,1.0,59947508.14482019,Reward Abuse
"A_2db64f326b,A_7e27164ab6",BTCUSDT.PERP,LONG,0.5443395226858121,0.5,0.5,1.0,59947508.14482019,Reward Abuse
"A_2db64f326b,A_7e27164ab6",BTCUSDT.PERP,LONG,0.5443395226858121,0.5,0.5,1.0,59947508.14482019,Reward Abuse
"A_2db64f326b,A_7e27164ab6",BTCUSDT.PERP,LONG,0.5443395226858121,0.5,0.5,1.0,59947508.14482019,Reward Abuse
"A_26ffea8fd9,A_cab220ef3c",BTCUSDT.PERP,LONG,0.5443395226858121,0.5,0.5,1.0,55604770.0956779,Reward Abuse
"A_26ffea8fd9,A_cab220ef3c",BTCUSDT.PERP,SHORT,0.5443395226858121,0.5,0.5,1.0,55604770.0956779,Reward Abuse
"A_26ffea8fd9,A_cab220ef3c",BTCUSDT.PERP,SHORT,0.5443395226858121,0.5,0.5,1.0,55604770.0956779,Reward Abuse
"A_78e950c1a2,A_7e27164ab6",BTCUSDT.PERP,LONG,0.5443395226858121,0.5,0.5,1.0,47084003.70523619,Reward Abuse
"A_78e950c1a2,A_7e27164ab6",BTCUSDT.PERP,LONG,0.5443395226858121,0.5,0.5,1.0,47084003.70523619,Reward Abuse
"A_78e950c1a2,A_7e27164ab6",BTCUSDT.PERP,LONG,0.5443395226858121,0.5,0.5,1.0,47084003.70523619,Reward Abuse
"A_78e950c1a2,A_7e27164ab6",BTCUSDT.PERP,LONG,0.5443395226858121,0.5,0.5,1.0,47084003.70523619,Reward Abuse
"A_78e950c1a2,A_7e27164ab6",BTCUSDT.PERP,LONG,0.5443395226858121,0.5,0.5,1.0,47084003.70523619,Reward Abuse
"A_78e950c1a2,A_7e27164ab6",BTCUSDT.PERP,LONG,0.5443395226858121,0.5,0.5,1.0,47084003.70523619,Reward Abuse
"A_26ffea8fd9,A_4081f88bb0",BTCUSDT.PERP,LONG,0.5443395226858121,0.5,0.5,1.0,37118483.914972275,Reward Abuse
"A_26ffea8fd9,A_4081f88bb0",BTCUSDT.PERP,LONG,0.5443395226858121,0.5,0.5,1.0,37118483.914972275,Reward Abuse
"A_4081f88bb0,A_c462ca9c6b",ETHUSDT.PERP,LONG,0.5443395226858121,1.0,0.5,0.5,28672297.56178721,Reward Abuse
"A_4081f88bb0,A_c462ca9c6b",ETHUSDT.PERP,LONG,0.5443395226858121,1.0,0.5,0.5,28672297.56178721,Reward Abuse
"A_4081f88bb0,A_f2ab53d645",BTCUSDT.PERP,LONG,0.5443395226858121,0.5,0.5,1.0,28099864.54649511,Reward Abuse
"A_4081f88bb0,A_f2ab53d645",TRUMPUSDT.PERP,LONG,0.5443395226858121,0.5,0.5,1.0,28099864.54649511,Reward Abuse
"A_55021b4ae2,A_c91db6cabf",REDUSDT.PERP,LONG,0.5443395226858121,0.5,0.5,1.0,394.10219834466875,Reward Abuse
"A_55021b4ae2,A_c91db6cabf",REDUSDT.PERP,LONG,0.5443395226858121,0.5,0.5,1.0,394.10219834466875,Reward Abuse
"A_55021b4ae2,A_c91db6cabf",REDUSDT.PERP,LONG,0.5443395226858121,0.5,0.5,1.0,394.10219834466875,Reward Abuse
"A_55021b4ae2,A_c91db6cabf",REDUSDT.PERP,SHORT,0.5443395226858121,0.5,0.5,1.0,394.10219834466875,Reward Abuse
"A_55021b4ae2,A_c91db6cabf",REDUSDT.PERP,SHORT,0.5443395226858121,0.5,0.5,1.0,394.10219834466875,Reward Abuse
"A_55021b4ae2,A_c91db6cabf",REDUSDT.PERP,SHORT,0.5443395226858121,0.5,0.5,1.0,394.10219834466875,Reward Abuse
"A_d444580218,A_f96ede8d34",2ZUSDT.PERP,LONG,0.5443395226858121,1.0,0.0,1.0,-2218.2377991909816,Reward Abuse
"A_d444580218,A_f96ede8d34",2ZUSDT.PERP,LONG,0.5443395226858121,1.0,0.0,1.0,-2218.2377991909816,Reward Abuse
"A_d444580218,A_f96ede8d34",4USDT.PERP,LONG,0.5443395226858121,1.0,0.0,1.0,-2218.2377991909816,Reward Abuse
"A_d444580218,A_f96ede8d34",4USDT.PERP,LONG,0.5443395226858121,1.0,0.0,1.0,-2218.2377991909816,Reward Abuse
"A_d444580218,A_f96ede8d34",4USDT.PERP,LONG,0.5443395226858121,1.0,0.0,1.0,-2218.2377991909816,Reward Abuse
"A_d444580218,A_f96ede8d34",4USDT.PERP,LONG,0.5443395226858121,1.0,0.0,1.0,-2218.2377991909816,Reward Abuse
"A_d444580218,A_f96ede8d34",4USDT.PERP,LONG,0.5443395226858121,1.0,0.0,1.0,-2218.2377991909816,Reward Abuse
"A_d444580218,A_f96ede8d34",4USDT.PERP,LONG,0.5443395226858121,1.0,0.0,1.0,-2218.2377991909816,Reward Abuse
"A_d444580218,A_f96ede8d34",4USDT.PERP,LONG,0.5443395226858121,1.0,0.0,1.0,-2218.2377991909816,Reward Abuse
"A_d444580218,A_f96ede8d34",4USDT.PERP,LONG,0.5443395226858121,1.0,0.0,1.0,-2218.2377991909816,Reward Abuse
"A_d444580218,A_f96ede8d34",4USDT.PERP,LONG,0.5443395226858121,1.0,0.0,1.0,-2218.2377991909816,Reward Abuse
"A_d444580218,A_f96ede8d34",4USDT.PERP,LONG,0.5443395226858121,1.0,0.0,1.0,-2218.2377991909816,Reward Abuse
"A_d444580218,A_f96ede8d34",4USDT.PERP,LONG,0.5443395226858121,1.0,0.0,1.0,-2218.2377991909816,Reward Abuse
"A_d444580218,A_f96ede8d34",4USDT.PERP,LONG,0.5443395226858121,1.0,0.0,1.0,-2218.2377991909816,Reward Abuse
"A_d444580218,A_f96ede8d34",4USDT.PERP,LONG,0.5443395226858121,1.0,0.0,1.0,-2218.2377991909816,Reward Abuse
"A_d444580218,A_f96ede8d34",4USDT.PERP,LONG,0.5443395226858121,1.0,0.0,1.0,-2218.2377991909816,Reward Abuse
"A_d444580218,A_f96ede8d34",4USDT.PERP,LONG,0.5443395226858121,1.0,0.0,1.0,-2218.2377991909816,Reward Abuse
"A_d444580218,A_f96ede8d34",4USDT.PERP,SHORT,0.5443395226858121,1.0,0.0,1.0,-2218.2377991909816,Reward Abuse
"A_d444580218,A_f96ede8d34",4USDT.PERP,SHORT,0.5443395226858121,1.0,0.0,1.0,-2218.2377991909816,Reward Abuse
"A_d444580218,A_f96ede8d34",4USDT.PERP,SHORT,0.5443395226858121,1.0,0.0,1.0,-2218.2377991909816,Reward Abuse
"A_d444580218,A_f96ede8d34",4USDT.PERP,SHORT,0.5443395226858121,1.0,0.0,1.0,-2218.2377991909816,Reward Abuse
"A_d444580218,A_f96ede8d34",4USDT.PERP,SHORT,0.5443395226858121,1.0,0.0,1.0,-2218.2377991909816,Reward Abuse
"A_d444580218,A_f96ede8d34",4USDT.PERP,SHORT,0.5443395226858121,1.0,0.0,1.0,-2218.2377991909816,Reward Abuse
"A_d444580218,A_f96ede8d34",4USDT.PERP,SHORT,0.5443395226858121,1.0,0.0,1.0,-2218.2377991909816,Reward Abuse
"A_d444580218,A_f96ede8d34",4USDT.PERP,SHORT,0.5443395226858121,1.0,0.0,1.0,-2218.2377991909816,Reward Abuse
"A_d444580218,A_f96ede8d34",4USDT.PERP,SHORT,0.5443395226858121,1.0,0.0,1.0,-2218.2377991909816,Reward Abuse
"A_d444580218,A_f96ede8d34",4USDT.PERP,SHORT,0.5443395226858121,1.0,0.0,1.0,-2218.2377991909816,Reward Abuse
"A_d444580218,A_f96ede8d34",AKTUSDT.PERP,SHORT,0.5443395226858121,1.0,0.0,1.0,-2218.2377991909816,Reward Abuse
"A_d444580218,A_f96ede8d34",AKTUSDT.PERP,SHORT,0.5443395226858121,1.0,0.0,1.0,-2218.2377991909816,Reward Abuse
"A_d444580218,A_f96ede8d34",AKTUSDT.PERP,SHORT,0.5443395226858121,1.0,0.0,1.0,-2218.2377991909816,Reward Abuse
"A_d444580218,A_f96ede8d34",AKTUSDT.PERP,SHORT,0.5443395226858121,1.0,0.0,1.0,-2218.2377991909816,Reward Abuse
"A_d444580218,A_f96ede8d34",API3USDT.PERP,LONG,0.5443395226858121,1.0,0.0,1.0,-2218.2377991909816,Reward Abuse
"A_d444580218,A_f96ede8d34",API3USDT.PERP,LONG,0.5443395226858121,1.0,0.0,1.0,-2218.2377991909816,Reward Abuse
"A_d444580218,A_f96ede8d34",API3USDT.PERP,LONG,0.5443395226858121,1.0,0.0,1.0,-2218.2377991909816,Reward Abuse
"A_d444580218,A_f96ede8d34",API3USDT.PERP,LONG,0.5443395226858121,1.0,0.0,1.0,-2218.2377991909816,Reward Abuse
"A_d444580218,A_f96ede8d34",API3USDT.PERP,LONG,0.5443395226858121,1.0,0.0,1.0,-2218.2377991909816,Reward Abuse
"A_d444580218,A_f96ede8d34",API3USDT.PERP,LONG,0.5443395226858121,1.0,0.0,1.0,-2218.2377991909816,Reward Abuse
"A_d444580218,A_f96ede8d34",API3USDT.PERP,LONG,0.5443395226858121,1.0,0.0,1.0,-2218.2377991909816,Reward Abuse
"A_d444580218,A_f96ede8d34",API3USDT.PERP,LONG,0.5443395226858121,1.0,0.0,1.0,-2218.2377991909816,Reward Abuse
"A_d444580218,A_f96ede8d34",API3USDT.PERP,LONG,0.5443395226858121,1.0,0.0,1.0,-2218.2377991909816,Reward Abuse
"A_d444580218,A_f96ede8d34",API3USDT.PERP,LONG,0.5443395226858121,1.0,0.0,1.0,-2218.2377991909816,Reward Abuse
"A_d444580218,A_f96ede8d34",API3USDT.PERP,LONG,0.5443395226858121,1.0,0.0,1.0,-2218.2377991909816,Reward Abuse
"A_d444580218,A_f96ede8d34",API3USDT.PERP,LONG,0.5443395226858121,1.0,0.0,1.0,-2218.2377991909816,Reward Abuse
"A_d444580218,A_f96ede8d34",API3USDT.PERP,LONG,0.5443395226858121,1.0,0.0,1.0,-2218.2377991909816,Reward Abuse
"A_d444580218,A_f96ede8d34",API3USDT.PERP,LONG,0.5443395226858121,1.0,0.0,1.0,-2218.2377991909816,Reward Abuse
"A_d444580218,A_f96ede8d34",API3USDT.PERP,LONG,0.5443395226858121,1.0,0.0,1.0,-2218.2377991909816,Reward Abuse
"A_d444580218,A_f96ede8d34",API3USDT.PERP,LONG,0.5443395226858121,1.0,0.0,1.0,-2218.2377991909816,Reward Abuse
"A_d444580218,A_f96ede8d34",API3USDT.PERP,LONG,0.5443395226858121,1.0,0.0,1.0,-2218.2377991909816,Reward Abuse
"A_d444580218,A_f96ede8d34",API3USDT.PERP,LONG,0.5443395226858121,1.0,0.0,1.0,-2218.2377991909816,Reward Abuse
"A_d444580218,A_f96ede8d34",API3USDT.PERP,LONG,0.5443395226858121,1.0,0.0,1.0,-2218.2377991909816,Reward Abuse
"A_d444580218,A_f96ede8d34",API3USDT.PERP,LONG,0.5443395226858121,1.0,0.0,1.0,-2218.2377991909816,Reward Abuse
"A_d444580218,A_f96ede8d34",API3USDT.PERP,LONG,0.5443395226858121,1.0,0.0,1.0,-2218.2377991909816,Reward Abuse
"A_d444580218,A_f96ede8d34",API3USDT.PERP,LONG,0.5443395226858121,1.0,0.0,1.0,-2218.2377991909816,Reward Abuse
"A_d444580218,A_f96ede8d34",API3USDT.PERP,LONG,0.5443395226858121,1.0,0.0,1.0,-2218.2377991909816,Reward Abuse
"A_d444580218,A_f96ede8d34",API3USDT.PERP,LONG,0.5443395226858121,1.0,0.0,1.0,-2218.2377991909816,Reward Abuse
"A_d444580218,A_f96ede8d34",API3USDT.PERP,LONG,0.5443395226858121,1.0,0.0,1.0,-2218.2377991909816,Reward Abuse
"A_d444580218,A_f96ede8d34",API3USDT.PERP,LONG,0.5443395226858121,1.0,0.0,1.0,-2218.2377991909816,Reward Abuse
"A_d444580218,A_f96ede8d34",API3USDT.PERP,LONG,0.5443395226858121,1.0,0.0,1.0,-2218.2377991909816,Reward Abuse
"A_d444580218,A_f96ede8d34",API3USDT.PERP,LONG,0.5443395226858121,1.0,0.0,1.0,-2218.2377991909816,Reward Abuse
"A_d444580218,A_f96ede8d34",API3USDT.PERP,LONG,0.5443395226858121,1.0,0.0,1.0,-2218.2377991909816,Reward Abuse
"A_d444580218,A_f96ede8d34",API3USDT.PERP,LONG,0.5443395226858121,1.0,0.0,1.0,-2218.2377991909816,Reward Abuse
"A_d444580218,A_f96ede8d34",API3USDT.PERP,LONG,0.5443395226858121,1.0,0.0,1.0,-2218.2377991909816,Reward Abuse
"A_d444580218,A_f96ede8d34",API3USDT.PERP,LONG,0.5443395226858121,1.0,0.0,1.0,-2218.2377991909816,Reward Abuse
"A_d444580218,A_f96ede8d34",API3USDT.PERP,LONG,0.5443395226858121,1.0,0.0,1.0,-2218.2377991909816,Reward Abuse
"A_d444580218,A_f96ede8d34",API3USDT.PERP,LONG,0.5443395226858121,1.0,0.0,1.0,-2218.2377991909816,Reward Abuse
"A_d444580218,A_f96ede8d34",API3USDT.PERP,LONG,0.5443395226858121,1.0,0.0,1.0,-2218.2377991909816,Reward Abuse
"A_d444580218,A_f96ede8d34",API3USDT.PERP,LONG,0.5443395226858121,1.0,0.0,1.0,-2218.2377991909816,Reward Abuse
"A_d444580218,A_f96ede8d34",API3USDT.PERP,SHORT,0.5443395226858121,1.0,0.0,1.0,-2218.2377991909816,Reward Abuse
"A_d444580218,A_f96ede8d34",API3USDT.PERP,SHORT,0.5443395226858121,1.0,0.0,1.0,-2218.2377991909816,Reward Abuse
"A_d444580218,A_f96ede8d34",API3USDT.PERP,SHORT,0.5443395226858121,1.0,0.0,1.0,-2218.2377991909816,Reward Abuse
"A_d444580218,A_f96ede8d34",API3USDT.PERP,SHORT,0.5443395226858121,1.0,0.0,1.0,-2218.2377991909816,Reward Abuse
"A_d444580218,A_f96ede8d34",API3USDT.PERP,SHORT,0.5443395226858121,1.0,0.0,1.0,-2218.2377991909816,Reward Abuse
"A_d444580218,A_f96ede8d34",API3USDT.PERP,SHORT,0.5443395226858121,1.0,0.0,1.0,-2218.2377991909816,Reward Abuse
"A_d444580218,A_f96ede8d34",API3USDT.PERP,SHORT,0.5443395226858121,1.0,0.0,1.0,-2218.2377991909816,Reward Abuse
"A_d444580218,A_f96ede8d34",API3USDT.PERP,SHORT,0.5443395226858121,1.0,0.0,1.0,-2218.2377991909816,Reward Abuse
"A_d444580218,A_f96ede8d34",API3USDT.PERP,SHORT,0.5443395226858121,1.0,0.0,1.0,-2218.2377991909816,Reward Abuse
"A_d444580218,A_f96ede8d34",API3USDT.PERP,SHORT,0.5443395226858121,1.0,0.0,1.0,-2218.2377991909816,Reward Abuse
"A_d444580218,A_f96ede8d34",API3USDT.PERP,SHORT,0.5443395226858121,1.0,0.0,1.0,-2218.2377991909816,Reward Abuse
"A_d444580218,A_f96ede8d34",API3USDT.PERP,SHORT,0.5443395226858121,1.0,0.0,1.0,-2218.2377991909816,Reward Abuse
"A_d444580218,A_f96ede8d34",ASRUSDT.PERP,LONG,0.5443395226858121,1.0,0.0,1.0,-2218.2377991909816,Reward Abuse
"A_d444580218,A_f96ede8d34",ASRUSDT.PERP,LONG,0.5443395226858121,1.0,0.0,1.0,-2218.2377991909816,Reward Abuse
"A_d444580218,A_f96ede8d34",ASRUSDT.PERP,LONG,0.5443395226858121,1.0,0.0,1.0,-2218.2377991909816,Reward Abuse
"A_d444580218,A_f96ede8d34",ASTERUSDT.PERP,LONG,0.5443395226858121,1.0,0.0,1.0,-2218.2377991909816,Reward Abuse
"A_d444580218,A_f96ede8d34",ASTERUSDT.PERP,LONG,0.5443395226858121,1.0,0.0,1.0,-2218.2377991909816,Reward Abuse
"A_d444580218,A_f96ede8d34",ASTERUSDT.PERP,LONG,0.5443395226858121,1.0,0.0,1.0,-2218.2377991909816,Reward Abuse
"A_d444580218,A_f96ede8d34",ASTERUSDT.PERP,LONG,0.5443395226858121,1.0,0.0,1.0,-2218.2377991909816,Reward Abuse
"A_d444580218,A_f96ede8d34",ASTRUSDT.PERP,SHORT,0.5443395226858121,1.0,0.0,1.0,-2218.2377991909816,Reward Abuse
"A_d444580218,A_f96ede8d34",ASTRUSDT.PERP,SHORT,0.5443395226858121,1.0,0.0,1.0,-2218.2377991909816,Reward Abuse
"A_d444580218,A_f96ede8d34",ASTRUSDT.PERP,SHORT,0.5443395226858121,1.0,0.0,1.0,-2218.2377991909816,Reward Abuse
"A_d444580218,A_f96ede8d34",ASTRUSDT.PERP,SHORT,0.5443395226858121,1.0,0.0,1.0,-2218.2377991909816,Reward Abuse
"A_d444580218,A_f96ede8d34",ASTRUSDT.PERP,SHORT,0.5443395226858121,1.0,0.0,1.0,-2218.2377991909816,Reward Abuse
"A_d444580218,A_f96ede8d34",AVNTUSDT.PERP,LONG,0.5443395226858121,1.0,0.0,1.0,-2218.2377991909816,Reward Abuse
"A_d444580218,A_f96ede8d34",AVNTUSDT.PERP,LONG,0.5443395226858121,1.0,0.0,1.0,-2218.2377991909816,Reward Abuse
"A_d444580218,A_f96ede8d34",AVNTUSDT.PERP,LONG,0.5443395226858121,1.0,0.0,1.0,-2218.2377991909816,Reward Abuse
"A_d444580218,A_f96ede8d34",AVNTUSDT.PERP,LONG,0.5443395226858121,1.0,0.0,1.0,-2218.2377991909816,Reward Abuse
"A_d444580218,A_f96ede8d34",AVNTUSDT.PERP,LONG,0.5443395226858121,1.0,0.0,1.0,-2218.2377991909816,Reward Abuse
"A_d444580218,A_f96ede8d34",AVNTUSDT.PERP,LONG,0.5443395226858121,1.0,0.0,1.0,-2218.2377991909816,Reward Abuse
"A_d444580218,A_f96ede8d34",AVNTUSDT.PERP,LONG,0.5443395226858121,1.0,0.0,1.0,-2218.2377991909816,Reward Abuse
"A_d444580218,A_f96ede8d34",AVNTUSDT.PERP,LONG,0.5443395226858121,1.0,0.0,1.0,-2218.2377991909816,Reward Abuse
"A_d444580218,A_f96ede8d34",AVNTUSDT.PERP,LONG,0.5443395226858121,1.0,0.0,1.0,-2218.2377991909816,Reward Abuse
"A_d444580218,A_f96ede8d34",AVNTUSDT.PERP,LONG,0.5443395226858121,1.0,0.0,1.0,-2218.2377991909816,Reward Abuse
"A_d444580218,A_f96ede8d34",AVNTUSDT.PERP,LONG,0.5443395226858121,1.0,0.0,1.0,-2218.2377991909816,Reward Abuse
"A_d444580218,A_f96ede8d34",AVNTUSDT.PERP,LONG,0.5443395226858121,1.0,0.0,1.0,-2218.2377991909816,Reward Abuse
"A_d444580218,A_f96ede8d34",AVNTUSDT.PERP,LONG,0.5443395226858121,1.0,0.0,1.0,-2218.2377991909816,Reward Abuse
"A_d444580218,A_f96ede8d34",AVNTUSDT.PERP,LONG,0.5443395226858121,1.0,0.0,1.0,-2218.2377991909816,Reward Abuse
"A_d444580218,A_f96ede8d34",AVNTUSDT.PERP,LONG,0.5443395226858121,1.0,0.0,1.0,-2218.2377991909816,Reward Abuse
"A_d444580218,A_f96ede8d34",AVNTUSDT.PERP,LONG,0.5443395226858121,1.0,0.0,1.0,-2218.2377991909816,Reward Abuse
"A_d444580218,A_f96ede8d34",AVNTUSDT.PERP,LONG,0.5443395226858121,1.0,0.0,1.0,-2218.2377991909816,Reward Abuse
"A_d444580218,A_f96ede8d34",AVNTUSDT.PERP,LONG,0.5443395226858121,1.0,0.0,1.0,-2218.2377991909816,Reward Abuse
"A_d444580218,A_f96ede8d34",AVNTUSDT.PERP,LONG,0.5443395226858121,1.0,0.0,1.0,-2218.2377991909816,Reward Abuse
"A_d444580218,A_f96ede8d34",AVNTUSDT.PERP,LONG,0.5443395226858121,1.0,0.0,1.0,-2218.2377991909816,Reward Abuse
"A_d444580218,A_f96ede8d34",AVNTUSDT.PERP,LONG,0.5443395226858121,1.0,0.0,1.0,-2218.2377991909816,Reward Abuse
"A_d444580218,A_f96ede8d34",AVNTUSDT.PERP,LONG,0.5443395226858121,1.0,0.0,1.0,-2218.2377991909816,Reward Abuse
"A_d444580218,A_f96ede8d34",AVNTUSDT.PERP,LONG,0.5443395226858121,1.0,0.0,1.0,-2218.2377991909816,Reward Abuse
"A_d444580218,A_f96ede8d34",AVNTUSDT.PERP,LONG,0.5443395226858121,1.0,0.0,1.0,-2218.2377991909816,Reward Abuse
"A_d444580218,A_f96ede8d34",AVNTUSDT.PERP,LONG,0.5443395226858121,1.0,0.0,1.0,-2218.2377991909816,Reward Abuse
"A_d444580218,A_f96ede8d34",AVNTUSDT.PERP,SHORT,0.5443395226858121,1.0,0.0,1.0,-2218.2377991909816,Reward Abuse
"A_d444580218,A_f96ede8d34",AVNTUSDT.PERP,SHORT,0.5443395226858121,1.0,0.0,1.0,-2218.2377991909816,Reward Abuse
"A_d444580218,A_f96ede8d34",AVNTUSDT.PERP,SHORT,0.5443395226858121,1.0,0.0,1.0,-2218.2377991909816,Reward Abuse
"A_d444580218,A_f96ede8d34",AVNTUSDT.PERP,SHORT,0.5443395226858121,1.0,0.0,1.0,-2218.2377991909816,Reward Abuse
"A_d444580218,A_f96ede8d34",AVNTUSDT.PERP,SHORT,0.5443395226858121,1.0,0.0,1.0,-2218.2377991909816,Reward Abuse
"A_d444580218,A_f96ede8d34",AVNTUSDT.PERP,SHORT,0.5443395226858121,1.0,0.0,1.0,-2218.2377991909816,Reward Abuse
"A_d444580218,A_f96ede8d34",AVNTUSDT.PERP,SHORT,0.5443395226858121,1.0,0.0,1.0,-2218.2377991909816,Reward Abuse
"A_d444580218,A_f96ede8d34",AVNTUSDT.PERP,SHORT,0.5443395226858121,1.0,0.0,1.0,-2218.2377991909816,Reward Abuse
"A_d444580218,A_f96ede8d34",AVNTUSDT.PERP,SHORT,0.5443395226858121,1.0,0.0,1.0,-2218.2377991909816,Reward Abuse
"A_d444580218,A_f96ede8d34",AVNTUSDT.PERP,SHORT,0.5443395226858121,1.0,0.0,1.0,-2218.2377991909816,Reward Abuse
"A_d444580218,A_f96ede8d34",AVNTUSDT.PERP,SHORT,0.5443395226858121,1.0,0.0,1.0,-2218.2377991909816,Reward Abuse
"A_d444580218,A_f96ede8d34",AVNTUSDT.PERP,SHORT,0.5443395226858121,1.0,0.0,1.0,-2218.2377991909816,Reward Abuse
"A_d444580218,A_f96ede8d34",AVNTUSDT.PERP,SHORT,0.5443395226858121,1.0,0.0,1.0,-2218.2377991909816,Reward Abuse
"A_d444580218,A_f96ede8d34",AVNTUSDT.PERP,SHORT,0.5443395226858121,1.0,0.0,1.0,-2218.2377991909816,Reward Abuse
"A_d444580218,A_f96ede8d34",AVNTUSDT.PERP,SHORT,0.5443395226858121,1.0,0.0,1.0,-2218.2377991909816,Reward Abuse
"A_d444580218,A_f96ede8d34",AVNTUSDT.PERP,SHORT,0.5443395226858121,1.0,0.0,1.0,-2218.2377991909816,Reward Abuse
"A_d444580218,A_f96ede8d34",AVNTUSDT.PERP,SHORT,0.5443395226858121,1.0,0.0,1.0,-2218.2377991909816,Reward Abuse
"A_d444580218,A_f96ede8d34",AVNTUSDT.PERP,SHORT,0.5443395226858121,1.0,0.0,1.0,-2218.2377991909816,Reward Abuse
"A_d444580218,A_f96ede8d34",AVNTUSDT.PERP,SHORT,0.5443395226858121,1.0,0.0,1.0,-2218.2377991909816,Reward Abuse
"A_d444580218,A_f96ede8d34",BASUSDT.PERP,SHORT,0.5443395226858121,1.0,0.0,1.0,-2218.2377991909816,Reward Abuse
"A_d444580218,A_f96ede8d34",BASUSDT.PERP,SHORT,0.5443395226858121,1.0,0.0,1.0,-2218.2377991909816,Reward Abuse
"A_d444580218,A_f96ede8d34",BASUSDT.PERP,SHORT,0.5443395226858121,1.0,0.0,1.0,-2218.2377991909816,Reward Abuse
"A_d444580218,A_f96ede8d34",BIOUSDT.PERP,LONG,0.5443395226858121,1.0,0.0,1.0,-2218.2377991909816,Reward Abuse
"A_d444580218,A_f96ede8d34",BIOUSDT.PERP,LONG,0.5443395226858121,1.0,0.0,1.0,-2218.2377991909816,Reward Abuse
"A_d444580218,A_f96ede8d34",BIOUSDT.PERP,LONG,0.5443395226858121,1.0,0.0,1.0,-2218.2377991909816,Reward Abuse
"A_d444580218,A_f96ede8d34",BIOUSDT.PERP,LONG,0.5443395226858121,1.0,0.0,1.0,-2218.2377991909816,Reward Abuse
"A_d444580218,A_f96ede8d34",BIOUSDT.PERP,LONG,0.5443395226858121,1.0,0.0,1.0,-2218.2377991909816,Reward Abuse
"A_d444580218,A_f96ede8d34",BIOUSDT.PERP,LONG,0.5443395226858121,1.0,0.0,1.0,-2218.2377991909816,Reward Abuse
"A_d444580218,A_f96ede8d34",BIOUSDT.PERP,LONG,0.5443395226858121,1.0,0.0,1.0,-2218.2377991909816,Reward Abuse
"A_d444580218,A_f96ede8d34",BIOUSDT.PERP,LONG,0.5443395226858121,1.0,0.0,1.0,-2218.2377991909816,Reward Abuse
"A_d444580218,A_f96ede8d34",BIOUSDT.PERP,LONG,0.5443395226858121,1.0,0.0,1.0,-2218.2377991909816,Reward Abuse
"A_d444580218,A_f96ede8d34",BIOUSDT.PERP,LONG,0.5443395226858121,1.0,0.0,1.0,-2218.2377991909816,Reward Abuse
"A_d444580218,A_f96ede8d34",BIOUSDT.PERP,LONG,0.5443395226858121,1.0,0.0,1.0,-2218.2377991909816,Reward Abuse
"A_d444580218,A_f96ede8d34",BIOUSDT.PERP,LONG,0.5443395226858121,1.0,0.0,1.0,-2218.2377991909816,Reward Abuse
"A_d444580218,A_f96ede8d34",BIOUSDT.PERP,SHORT,0.5443395226858121,1.0,0.0,1.0,-2218.2377991909816,Reward Abuse
"A_d444580218,A_f96ede8d34",BIOUSDT.PERP,SHORT,0.5443395226858121,1.0,0.0,1.0,-2218.2377991909816,Reward Abuse
"A_d444580218,A_f96ede8d34",BIOUSDT.PERP,SHORT,0.5443395226858121,1.0,0.0,1.0,-2218.2377991909816,Reward Abuse
"A_d444580218,A_f96ede8d34",BIOUSDT.PERP,SHORT,0.5443395226858121,1.0,0.0,1.0,-2218.2377991909816,Reward Abuse
"A_d444580218,A_f96ede8d34",BIOUSDT.PERP,SHORT,0.5443395226858121,1.0,0.0,1.0,-2218.2377991909816,Reward Abuse
"A_d444580218,A_f96ede8d34",BIOUSDT.PERP,SHORT,0.5443395226858121,1.0,0.0,1.0,-2218.2377991909816,Reward Abuse
"A_d444580218,A_f96ede8d34",BIOUSDT.PERP,SHORT,0.5443395226858121,1.0,0.0,1.0,-2218.2377991909816,Reward Abuse
"A_d444580218,A_f96ede8d34",BIOUSDT.PERP,SHORT,0.5443395226858121,1.0,0.0,1.0,-2218.2377991909816,Reward Abuse
"A_d444580218,A_f96ede8d34",BIOUSDT.PERP,SHORT,0.5443395226858121,1.0,0.0,1.0,-2218.2377991909816,Reward Abuse
"A_d444580218,A_f96ede8d34",BIOUSDT.PERP,SHORT,0.5443395226858121,1.0,0.0,1.0,-2218.2377991909816,Reward Abuse
"A_d444580218,A_f96ede8d34",BIOUSDT.PERP,SHORT,0.5443395226858121,1.0,0.0,1.0,-2218.2377991909816,Reward Abuse
"A_d444580218,A_f96ede8d34",BIOUSDT.PERP,SHORT,0.5443395226858121,1.0,0.0,1.0,-2218.2377991909816,Reward Abuse
"A_d444580218,A_f96ede8d34",BIOUSDT.PERP,SHORT,0.5443395226858121,1.0,0.0,1.0,-2218.2377991909816,Reward Abuse
"A_d444580218,A_f96ede8d34",BIOUSDT.PERP,SHORT,0.5443395226858121,1.0,0.0,1.0,-2218.2377991909816,Reward Abuse
"A_d444580218,A_f96ede8d34",BIOUSDT.PERP,SHORT,0.5443395226858121,1.0,0.0,1.0,-2218.2377991909816,Reward Abuse
"A_d444580218,A_f96ede8d34",BIOUSDT.PERP,SHORT,0.5443395226858121,1.0,0.0,1.0,-2218.2377991909816,Reward Abuse
"A_d444580218,A_f96ede8d34",BTCUSD1.PERP,LONG,0.5443395226858121,1.0,0.0,1.0,-2218.2377991909816,Reward Abuse
"A_d444580218,A_f96ede8d34",BTCUSD1.PERP,LONG,0.5443395226858121,1.0,0.0,1.0,-2218.2377991909816,Reward Abuse
"A_d444580218,A_f96ede8d34",BTCUSD1.PERP,LONG,0.5443395226858121,1.0,0.0,1.0,-2218.2377991909816,Reward Abuse
"A_d444580218,A_f96ede8d34",BTCUSD1.PERP,LONG,0.5443395226858121,1.0,0.0,1.0,-2218.2377991909816,Reward Abuse
"A_d444580218,A_f96ede8d34",BTCUSD1.PERP,LONG,0.5443395226858121,1.0,0.0,1.0,-2218.2377991909816,Reward Abuse
"A_d444580218,A_f96ede8d34",BTCUSD1.PERP,LONG,0.5443395226858121,1.0,0.0,1.0,-2218.2377991909816,Reward Abuse
"A_d444580218,A_f96ede8d34",BTCUSD1.PERP,LONG,0.5443395226858121,1.0,0.0,1.0,-2218.2377991909816,Reward Abuse
"A_d444580218,A_f96ede8d34",BTCUSD1.PERP,LONG,0.5443395226858121,1.0,0.0,1.0,-2218.2377991909816,Reward Abuse
"A_d444580218,A_f96ede8d34",BTCUSD1.PERP,LONG,0.5443395226858121,1.0,0.0,1.0,-2218.2377991909816,Reward Abuse
"A_d444580218,A_f96ede8d34",BTCUSD1.PERP,LONG,0.5443395226858121,1.0,0.0,1.0,-2218.2377991909816,Reward Abuse
"A_d444580218,A_f96ede8d34",BTCUSDT.PERP,SHORT,0.5443395226858121,1.0,0.0,1.0,-2218.2377991909816,Reward Abuse
"A_d444580218,A_f96ede8d34",BTCUSDT.PERP,SHORT,0.5443395226858121,1.0,0.0,1.0,-2218.2377991909816,Reward Abuse
"A_d444580218,A_f96ede8d34",BTCUSDT.PERP,SHORT,0.5443395226858121,1.0,0.0,1.0,-2218.2377991909816,Reward Abuse
"A_d444580218,A_f96ede8d34",COMMONUSDT.PERP,LONG,0.5443395226858121,1.0,0.0,1.0,-2218.2377991909816,Reward Abuse
"A_d444580218,A_f96ede8d34",COMMONUSDT.PERP,LONG,0.5443395226858121,1.0,0.0,1.0,-2218.2377991909816,Reward Abuse
"A_d444580218,A_f96ede8d34",COMMONUSDT.PERP,LONG,0.5443395226858121,1.0,0.0,1.0,-2218.2377991909816,Reward Abuse
"A_d444580218,A_f96ede8d34",COMMONUSDT.PERP,LONG,0.5443395226858121,1.0,0.0,1.0,-2218.2377991909816,Reward Abuse
"A_d444580218,A_f96ede8d34",COMMONUSDT.PERP,LONG,0.5443395226858121,1.0,0.0,1.0,-2218.2377991909816,Reward Abuse
"A_d444580218,A_f96ede8d34",COMMONUSDT.PERP,LONG,0.5443395226858121,1.0,0.0,1.0,-2218.2377991909816,Reward Abuse
"A_d444580218,A_f96ede8d34",COMMONUSDT.PERP,LONG,0.5443395226858121,1.0,0.0,1.0,-2218.2377991909816,Reward Abuse
"A_d444580218,A_f96ede8d34",COMMONUSDT.PERP,LONG,0.5443395226858121,1.0,0.0,1.0,-2218.2377991909816,Reward Abuse
"A_d444580218,A_f96ede8d34",COMMONUSDT.PERP,LONG,0.5443395226858121,1.0,0.0,1.0,-2218.2377991909816,Reward Abuse
"A_d444580218,A_f96ede8d34",COMMONUSDT.PERP,SHORT,0.5443395226858121,1.0,0.0,1.0,-2218.2377991909816,Reward Abuse
"A_d444580218,A_f96ede8d34",COMMONUSDT.PERP,SHORT,0.5443395226858121,1.0,0.0,1.0,-2218.2377991909816,Reward Abuse
"A_d444580218,A_f96ede8d34",COMMONUSDT.PERP,SHORT,0.5443395226858121,1.0,0.0,1.0,-2218.2377991909816,Reward Abuse
"A_d444580218,A_f96ede8d34",COMMONUSDT.PERP,SHORT,0.5443395226858121,1.0,0.0,1.0,-2218.2377991909816,Reward Abuse
"A_d444580218,A_f96ede8d34",COMMONUSDT.PERP,SHORT,0.5443395226858121,1.0,0.0,1.0,-2218.2377991909816,Reward Abuse
"A_d444580218,A_f96ede8d34",CTKUSDT.PERP,LONG,0.5443395226858121,1.0,0.0,1.0,-2218.2377991909816,Reward Abuse
"A_d444580218,A_f96ede8d34",CTKUSDT.PERP,LONG,0.5443395226858121,1.0,0.0,1.0,-2218.2377991909816,Reward Abuse
"A_d444580218,A_f96ede8d34",CTKUSDT.PERP,LONG,0.5443395226858121,1.0,0.0,1.0,-2218.2377991909816,Reward Abuse
"A_d444580218,A_f96ede8d34",CTKUSDT.PERP,LONG,0.5443395226858121,1.0,0.0,1.0,-2218.2377991909816,Reward Abuse
"A_d444580218,A_f96ede8d34",CTKUSDT.PERP,LONG,0.5443395226858121,1.0,0.0,1.0,-2218.2377991909816,Reward Abuse
"A_d444580218,A_f96ede8d34",CTKUSDT.PERP,LONG,0.5443395226858121,1.0,0.0,1.0,-2218.2377991909816,Reward Abuse
"A_d444580218,A_f96ede8d34",DEGOUSDT.PERP,SHORT,0.5443395226858121,1.0,0.0,1.0,-2218.2377991909816,Reward Abuse
"A_d444580218,A_f96ede8d34",DEGOUSDT.PERP,SHORT,0.5443395226858121,1.0,0.0,1.0,-2218.2377991909816,Reward Abuse
"A_d444580218,A_f96ede8d34",DEGOUSDT.PERP,SHORT,0.5443395226858121,1.0,0.0,1.0,-2218.2377991909816,Reward Abuse
"A_d444580218,A_f96ede8d34",DOODUSDT.PERP,LONG,0.5443395226858121,1.0,0.0,1.0,-2218.2377991909816,Reward Abuse
"A_d444580218,A_f96ede8d34",DOODUSDT.PERP,LONG,0.5443395226858121,1.0,0.0,1.0,-2218.2377991909816,Reward Abuse
"A_d444580218,A_f96ede8d34",DOODUSDT.PERP,LONG,0.5443395226858121,1.0,0.0,1.0,-2218.2377991909816,Reward Abuse
"A_d444580218,A_f96ede8d34",DOODUSDT.PERP,LONG,0.5443395226858121,1.0,0.0,1.0,-2218.2377991909816,Reward Abuse
"A_d444580218,A_f96ede8d34",DOODUSDT.PERP,SHORT,0.5443395226858121,1.0,0.0,1.0,-2218.2377991909816,Reward Abuse
"A_d444580218,A_f96ede8d34",DOODUSDT.PERP,SHORT,0.5443395226858121,1.0,0.0,1.0,-2218.2377991909816,Reward Abuse
"A_d444580218,A_f96ede8d34",DOODUSDT.PERP,SHORT,0.5443395226858121,1.0,0.0,1.0,-2218.2377991909816,Reward Abuse
"A_d444580218,A_f96ede8d34",ENSOUSDT.PERP,LONG,0.5443395226858121,1.0,0.0,1.0,-2218.2377991909816,Reward Abuse
"A_d444580218,A_f96ede8d34",ENSOUSDT.PERP,LONG,0.5443395226858121,1.0,0.0,1.0,-2218.2377991909816,Reward Abuse
"A_d444580218,A_f96ede8d34",ENSOUSDT.PERP,LONG,0.5443395226858121,1.0,0.0,1.0,-2218.2377991909816,Reward Abuse
"A_d444580218,A_f96ede8d34",ENSOUSDT.PERP,LONG,0.5443395226858121,1.0,0.0,1.0,-2218.2377991909816,Reward Abuse
"A_d444580218,A_f96ede8d34",ESPORTSUSDT.PERP,SHORT,0.5443395226858121,1.0,0.0,1.0,-2218.2377991909816,Reward Abuse
"A_d444580218,A_f96ede8d34",ESPORTSUSDT.PERP,SHORT,0.5443395226858121,1.0,0.0,1.0,-2218.2377991909816,Reward Abuse
"A_d444580218,A_f96ede8d34",ETHUSD1.PERP,LONG,0.5443395226858121,1.0,0.0,1.0,-2218.2377991909816,Reward Abuse
"A_d444580218,A_f96ede8d34",ETHUSD1.PERP,LONG,0.5443395226858121,1.0,0.0,1.0,-2218.2377991909816,Reward Abuse
"A_d444580218,A_f96ede8d34",ETHUSD1.PERP,LONG,0.5443395226858121,1.0,0.0,1.0,-2218.2377991909816,Reward Abuse
"A_d444580218,A_f96ede8d34",ETHUSD1.PERP,LONG,0.5443395226858121,1.0,0.0,1.0,-2218.2377991909816,Reward Abuse
"A_d444580218,A_f96ede8d34",ETHUSD1.PERP,SHORT,0.5443395226858121,1.0,0.0,1.0,-2218.2377991909816,Reward Abuse
"A_d444580218,A_f96ede8d34",ETHUSD1.PERP,SHORT,0.5443395226858121,1.0,0.0,1.0,-2218.2377991909816,Reward Abuse
"A_d444580218,A_f96ede8d34",ETHUSD1.PERP,SHORT,0.5443395226858121,1.0,0.0,1.0,-2218.2377991909816,Reward Abuse
"A_d444580218,A_f96ede8d34",ETHUSD1.PERP,SHORT,0.5443395226858121,1.0,0.0,1.0,-2218.2377991909816,Reward Abuse
"A_d444580218,A_f96ede8d34",ETHUSD1.PERP,SHORT,0.5443395226858121,1.0,0.0,1.0,-2218.2377991909816,Reward Abuse
"A_d444580218,A_f96ede8d34",ETHUSD1.PERP,SHORT,0.5443395226858121,1.0,0.0,1.0,-2218.2377991909816,Reward Abuse
"A_d444580218,A_f96ede8d34",ETHUSD1.PERP,SHORT,0.5443395226858121,1.0,0.0,1.0,-2218.2377991909816,Reward Abuse
"A_d444580218,A_f96ede8d34",ETHUSDT.PERP,LONG,0.5443395226858121,1.0,0.0,1.0,-2218.2377991909816,Reward Abuse
"A_d444580218,A_f96ede8d34",ETHUSDT.PERP,LONG,0.5443395226858121,1.0,0.0,1.0,-2218.2377991909816,Reward Abuse
"A_d444580218,A_f96ede8d34",ETHUSDT.PERP,SHORT,0.5443395226858121,1.0,0.0,1.0,-2218.2377991909816,Reward Abuse
"A_d444580218,A_f96ede8d34",ETHUSDT.PERP,SHORT,0.5443395226858121,1.0,0.0,1.0,-2218.2377991909816,Reward Abuse
"A_d444580218,A_f96ede8d34",EULUSDT.PERP,LONG,0.5443395226858121,1.0,0.0,1.0,-2218.2377991909816,Reward Abuse
"A_d444580218,A_f96ede8d34",EULUSDT.PERP,LONG,0.5443395226858121,1.0,0.0,1.0,-2218.2377991909816,Reward Abuse
"A_d444580218,A_f96ede8d34",EULUSDT.PERP,SHORT,0.5443395226858121,1.0,0.0,1.0,-2218.2377991909816,Reward Abuse
"A_d444580218,A_f96ede8d34",EULUSDT.PERP,SHORT,0.5443395226858121,1.0,0.0,1.0,-2218.2377991909816,Reward Abuse
"A_d444580218,A_f96ede8d34",EULUSDT.PERP,SHORT,0.5443395226858121,1.0,0.0,1.0,-2218.2377991909816,Reward Abuse
"A_d444580218,A_f96ede8d34",HYPERUSDT.PERP,LONG,0.5443395226858121,1.0,0.0,1.0,-2218.2377991909816,Reward Abuse
"A_d444580218,A_f96ede8d34",HYPERUSDT.PERP,LONG,0.5443395226858121,1.0,0.0,1.0,-2218.2377991909816,Reward Abuse
"A_d444580218,A_f96ede8d34",HYPERUSDT.PERP,LONG,0.5443395226858121,1.0,0.0,1.0,-2218.2377991909816,Reward Abuse
"A_d444580218,A_f96ede8d34",ICNTUSDT.PERP,LONG,0.5443395226858121,1.0,0.0,1.0,-2218.2377991909816,Reward Abuse
"A_d444580218,A_f96ede8d34",ICNTUSDT.PERP,LONG,0.5443395226858121,1.0,0.0,1.0,-2218.2377991909816,Reward Abuse
"A_d444580218,A_f96ede8d34",ICNTUSDT.PERP,LONG,0.5443395226858121,1.0,0.0,1.0,-2218.2377991909816,Reward Abuse
"A_d444580218,A_f96ede8d34",ICNTUSDT.PERP,LONG,0.5443395226858121,1.0,0.0,1.0,-2218.2377991909816,Reward Abuse
"A_d444580218,A_f96ede8d34",ICNTUSDT.PERP,LONG,0.5443395226858121,1.0,0.0,1.0,-2218.2377991909816,Reward Abuse
"A_d444580218,A_f96ede8d34",ICNTUSDT.PERP,LONG,0.5443395226858121,1.0,0.0,1.0,-2218.2377991909816,Reward Abuse
"A_d444580218,A_f96ede8d34",ICNTUSDT.PERP,LONG,0.5443395226858121,1.0,0.0,1.0,-2218.2377991909816,Reward Abuse
"A_d444580218,A_f96ede8d34",ICNTUSDT.PERP,LONG,0.5443395226858121,1.0,0.0,1.0,-2218.2377991909816,Reward Abuse
"A_d444580218,A_f96ede8d34",ICNTUSDT.PERP,SHORT,0.5443395226858121,1.0,0.0,1.0,-2218.2377991909816,Reward Abuse
"A_d444580218,A_f96ede8d34",ICNTUSDT.PERP,SHORT,0.5443395226858121,1.0,0.0,1.0,-2218.2377991909816,Reward Abuse
"A_d444580218,A_f96ede8d34",ICNTUSDT.PERP,SHORT,0.5443395226858121,1.0,0.0,1.0,-2218.2377991909816,Reward Abuse
"A_d444580218,A_f96ede8d34",ICNTUSDT.PERP,SHORT,0.5443395226858121,1.0,0.0,1.0,-2218.2377991909816,Reward Abuse
"A_d444580218,A_f96ede8d34",ICNTUSDT.PERP,SHORT,0.5443395226858121,1.0,0.0,1.0,-2218.2377991909816,Reward Abuse
"A_d444580218,A_f96ede8d34",ICNTUSDT.PERP,SHORT,0.5443395226858121,1.0,0.0,1.0,-2218.2377991909816,Reward Abuse
"A_d444580218,A_f96ede8d34",ICNTUSDT.PERP,SHORT,0.5443395226858121,1.0,0.0,1.0,-2218.2377991909816,Reward Abuse
"A_d444580218,A_f96ede8d34",ICNTUSDT.PERP,SHORT,0.5443395226858121,1.0,0.0,1.0,-2218.2377991909816,Reward Abuse
"A_d444580218,A_f96ede8d34",ICNTUSDT.PERP,SHORT,0.5443395226858121,1.0,0.0,1.0,-2218.2377991909816,Reward Abuse
"A_d444580218,A_f96ede8d34",ICNTUSDT.PERP,SHORT,0.5443395226858121,1.0,0.0,1.0,-2218.2377991909816,Reward Abuse
"A_d444580218,A_f96ede8d34",INUSDT.PERP,LONG,0.5443395226858121,1.0,0.0,1.0,-2218.2377991909816,Reward Abuse
"A_d444580218,A_f96ede8d34",INUSDT.PERP,LONG,0.5443395226858121,1.0,0.0,1.0,-2218.2377991909816,Reward Abuse
"A_d444580218,A_f96ede8d34",INUSDT.PERP,LONG,0.5443395226858121,1.0,0.0,1.0,-2218.2377991909816,Reward Abuse
"A_d444580218,A_f96ede8d34",INUSDT.PERP,LONG,0.5443395226858121,1.0,0.0,1.0,-2218.2377991909816,Reward Abuse
"A_d444580218,A_f96ede8d34",INUSDT.PERP,LONG,0.5443395226858121,1.0,0.0,1.0,-2218.2377991909816,Reward Abuse
"A_d444580218,A_f96ede8d34",INUSDT.PERP,LONG,0.5443395226858121,1.0,0.0,1.0,-2218.2377991909816,Reward Abuse
"A_d444580218,A_f96ede8d34",INUSDT.PERP,LONG,0.5443395226858121,1.0,0.0,1.0,-2218.2377991909816,Reward Abuse
"A_d444580218,A_f96ede8d34",INUSDT.PERP,LONG,0.5443395226858121,1.0,0.0,1.0,-2218.2377991909816,Reward Abuse
"A_d444580218,A_f96ede8d34",INUSDT.PERP,LONG,0.5443395226858121,1.0,0.0,1.0,-2218.2377991909816,Reward Abuse
"A_d444580218,A_f96ede8d34",INUSDT.PERP,LONG,0.5443395226858121,1.0,0.0,1.0,-2218.2377991909816,Reward Abuse
"A_d444580218,A_f96ede8d34",INUSDT.PERP,SHORT,0.5443395226858121,1.0,0.0,1.0,-2218.2377991909816,Reward Abuse
"A_d444580218,A_f96ede8d34",INUSDT.PERP,SHORT,0.5443395226858121,1.0,0.0,1.0,-2218.2377991909816,Reward Abuse
"A_d444580218,A_f96ede8d34",INUSDT.PERP,SHORT,0.5443395226858121,1.0,0.0,1.0,-2218.2377991909816,Reward Abuse
"A_d444580218,A_f96ede8d34",INUSDT.PERP,SHORT,0.5443395226858121,1.0,0.0,1.0,-2218.2377991909816,Reward Abuse
"A_d444580218,A_f96ede8d34",INUSDT.PERP,SHORT,0.5443395226858121,1.0,0.0,1.0,-2218.2377991909816,Reward Abuse
"A_d444580218,A_f96ede8d34",INUSDT.PERP,SHORT,0.5443395226858121,1.0,0.0,1.0,-2218.2377991909816,Reward Abuse
"A_d444580218,A_f96ede8d34",IOUSDT.PERP,LONG,0.5443395226858121,1.0,0.0,1.0,-2218.2377991909816,Reward Abuse
"A_d444580218,A_f96ede8d34",IOUSDT.PERP,LONG,0.5443395226858121,1.0,0.0,1.0,-2218.2377991909816,Reward Abuse
"A_d444580218,A_f96ede8d34",IOUSDT.PERP,LONG,0.5443395226858121,1.0,0.0,1.0,-2218.2377991909816,Reward Abuse
"A_d444580218,A_f96ede8d34",IOUSDT.PERP,LONG,0.5443395226858121,1.0,0.0,1.0,-2218.2377991909816,Reward Abuse
"A_d444580218,A_f96ede8d34",IPUSDT.PERP,LONG,0.5443395226858121,1.0,0.0,1.0,-2218.2377991909816,Reward Abuse
"A_d444580218,A_f96ede8d34",IPUSDT.PERP,LONG,0.5443395226858121,1.0,0.0,1.0,-2218.2377991909816,Reward Abuse
"A_d444580218,A_f96ede8d34",IPUSDT.PERP,LONG,0.5443395226858121,1.0,0.0,1.0,-2218.2377991909816,Reward Abuse
"A_d444580218,A_f96ede8d34",IPUSDT.PERP,SHORT,0.5443395226858121,1.0,0.0,1.0,-2218.2377991909816,Reward Abuse
"A_d444580218,A_f96ede8d34",IPUSDT.PERP,SHORT,0.5443395226858121,1.0,0.0,1.0,-2218.2377991909816,Reward Abuse
"A_d444580218,A_f96ede8d34",IPUSDT.PERP,SHORT,0.5443395226858121,1.0,0.0,1.0,-2218.2377991909816,Reward Abuse
"A_d444580218,A_f96ede8d34",JELLYJELLYUSDT.PERP,SHORT,0.5443395226858121,1.0,0.0,1.0,-2218.2377991909816,Reward Abuse
"A_d444580218,A_f96ede8d34",JELLYJELLYUSDT.PERP,SHORT,0.5443395226858121,1.0,0.0,1.0,-2218.2377991909816,Reward Abuse
"A_d444580218,A_f96ede8d34",JELLYJELLYUSDT.PERP,SHORT,0.5443395226858121,1.0,0.0,1.0,-2218.2377991909816,Reward Abuse
"A_d444580218,A_f96ede8d34",JELLYJELLYUSDT.PERP,SHORT,0.5443395226858121,1.0,0.0,1.0,-2218.2377991909816,Reward Abuse
"A_d444580218,A_f96ede8d34",JELLYJELLYUSDT.PERP,SHORT,0.5443395226858121,1.0,0.0,1.0,-2218.2377991909816,Reward Abuse
"A_d444580218,A_f96ede8d34",JELLYJELLYUSDT.PERP,SHORT,0.5443395226858121,1.0,0.0,1.0,-2218.2377991909816,Reward Abuse
"A_d444580218,A_f96ede8d34",JELLYJELLYUSDT.PERP,SHORT,0.5443395226858121,1.0,0.0,1.0,-2218.2377991909816,Reward Abuse
"A_d444580218,A_f96ede8d34",JELLYJELLYUSDT.PERP,SHORT,0.5443395226858121,1.0,0.0,1.0,-2218.2377991909816,Reward Abuse
"A_d444580218,A_f96ede8d34",JELLYJELLYUSDT.PERP,SHORT,0.5443395226858121,1.0,0.0,1.0,-2218.2377991909816,Reward Abuse
"A_d444580218,A_f96ede8d34",KAITOUSDT.PERP,LONG,0.5443395226858121,1.0,0.0,1.0,-2218.2377991909816,Reward Abuse
"A_d444580218,A_f96ede8d34",KAITOUSDT.PERP,LONG,0.5443395226858121,1.0,0.0,1.0,-2218.2377991909816,Reward Abuse
"A_d444580218,A_f96ede8d34",KAVAUSDT.PERP,SHORT,0.5443395226858121,1.0,0.0,1.0,-2218.2377991909816,Reward Abuse
"A_d444580218,A_f96ede8d34",KAVAUSDT.PERP,SHORT,0.5443395226858121,1.0,0.0,1.0,-2218.2377991909816,Reward Abuse
"A_d444580218,A_f96ede8d34",KAVAUSDT.PERP,SHORT,0.5443395226858121,1.0,0.0,1.0,-2218.2377991909816,Reward Abuse
"A_d444580218,A_f96ede8d34",KERNELUSDT.PERP,LONG,0.5443395226858121,1.0,0.0,1.0,-2218.2377991909816,Reward Abuse
"A_d444580218,A_f96ede8d34",KERNELUSDT.PERP,LONG,0.5443395226858121,1.0,0.0,1.0,-2218.2377991909816,Reward Abuse
"A_d444580218,A_f96ede8d34",MAGICUSDT.PERP,LONG,0.5443395226858121,1.0,0.0,1.0,-2218.2377991909816,Reward Abuse
"A_d444580218,A_f96ede8d34",MAGICUSDT.PERP,LONG,0.5443395226858121,1.0,0.0,1.0,-2218.2377991909816,Reward Abuse
"A_d444580218,A_f96ede8d34",MAGICUSDT.PERP,LONG,0.5443395226858121,1.0,0.0,1.0,-2218.2377991909816,Reward Abuse
"A_d444580218,A_f96ede8d34",MAGICUSDT.PERP,LONG,0.5443395226858121,1.0,0.0,1.0,-2218.2377991909816,Reward Abuse
"A_d444580218,A_f96ede8d34",MAGICUSDT.PERP,LONG,0.5443395226858121,1.0,0.0,1.0,-2218.2377991909816,Reward Abuse
"A_d444580218,A_f96ede8d34",MAGICUSDT.PERP,LONG,0.5443395226858121,1.0,0.0,1.0,-2218.2377991909816,Reward Abuse
"A_d444580218,A_f96ede8d34",MAVUSDT.PERP,SHORT,0.5443395226858121,1.0,0.0,1.0,-2218.2377991909816,Reward Abuse
"A_d444580218,A_f96ede8d34",MAVUSDT.PERP,SHORT,0.5443395226858121,1.0,0.0,1.0,-2218.2377991909816,Reward Abuse
"A_d444580218,A_f96ede8d34",MAVUSDT.PERP,SHORT,0.5443395226858121,1.0,0.0,1.0,-2218.2377991909816,Reward Abuse
"A_d444580218,A_f96ede8d34",MERLUSDT.PERP,LONG,0.5443395226858121,1.0,0.0,1.0,-2218.2377991909816,Reward Abuse
"A_d444580218,A_f96ede8d34",MERLUSDT.PERP,LONG,0.5443395226858121,1.0,0.0,1.0,-2218.2377991909816,Reward Abuse
"A_d444580218,A_f96ede8d34",MERLUSDT.PERP,LONG,0.5443395226858121,1.0,0.0,1.0,-2218.2377991909816,Reward Abuse
"A_d444580218,A_f96ede8d34",MERLUSDT.PERP,LONG,0.5443395226858121,1.0,0.0,1.0,-2218.2377991909816,Reward Abuse
"A_d444580218,A_f96ede8d34",MERLUSDT.PERP,LONG,0.5443395226858121,1.0,0.0,1.0,-2218.2377991909816,Reward Abuse
"A_d444580218,A_f96ede8d34",MERLUSDT.PERP,LONG,0.5443395226858121,1.0,0.0,1.0,-2218.2377991909816,Reward Abuse
"A_d444580218,A_f96ede8d34",MERLUSDT.PERP,LONG,0.5443395226858121,1.0,0.0,1.0,-2218.2377991909816,Reward Abuse
"A_d444580218,A_f96ede8d34",MERLUSDT.PERP,LONG,0.5443395226858121,1.0,0.0,1.0,-2218.2377991909816,Reward Abuse
"A_d444580218,A_f96ede8d34",MEUSDT.PERP,LONG,0.5443395226858121,1.0,0.0,1.0,-2218.2377991909816,Reward Abuse
"A_d444580218,A_f96ede8d34",MEUSDT.PERP,LONG,0.5443395226858121,1.0,0.0,1.0,-2218.2377991909816,Reward Abuse
"A_d444580218,A_f96ede8d34",MEUSDT.PERP,LONG,0.5443395226858121,1.0,0.0,1.0,-2218.2377991909816,Reward Abuse
"A_d444580218,A_f96ede8d34",MEUSDT.PERP,LONG,0.5443395226858121,1.0,0.0,1.0,-2218.2377991909816,Reward Abuse
"A_d444580218,A_f96ede8d34",MEUSDT.PERP,LONG,0.5443395226858121,1.0,0.0,1.0,-2218.2377991909816,Reward Abuse
"A_d444580218,A_f96ede8d34",MEUSDT.PERP,LONG,0.5443395226858121,1.0,0.0,1.0,-2218.2377991909816,Reward Abuse
"A_d444580218,A_f96ede8d34",MEUSDT.PERP,LONG,0.5443395226858121,1.0,0.0,1.0,-2218.2377991909816,Reward Abuse
"A_d444580218,A_f96ede8d34",MEUSDT.PERP,LONG,0.5443395226858121,1.0,0.0,1.0,-2218.2377991909816,Reward Abuse
"A_d444580218,A_f96ede8d34",MIRAUSDT.PERP,LONG,0.5443395226858121,1.0,0.0,1.0,-2218.2377991909816,Reward Abuse
"A_d444580218,A_f96ede8d34",MIRAUSDT.PERP,LONG,0.5443395226858121,1.0,0.0,1.0,-2218.2377991909816,Reward Abuse
"A_d444580218,A_f96ede8d34",MIRAUSDT.PERP,LONG,0.5443395226858121,1.0,0.0,1.0,-2218.2377991909816,Reward Abuse
"A_d444580218,A_f96ede8d34",MIRAUSDT.PERP,LONG,0.5443395226858121,1.0,0.0,1.0,-2218.2377991909816,Reward Abuse
"A_d444580218,A_f96ede8d34",MIRAUSDT.PERP,LONG,0.5443395226858121,1.0,0.0,1.0,-2218.2377991909816,Reward Abuse
"A_d444580218,A_f96ede8d34",MIRAUSDT.PERP,LONG,0.5443395226858121,1.0,0.0,1.0,-2218.2377991909816,Reward Abuse
"A_d444580218,A_f96ede8d34",MOODENGUSDT.PERP,LONG,0.5443395226858121,1.0,0.0,1.0,-2218.2377991909816,Reward Abuse
"A_d444580218,A_f96ede8d34",MOODENGUSDT.PERP,LONG,0.5443395226858121,1.0,0.0,1.0,-2218.2377991909816,Reward Abuse
"A_d444580218,A_f96ede8d34",MOODENGUSDT.PERP,LONG,0.5443395226858121,1.0,0.0,1.0,-2218.2377991909816,Reward Abuse
"A_d444580218,A_f96ede8d34",MOODENGUSDT.PERP,LONG,0.5443395226858121,1.0,0.0,1.0,-2218.2377991909816,Reward Abuse
"A_d444580218,A_f96ede8d34",NAORISUSDT.PERP,LONG,0.5443395226858121,1.0,0.0,1.0,-2218.2377991909816,Reward Abuse
"A_d444580218,A_f96ede8d34",NAORISUSDT.PERP,LONG,0.5443395226858121,1.0,0.0,1.0,-2218.2377991909816,Reward Abuse
"A_d444580218,A_f96ede8d34",NAORISUSDT.PERP,LONG,0.5443395226858121,1.0,0.0,1.0,-2218.2377991909816,Reward Abuse
"A_d444580218,A_f96ede8d34",NAORISUSDT.PERP,LONG,0.5443395226858121,1.0,0.0,1.0,-2218.2377991909816,Reward Abuse
"A_d444580218,A_f96ede8d34",NAORISUSDT.PERP,LONG,0.5443395226858121,1.0,0.0,1.0,-2218.2377991909816,Reward Abuse
"A_d444580218,A_f96ede8d34",NAORISUSDT.PERP,LONG,0.5443395226858121,1.0,0.0,1.0,-2218.2377991909816,Reward Abuse
"A_d444580218,A_f96ede8d34",NAORISUSDT.PERP,LONG,0.5443395226858121,1.0,0.0,1.0,-2218.2377991909816,Reward Abuse
"A_d444580218,A_f96ede8d34",NAORISUSDT.PERP,SHORT,0.5443395226858121,1.0,0.0,1.0,-2218.2377991909816,Reward Abuse
"A_d444580218,A_f96ede8d34",NAORISUSDT.PERP,SHORT,0.5443395226858121,1.0,0.0,1.0,-2218.2377991909816,Reward Abuse
"A_d444580218,A_f96ede8d34",NAORISUSDT.PERP,SHORT,0.5443395226858121,1.0,0.0,1.0,-2218.2377991909816,Reward Abuse
"A_d444580218,A_f96ede8d34",OMUSDT.PERP,LONG,0.5443395226858121,1.0,0.0,1.0,-2218.2377991909816,Reward Abuse
"A_d444580218,A_f96ede8d34",OMUSDT.PERP,LONG,0.5443395226858121,1.0,0.0,1.0,-2218.2377991909816,Reward Abuse
"A_d444580218,A_f96ede8d34",OMUSDT.PERP,LONG,0.5443395226858121,1.0,0.0,1.0,-2218.2377991909816,Reward Abuse
"A_d444580218,A_f96ede8d34",OMUSDT.PERP,LONG,0.5443395226858121,1.0,0.0,1.0,-2218.2377991909816,Reward Abuse
"A_d444580218,A_f96ede8d34",OMUSDT.PERP,LONG,0.5443395226858121,1.0,0.0,1.0,-2218.2377991909816,Reward Abuse
"A_d444580218,A_f96ede8d34",OMUSDT.PERP,LONG,0.5443395226858121,1.0,0.0,1.0,-2218.2377991909816,Reward Abuse
"A_d444580218,A_f96ede8d34",OMUSDT.PERP,LONG,0.5443395226858121,1.0,0.0,1.0,-2218.2377991909816,Reward Abuse
"A_d444580218,A_f96ede8d34",OMUSDT.PERP,LONG,0.5443395226858121,1.0,0.0,1.0,-2218.2377991909816,Reward Abuse
"A_d444580218,A_f96ede8d34",OMUSDT.PERP,LONG,0.5443395226858121,1.0,0.0,1.0,-2218.2377991909816,Reward Abuse
"A_d444580218,A_f96ede8d34",OMUSDT.PERP,LONG,0.5443395226858121,1.0,0.0,1.0,-2218.2377991909816,Reward Abuse
"A_d444580218,A_f96ede8d34",OMUSDT.PERP,LONG,0.5443395226858121,1.0,0.0,1.0,-2218.2377991909816,Reward Abuse
"A_d444580218,A_f96ede8d34",OMUSDT.PERP,LONG,0.5443395226858121,1.0,0.0,1.0,-2218.2377991909816,Reward Abuse
"A_d444580218,A_f96ede8d34",OMUSDT.PERP,LONG,0.5443395226858121,1.0,0.0,1.0,-2218.2377991909816,Reward Abuse
"A_d444580218,A_f96ede8d34",OMUSDT.PERP,LONG,0.5443395226858121,1.0,0.0,1.0,-2218.2377991909816,Reward Abuse
"A_d444580218,A_f96ede8d34",OMUSDT.PERP,LONG,0.5443395226858121,1.0,0.0,1.0,-2218.2377991909816,Reward Abuse
"A_d444580218,A_f96ede8d34",OMUSDT.PERP,LONG,0.5443395226858121,1.0,0.0,1.0,-2218.2377991909816,Reward Abuse
"A_d444580218,A_f96ede8d34",OMUSDT.PERP,LONG,0.5443395226858121,1.0,0.0,1.0,-2218.2377991909816,Reward Abuse
"A_d444580218,A_f96ede8d34",OMUSDT.PERP,LONG,0.5443395226858121,1.0,0.0,1.0,-2218.2377991909816,Reward Abuse
"A_d444580218,A_f96ede8d34",OMUSDT.PERP,LONG,0.5443395226858121,1.0,0.0,1.0,-2218.2377991909816,Reward Abuse
"A_d444580218,A_f96ede8d34",OMUSDT.PERP,SHORT,0.5443395226858121,1.0,0.0,1.0,-2218.2377991909816,Reward Abuse
"A_d444580218,A_f96ede8d34",OMUSDT.PERP,SHORT,0.5443395226858121,1.0,0.0,1.0,-2218.2377991909816,Reward Abuse
"A_d444580218,A_f96ede8d34",OPENUSDT.PERP,LONG,0.5443395226858121,1.0,0.0,1.0,-2218.2377991909816,Reward Abuse
"A_d444580218,A_f96ede8d34",OPENUSDT.PERP,LONG,0.5443395226858121,1.0,0.0,1.0,-2218.2377991909816,Reward Abuse
"A_d444580218,A_f96ede8d34",OPENUSDT.PERP,LONG,0.5443395226858121,1.0,0.0,1.0,-2218.2377991909816,Reward Abuse
"A_d444580218,A_f96ede8d34",OPENUSDT.PERP,LONG,0.5443395226858121,1.0,0.0,1.0,-2218.2377991909816,Reward Abuse
"A_d444580218,A_f96ede8d34",OPENUSDT.PERP,LONG,0.5443395226858121,1.0,0.0,1.0,-2218.2377991909816,Reward Abuse
"A_d444580218,A_f96ede8d34",OPENUSDT.PERP,LONG,0.5443395226858121,1.0,0.0,1.0,-2218.2377991909816,Reward Abuse
"A_d444580218,A_f96ede8d34",OPENUSDT.PERP,LONG,0.5443395226858121,1.0,0.0,1.0,-2218.2377991909816,Reward Abuse
"A_d444580218,A_f96ede8d34",OPENUSDT.PERP,LONG,0.5443395226858121,1.0,0.0,1.0,-2218.2377991909816,Reward Abuse
"A_d444580218,A_f96ede8d34",OPENUSDT.PERP,LONG,0.5443395226858121,1.0,0.0,1.0,-2218.2377991909816,Reward Abuse
"A_d444580218,A_f96ede8d34",OPENUSDT.PERP,LONG,0.5443395226858121,1.0,0.0,1.0,-2218.2377991909816,Reward Abuse
"A_d444580218,A_f96ede8d34",OPENUSDT.PERP,LONG,0.5443395226858121,1.0,0.0,1.0,-2218.2377991909816,Reward Abuse
"A_d444580218,A_f96ede8d34",OPENUSDT.PERP,LONG,0.5443395226858121,1.0,0.0,1.0,-2218.2377991909816,Reward Abuse
"A_d444580218,A_f96ede8d34",OPENUSDT.PERP,LONG,0.5443395226858121,1.0,0.0,1.0,-2218.2377991909816,Reward Abuse
"A_d444580218,A_f96ede8d34",OPENUSDT.PERP,LONG,0.5443395226858121,1.0,0.0,1.0,-2218.2377991909816,Reward Abuse
"A_d444580218,A_f96ede8d34",OPENUSDT.PERP,LONG,0.5443395226858121,1.0,0.0,1.0,-2218.2377991909816,Reward Abuse
"A_d444580218,A_f96ede8d34",OPENUSDT.PERP,LONG,0.5443395226858121,1.0,0.0,1.0,-2218.2377991909816,Reward Abuse
"A_d444580218,A_f96ede8d34",OPENUSDT.PERP,LONG,0.5443395226858121,1.0,0.0,1.0,-2218.2377991909816,Reward Abuse
"A_d444580218,A_f96ede8d34",OPENUSDT.PERP,LONG,0.5443395226858121,1.0,0.0,1.0,-2218.2377991909816,Reward Abuse
"A_d444580218,A_f96ede8d34",OPENUSDT.PERP,LONG,0.5443395226858121,1.0,0.0,1.0,-2218.2377991909816,Reward Abuse
"A_d444580218,A_f96ede8d34",OPENUSDT.PERP,LONG,0.5443395226858121,1.0,0.0,1.0,-2218.2377991909816,Reward Abuse
"A_d444580218,A_f96ede8d34",OPENUSDT.PERP,LONG,0.5443395226858121,1.0,0.0,1.0,-2218.2377991909816,Reward Abuse
"A_d444580218,A_f96ede8d34",OPENUSDT.PERP,LONG,0.5443395226858121,1.0,0.0,1.0,-2218.2377991909816,Reward Abuse
"A_d444580218,A_f96ede8d34",OPENUSDT.PERP,LONG,0.5443395226858121,1.0,0.0,1.0,-2218.2377991909816,Reward Abuse
"A_d444580218,A_f96ede8d34",OPENUSDT.PERP,LONG,0.5443395226858121,1.0,0.0,1.0,-2218.2377991909816,Reward Abuse
"A_d444580218,A_f96ede8d34",OPENUSDT.PERP,LONG,0.5443395226858121,1.0,0.0,1.0,-2218.2377991909816,Reward Abuse
"A_d444580218,A_f96ede8d34",OPENUSDT.PERP,LONG,0.5443395226858121,1.0,0.0,1.0,-2218.2377991909816,Reward Abuse
"A_d444580218,A_f96ede8d34",OPENUSDT.PERP,LONG,0.5443395226858121,1.0,0.0,1.0,-2218.2377991909816,Reward Abuse
"A_d444580218,A_f96ede8d34",OPENUSDT.PERP,LONG,0.5443395226858121,1.0,0.0,1.0,-2218.2377991909816,Reward Abuse
"A_d444580218,A_f96ede8d34",OPENUSDT.PERP,LONG,0.5443395226858121,1.0,0.0,1.0,-2218.2377991909816,Reward Abuse
"A_d444580218,A_f96ede8d34",OPENUSDT.PERP,LONG,0.5443395226858121,1.0,0.0,1.0,-2218.2377991909816,Reward Abuse
"A_d444580218,A_f96ede8d34",OPENUSDT.PERP,LONG,0.5443395226858121,1.0,0.0,1.0,-2218.2377991909816,Reward Abuse
"A_d444580218,A_f96ede8d34",OPENUSDT.PERP,LONG,0.5443395226858121,1.0,0.0,1.0,-2218.2377991909816,Reward Abuse
"A_d444580218,A_f96ede8d34",OPENUSDT.PERP,LONG,0.5443395226858121,1.0,0.0,1.0,-2218.2377991909816,Reward Abuse
"A_d444580218,A_f96ede8d34",OPENUSDT.PERP,LONG,0.5443395226858121,1.0,0.0,1.0,-2218.2377991909816,Reward Abuse
"A_d444580218,A_f96ede8d34",OPENUSDT.PERP,LONG,0.5443395226858121,1.0,0.0,1.0,-2218.2377991909816,Reward Abuse
"A_d444580218,A_f96ede8d34",OPENUSDT.PERP,LONG,0.5443395226858121,1.0,0.0,1.0,-2218.2377991909816,Reward Abuse
"A_d444580218,A_f96ede8d34",OPENUSDT.PERP,LONG,0.5443395226858121,1.0,0.0,1.0,-2218.2377991909816,Reward Abuse
"A_d444580218,A_f96ede8d34",OPENUSDT.PERP,LONG,0.5443395226858121,1.0,0.0,1.0,-2218.2377991909816,Reward Abuse
"A_d444580218,A_f96ede8d34",OPENUSDT.PERP,LONG,0.5443395226858121,1.0,0.0,1.0,-2218.2377991909816,Reward Abuse
"A_d444580218,A_f96ede8d34",OPENUSDT.PERP,LONG,0.5443395226858121,1.0,0.0,1.0,-2218.2377991909816,Reward Abuse
"A_d444580218,A_f96ede8d34",OPENUSDT.PERP,LONG,0.5443395226858121,1.0,0.0,1.0,-2218.2377991909816,Reward Abuse
"A_d444580218,A_f96ede8d34",PARTIUSDT.PERP,LONG,0.5443395226858121,1.0,0.0,1.0,-2218.2377991909816,Reward Abuse
"A_d444580218,A_f96ede8d34",PARTIUSDT.PERP,LONG,0.5443395226858121,1.0,0.0,1.0,-2218.2377991909816,Reward Abuse
"A_d444580218,A_f96ede8d34",PARTIUSDT.PERP,LONG,0.5443395226858121,1.0,0.0,1.0,-2218.2377991909816,Reward Abuse
"A_d444580218,A_f96ede8d34",PIPPINUSDT.PERP,LONG,0.5443395226858121,1.0,0.0,1.0,-2218.2377991909816,Reward Abuse
"A_d444580218,A_f96ede8d34",PIPPINUSDT.PERP,LONG,0.5443395226858121,1.0,0.0,1.0,-2218.2377991909816,Reward Abuse
"A_d444580218,A_f96ede8d34",PIPPINUSDT.PERP,LONG,0.5443395226858121,1.0,0.0,1.0,-2218.2377991909816,Reward Abuse
"A_d444580218,A_f96ede8d34",PORT3USDT.PERP,SHORT,0.5443395226858121,1.0,0.0,1.0,-2218.2377991909816,Reward Abuse
"A_d444580218,A_f96ede8d34",PORT3USDT.PERP,SHORT,0.5443395226858121,1.0,0.0,1.0,-2218.2377991909816,Reward Abuse
"A_d444580218,A_f96ede8d34",PORT3USDT.PERP,SHORT,0.5443395226858121,1.0,0.0,1.0,-2218.2377991909816,Reward Abuse
"A_d444580218,A_f96ede8d34",PORT3USDT.PERP,SHORT,0.5443395226858121,1.0,0.0,1.0,-2218.2377991909816,Reward Abuse
"A_d444580218,A_f96ede8d34",PROVEUSDT.PERP,LONG,0.5443395226858121,1.0,0.0,1.0,-2218.2377991909816,Reward Abuse
"A_d444580218,A_f96ede8d34",PROVEUSDT.PERP,LONG,0.5443395226858121,1.0,0.0,1.0,-2218.2377991909816,Reward Abuse
"A_d444580218,A_f96ede8d34",PROVEUSDT.PERP,LONG,0.5443395226858121,1.0,0.0,1.0,-2218.2377991909816,Reward Abuse
"A_d444580218,A_f96ede8d34",PROVEUSDT.PERP,LONG,0.5443395226858121,1.0,0.0,1.0,-2218.2377991909816,Reward Abuse
"A_d444580218,A_f96ede8d34",PROVEUSDT.PERP,LONG,0.5443395226858121,1.0,0.0,1.0,-2218.2377991909816,Reward Abuse
"A_d444580218,A_f96ede8d34",PROVEUSDT.PERP,LONG,0.5443395226858121,1.0,0.0,1.0,-2218.2377991909816,Reward Abuse
"A_d444580218,A_f96ede8d34",PROVEUSDT.PERP,LONG,0.5443395226858121,1.0,0.0,1.0,-2218.2377991909816,Reward Abuse
"A_d444580218,A_f96ede8d34",PROVEUSDT.PERP,LONG,0.5443395226858121,1.0,0.0,1.0,-2218.2377991909816,Reward Abuse
"A_d444580218,A_f96ede8d34",PROVEUSDT.PERP,LONG,0.5443395226858121,1.0,0.0,1.0,-2218.2377991909816,Reward Abuse
"A_d444580218,A_f96ede8d34",QTUMUSDT.PERP,LONG,0.5443395226858121,1.0,0.0,1.0,-2218.2377991909816,Reward Abuse
"A_d444580218,A_f96ede8d34",QTUMUSDT.PERP,LONG,0.5443395226858121,1.0,0.0,1.0,-2218.2377991909816,Reward Abuse
"A_d444580218,A_f96ede8d34",QTUMUSDT.PERP,LONG,0.5443395226858121,1.0,0.0,1.0,-2218.2377991909816,Reward Abuse
"A_d444580218,A_f96ede8d34",REDUSDT.PERP,LONG,0.5443395226858121,1.0,0.0,1.0,-2218.2377991909816,Reward Abuse
"A_d444580218,A_f96ede8d34",REDUSDT.PERP,LONG,0.5443395226858121,1.0,0.0,1.0,-2218.2377991909816,Reward Abuse
"A_d444580218,A_f96ede8d34",SKATEUSDT.PERP,SHORT,0.5443395226858121,1.0,0.0,1.0,-2218.2377991909816,Reward Abuse
"A_d444580218,A_f96ede8d34",SKATEUSDT.PERP,SHORT,0.5443395226858121,1.0,0.0,1.0,-2218.2377991909816,Reward Abuse
"A_d444580218,A_f96ede8d34",SKATEUSDT.PERP,SHORT,0.5443395226858121,1.0,0.0,1.0,-2218.2377991909816,Reward Abuse
"A_d444580218,A_f96ede8d34",SOMIUSDT.PERP,LONG,0.5443395226858121,1.0,0.0,1.0,-2218.2377991909816,Reward Abuse
"A_d444580218,A_f96ede8d34",SOMIUSDT.PERP,LONG,0.5443395226858121,1.0,0.0,1.0,-2218.2377991909816,Reward Abuse
"A_d444580218,A_f96ede8d34",SOMIUSDT.PERP,LONG,0.5443395226858121,1.0,0.0,1.0,-2218.2377991909816,Reward Abuse
"A_d444580218,A_f96ede8d34",SOMIUSDT.PERP,LONG,0.5443395226858121,1.0,0.0,1.0,-2218.2377991909816,Reward Abuse
"A_d444580218,A_f96ede8d34",SOMIUSDT.PERP,LONG,0.5443395226858121,1.0,0.0,1.0,-2218.2377991909816,Reward Abuse
"A_d444580218,A_f96ede8d34",SOMIUSDT.PERP,LONG,0.5443395226858121,1.0,0.0,1.0,-2218.2377991909816,Reward Abuse
"A_d444580218,A_f96ede8d34",SOMIUSDT.PERP,LONG,0.5443395226858121,1.0,0.0,1.0,-2218.2377991909816,Reward Abuse
"A_d444580218,A_f96ede8d34",SOMIUSDT.PERP,LONG,0.5443395226858121,1.0,0.0,1.0,-2218.2377991909816,Reward Abuse
"A_d444580218,A_f96ede8d34",SOMIUSDT.PERP,LONG,0.5443395226858121,1.0,0.0,1.0,-2218.2377991909816,Reward Abuse
"A_d444580218,A_f96ede8d34",SOMIUSDT.PERP,LONG,0.5443395226858121,1.0,0.0,1.0,-2218.2377991909816,Reward Abuse
"A_d444580218,A_f96ede8d34",SOMIUSDT.PERP,LONG,0.5443395226858121,1.0,0.0,1.0,-2218.2377991909816,Reward Abuse
"A_d444580218,A_f96ede8d34",SOMIUSDT.PERP,LONG,0.5443395226858121,1.0,0.0,1.0,-2218.2377991909816,Reward Abuse
"A_d444580218,A_f96ede8d34",SOMIUSDT.PERP,LONG,0.5443395226858121,1.0,0.0,1.0,-2218.2377991909816,Reward Abuse
"A_d444580218,A_f96ede8d34",SOMIUSDT.PERP,LONG,0.5443395226858121,1.0,0.0,1.0,-2218.2377991909816,Reward Abuse
"A_d444580218,A_f96ede8d34",SOMIUSDT.PERP,LONG,0.5443395226858121,1.0,0.0,1.0,-2218.2377991909816,Reward Abuse
"A_d444580218,A_f96ede8d34",SOMIUSDT.PERP,LONG,0.5443395226858121,1.0,0.0,1.0,-2218.2377991909816,Reward Abuse
"A_d444580218,A_f96ede8d34",SOMIUSDT.PERP,LONG,0.5443395226858121,1.0,0.0,1.0,-2218.2377991909816,Reward Abuse
"A_d444580218,A_f96ede8d34",SOMIUSDT.PERP,LONG,0.5443395226858121,1.0,0.0,1.0,-2218.2377991909816,Reward Abuse
"A_d444580218,A_f96ede8d34",SOMIUSDT.PERP,LONG,0.5443395226858121,1.0,0.0,1.0,-2218.2377991909816,Reward Abuse
"A_d444580218,A_f96ede8d34",SOMIUSDT.PERP,LONG,0.5443395226858121,1.0,0.0,1.0,-2218.2377991909816,Reward Abuse
"A_d444580218,A_f96ede8d34",SOMIUSDT.PERP,LONG,0.5443395226858121,1.0,0.0,1.0,-2218.2377991909816,Reward Abuse
"A_d444580218,A_f96ede8d34",SOMIUSDT.PERP,LONG,0.5443395226858121,1.0,0.0,1.0,-2218.2377991909816,Reward Abuse
"A_d444580218,A_f96ede8d34",SOMIUSDT.PERP,LONG,0.5443395226858121,1.0,0.0,1.0,-2218.2377991909816,Reward Abuse
"A_d444580218,A_f96ede8d34",SOMIUSDT.PERP,LONG,0.5443395226858121,1.0,0.0,1.0,-2218.2377991909816,Reward Abuse
"A_d444580218,A_f96ede8d34",SOMIUSDT.PERP,LONG,0.5443395226858121,1.0,0.0,1.0,-2218.2377991909816,Reward Abuse
"A_d444580218,A_f96ede8d34",SOMIUSDT.PERP,LONG,0.5443395226858121,1.0,0.0,1.0,-2218.2377991909816,Reward Abuse
"A_d444580218,A_f96ede8d34",SOMIUSDT.PERP,LONG,0.5443395226858121,1.0,0.0,1.0,-2218.2377991909816,Reward Abuse
"A_d444580218,A_f96ede8d34",SOMIUSDT.PERP,LONG,0.5443395226858121,1.0,0.0,1.0,-2218.2377991909816,Reward Abuse
"A_d444580218,A_f96ede8d34",SOMIUSDT.PERP,SHORT,0.5443395226858121,1.0,0.0,1.0,-2218.2377991909816,Reward Abuse
"A_d444580218,A_f96ede8d34",SOMIUSDT.PERP,SHORT,0.5443395226858121,1.0,0.0,1.0,-2218.2377991909816,Reward Abuse
"A_d444580218,A_f96ede8d34",SOMIUSDT.PERP,SHORT,0.5443395226858121,1.0,0.0,1.0,-2218.2377991909816,Reward Abuse
"A_d444580218,A_f96ede8d34",SOMIUSDT.PERP,SHORT,0.5443395226858121,1.0,0.0,1.0,-2218.2377991909816,Reward Abuse
"A_d444580218,A_f96ede8d34",SOMIUSDT.PERP,SHORT,0.5443395226858121,1.0,0.0,1.0,-2218.2377991909816,Reward Abuse
"A_d444580218,A_f96ede8d34",SOONUSDT.PERP,LONG,0.5443395226858121,1.0,0.0,1.0,-2218.2377991909816,Reward Abuse
"A_d444580218,A_f96ede8d34",SOONUSDT.PERP,LONG,0.5443395226858121,1.0,0.0,1.0,-2218.2377991909816,Reward Abuse
"A_d444580218,A_f96ede8d34",SQDUSDT.PERP,LONG,0.5443395226858121,1.0,0.0,1.0,-2218.2377991909816,Reward Abuse
"A_d444580218,A_f96ede8d34",SQDUSDT.PERP,LONG,0.5443395226858121,1.0,0.0,1.0,-2218.2377991909816,Reward Abuse
"A_d444580218,A_f96ede8d34",SQDUSDT.PERP,LONG,0.5443395226858121,1.0,0.0,1.0,-2218.2377991909816,Reward Abuse
"A_d444580218,A_f96ede8d34",SQDUSDT.PERP,LONG,0.5443395226858121,1.0,0.0,1.0,-2218.2377991909816,Reward Abuse
"A_d444580218,A_f96ede8d34",SQDUSDT.PERP,LONG,0.5443395226858121,1.0,0.0,1.0,-2218.2377991909816,Reward Abuse
"A_d444580218,A_f96ede8d34",SQDUSDT.PERP,LONG,0.5443395226858121,1.0,0.0,1.0,-2218.2377991909816,Reward Abuse
"A_d444580218,A_f96ede8d34",SQDUSDT.PERP,LONG,0.5443395226858121,1.0,0.0,1.0,-2218.2377991909816,Reward Abuse
"A_d444580218,A_f96ede8d34",SQDUSDT.PERP,LONG,0.5443395226858121,1.0,0.0,1.0,-2218.2377991909816,Reward Abuse
"A_d444580218,A_f96ede8d34",SQDUSDT.PERP,LONG,0.5443395226858121,1.0,0.0,1.0,-2218.2377991909816,Reward Abuse
"A_d444580218,A_f96ede8d34",SQDUSDT.PERP,LONG,0.5443395226858121,1.0,0.0,1.0,-2218.2377991909816,Reward Abuse
"A_d444580218,A_f96ede8d34",SQDUSDT.PERP,LONG,0.5443395226858121,1.0,0.0,1.0,-2218.2377991909816,Reward Abuse
"A_d444580218,A_f96ede8d34",SQDUSDT.PERP,SHORT,0.5443395226858121,1.0,0.0,1.0,-2218.2377991909816,Reward Abuse
"A_d444580218,A_f96ede8d34",SQDUSDT.PERP,SHORT,0.5443395226858121,1.0,0.0,1.0,-2218.2377991909816,Reward Abuse
"A_d444580218,A_f96ede8d34",SQDUSDT.PERP,SHORT,0.5443395226858121,1.0,0.0,1.0,-2218.2377991909816,Reward Abuse
"A_d444580218,A_f96ede8d34",SQDUSDT.PERP,SHORT,0.5443395226858121,1.0,0.0,1.0,-2218.2377991909816,Reward Abuse
"A_d444580218,A_f96ede8d34",SQDUSDT.PERP,SHORT,0.5443395226858121,1.0,0.0,1.0,-2218.2377991909816,Reward Abuse
"A_d444580218,A_f96ede8d34",SQDUSDT.PERP,SHORT,0.5443395226858121,1.0,0.0,1.0,-2218.2377991909816,Reward Abuse
"A_d444580218,A_f96ede8d34",TREEUSDT.PERP,SHORT,0.5443395226858121,1.0,0.0,1.0,-2218.2377991909816,Reward Abuse
"A_d444580218,A_f96ede8d34",TREEUSDT.PERP,SHORT,0.5443395226858121,1.0,0.0,1.0,-2218.2377991909816,Reward Abuse
"A_d444580218,A_f96ede8d34",TREEUSDT.PERP,SHORT,0.5443395226858121,1.0,0.0,1.0,-2218.2377991909816,Reward Abuse
"A_d444580218,A_f96ede8d34",TURTLEUSDT.PERP,LONG,0.5443395226858121,1.0,0.0,1.0,-2218.2377991909816,Reward Abuse
"A_d444580218,A_f96ede8d34",TURTLEUSDT.PERP,LONG,0.5443395226858121,1.0,0.0,1.0,-2218.2377991909816,Reward Abuse
"A_d444580218,A_f96ede8d34",TURTLEUSDT.PERP,LONG,0.5443395226858121,1.0,0.0,1.0,-2218.2377991909816,Reward Abuse
"A_d444580218,A_f96ede8d34",TURTLEUSDT.PERP,LONG,0.5443395226858121,1.0,0.0,1.0,-2218.2377991909816,Reward Abuse
"A_d444580218,A_f96ede8d34",TURTLEUSDT.PERP,LONG,0.5443395226858121,1.0,0.0,1.0,-2218.2377991909816,Reward Abuse
"A_d444580218,A_f96ede8d34",TURTLEUSDT.PERP,LONG,0.5443395226858121,1.0,0.0,1.0,-2218.2377991909816,Reward Abuse
"A_d444580218,A_f96ede8d34",TURTLEUSDT.PERP,SHORT,0.5443395226858121,1.0,0.0,1.0,-2218.2377991909816,Reward Abuse
"A_d444580218,A_f96ede8d34",TURTLEUSDT.PERP,SHORT,0.5443395226858121,1.0,0.0,1.0,-2218.2377991909816,Reward Abuse
"A_d444580218,A_f96ede8d34",TURTLEUSDT.PERP,SHORT,0.5443395226858121,1.0,0.0,1.0,-2218.2377991909816,Reward Abuse
"A_d444580218,A_f96ede8d34",TURTLEUSDT.PERP,SHORT,0.5443395226858121,1.0,0.0,1.0,-2218.2377991909816,Reward Abuse
"A_d444580218,A_f96ede8d34",TURTLEUSDT.PERP,SHORT,0.5443395226858121,1.0,0.0,1.0,-2218.2377991909816,Reward Abuse
"A_d444580218,A_f96ede8d34",TURTLEUSDT.PERP,SHORT,0.5443395226858121,1.0,0.0,1.0,-2218.2377991909816,Reward Abuse
"A_d444580218,A_f96ede8d34",TURTLEUSDT.PERP,SHORT,0.5443395226858121,1.0,0.0,1.0,-2218.2377991909816,Reward Abuse
"A_d444580218,A_f96ede8d34",TURTLEUSDT.PERP,SHORT,0.5443395226858121,1.0,0.0,1.0,-2218.2377991909816,Reward Abuse
"A_d444580218,A_f96ede8d34",TURTLEUSDT.PERP,SHORT,0.5443395226858121,1.0,0.0,1.0,-2218.2377991909816,Reward Abuse
"A_d444580218,A_f96ede8d34",VELODROMEUSDT.PERP,LONG,0.5443395226858121,1.0,0.0,1.0,-2218.2377991909816,Reward Abuse
"A_d444580218,A_f96ede8d34",VELODROMEUSDT.PERP,LONG,0.5443395226858121,1.0,0.0,1.0,-2218.2377991909816,Reward Abuse
"A_d444580218,A_f96ede8d34",ZEREBROUSDT.PERP,LONG,0.5443395226858121,1.0,0.0,1.0,-2218.2377991909816,Reward Abuse
"A_d444580218,A_f96ede8d34",ZEREBROUSDT.PERP,LONG,0.5443395226858121,1.0,0.0,1.0,-2218.2377991909816,Reward Abuse
"A_d444580218,A_f96ede8d34",ZEREBROUSDT.PERP,LONG,0.5443395226858121,1.0,0.0,1.0,-2218.2377991909816,Reward Abuse
"A_d444580218,A_f96ede8d34",ZEREBROUSDT.PERP,SHORT,0.5443395226858121,1.0,0.0,1.0,-2218.2377991909816,Reward Abuse
"A_d444580218,A_f96ede8d34",ZEREBROUSDT.PERP,SHORT,0.5443395226858121,1.0,0.0,1.0,-2218.2377991909816,Reward Abuse
"A_d444580218,A_f96ede8d34",ZEREBROUSDT.PERP,SHORT,0.5443395226858121,1.0,0.0,1.0,-2218.2377991909816,Reward Abuse
"A_d444580218,A_f96ede8d34",ZEREBROUSDT.PERP,SHORT,0.5443395226858121,1.0,0.0,1.0,-2218.2377991909816,Reward Abuse
"A_d444580218,A_f96ede8d34",ZEREBROUSDT.PERP,SHORT,0.5443395226858121,1.0,0.0,1.0,-2218.2377991909816,Reward Abuse
"A_d444580218,A_f96ede8d34",ZEREBROUSDT.PERP,SHORT,0.5443395226858121,1.0,0.0,1.0,-2218.2377991909816,Reward Abuse
"A_d444580218,A_f96ede8d34",ZEREBROUSDT.PERP,SHORT,0.5443395226858121,1.0,0.0,1.0,-2218.2377991909816,Reward Abuse
"A_d444580218,A_f96ede8d34",ZEREBROUSDT.PERP,SHORT,0.5443395226858121,1.0,0.0,1.0,-2218.2377991909816,Reward Abuse
"A_d444580218,A_f96ede8d34",ZKCUSDT.PERP,LONG,0.5443395226858121,1.0,0.0,1.0,-2218.2377991909816,Reward Abuse
"A_d444580218,A_f96ede8d34",ZKCUSDT.PERP,LONG,0.5443395226858121,1.0,0.0,1.0,-2218.2377991909816,Reward Abuse
"A_d444580218,A_f96ede8d34",ZKCUSDT.PERP,LONG,0.5443395226858121,1.0,0.0,1.0,-2218.2377991909816,Reward Abuse
"A_d444580218,A_f96ede8d34",ZKCUSDT.PERP,LONG,0.5443395226858121,1.0,0.0,1.0,-2218.2377991909816,Reward Abuse
"A_d444580218,A_f96ede8d34",ZKCUSDT.PERP,LONG,0.5443395226858121,1.0,0.0,1.0,-2218.2377991909816,Reward Abuse
"A_d444580218,A_f96ede8d34",ZKCUSDT.PERP,LONG,0.5443395226858121,1.0,0.0,1.0,-2218.2377991909816,Reward Abuse
"A_d444580218,A_f96ede8d34",ZORAUSDT.PERP,LONG,0.5443395226858121,1.0,0.0,1.0,-2218.2377991909816,Reward Abuse
"A_d444580218,A_f96ede8d34",ZORAUSDT.PERP,LONG,0.5443395226858121,1.0,0.0,1.0,-2218.2377991909816,Reward Abuse
"A_d444580218,A_f96ede8d34",ZORAUSDT.PERP,LONG,0.5443395226858121,1.0,0.0,1.0,-2218.2377991909816,Reward Abuse
"A_d444580218,A_f96ede8d34",ZORAUSDT.PERP,LONG,0.5443395226858121,1.0,0.0,1.0,-2218.2377991909816,Reward Abuse
"A_d444580218,A_f96ede8d34",ZORAUSDT.PERP,LONG,0.5443395226858121,1.0,0.0,1.0,-2218.2377991909816,Reward Abuse
"A_d444580218,A_f96ede8d34",ZORAUSDT.PERP,LONG,0.5443395226858121,1.0,0.0,1.0,-2218.2377991909816,Reward Abuse
"A_d444580218,A_f96ede8d34",ZORAUSDT.PERP,LONG,0.5443395226858121,1.0,0.0,1.0,-2218.2377991909816,Reward Abuse
"A_d444580218,A_f96ede8d34",ZORAUSDT.PERP,LONG,0.5443395226858121,1.0,0.0,1.0,-2218.2377991909816,Reward Abuse
"A_d444580218,A_f96ede8d34",ZORAUSDT.PERP,LONG,0.5443395226858121,1.0,0.0,1.0,-2218.2377991909816,Reward Abuse
"A_d444580218,A_f96ede8d34",ZORAUSDT.PERP,LONG,0.5443395226858121,1.0,0.0,1.0,-2218.2377991909816,Reward Abuse
"A_d444580218,A_f96ede8d34",ZORAUSDT.PERP,LONG,0.5443395226858121,1.0,0.0,1.0,-2218.2377991909816,Reward Abuse
"A_d444580218,A_f96ede8d34",ZORAUSDT.PERP,LONG,0.5443395226858121,1.0,0.0,1.0,-2218.2377991909816,Reward Abuse
"A_d444580218,A_f96ede8d34",ZORAUSDT.PERP,LONG,0.5443395226858121,1.0,0.0,1.0,-2218.2377991909816,Reward Abuse
"A_d444580218,A_f96ede8d34",ZORAUSDT.PERP,LONG,0.5443395226858121,1.0,0.0,1.0,-2218.2377991909816,Reward Abuse
"A_0ad0445c5a,A_d444580218,A_f96ede8d34",2ZUSDT.PERP,SHORT,0.5154695322908958,0.6666666666666666,0.0,1.0,-3097.929148865567,Reward Abuse
"A_0ad0445c5a,A_d444580218,A_f96ede8d34",2ZUSDT.PERP,SHORT,0.5154695322908958,0.6666666666666666,0.0,1.0,-3097.929148865567,Reward Abuse
"A_0ad0445c5a,A_d444580218,A_f96ede8d34",2ZUSDT.PERP,SHORT,0.5154695322908958,0.6666666666666666,0.0,1.0,-3097.929148865567,Reward Abuse
"A_0ad0445c5a,A_d444580218,A_f96ede8d34",COMMONUSDT.PERP,LONG,0.5154695322908958,0.6666666666666666,0.0,1.0,-3097.929148865567,Reward Abuse
"A_0ad0445c5a,A_d444580218,A_f96ede8d34",COMMONUSDT.PERP,LONG,0.5154695322908958,0.6666666666666666,0.0,1.0,-3097.929148865567,Reward Abuse
"A_0ad0445c5a,A_d444580218,A_f96ede8d34",COMMONUSDT.PERP,LONG,0.5154695322908958,0.6666666666666666,0.0,1.0,-3097.929148865567,Reward Abuse
"A_0ad0445c5a,A_d444580218,A_f96ede8d34",COMMONUSDT.PERP,LONG,0.5154695322908958,0.6666666666666666,0.0,1.0,-3097.929148865567,Reward Abuse
"A_0ad0445c5a,A_d444580218,A_f96ede8d34",RDNTUSDT.PERP,SHORT,0.5154695322908958,0.6666666666666666,0.0,1.0,-3097.929148865567,Reward Abuse
"A_0ad0445c5a,A_d444580218,A_f96ede8d34",RDNTUSDT.PERP,SHORT,0.5154695322908958,0.6666666666666666,0.0,1.0,-3097.929148865567,Reward Abuse
"A_0ad0445c5a,A_d444580218,A_f96ede8d34",RDNTUSDT.PERP,SHORT,0.5154695322908958,0.6666666666666666,0.0,1.0,-3097.929148865567,Reward Abuse
"A_0ad0445c5a,A_d444580218,A_f96ede8d34",RDNTUSDT.PERP,SHORT,0.5154695322908958,0.6666666666666666,0.0,1.0,-3097.929148865567,Reward Abuse
"A_0ad0445c5a,A_d444580218,A_f96ede8d34",TANSSIUSDT.PERP,SHORT,0.5154695322908958,0.6666666666666666,0.0,1.0,-3097.929148865567,Reward Abuse
"A_0ad0445c5a,A_d444580218,A_f96ede8d34",TANSSIUSDT.PERP,SHORT,0.5154695322908958,0.6666666666666666,0.0,1.0,-3097.929148865567,Reward Abuse
"A_0ad0445c5a,A_d444580218,A_f96ede8d34",TANSSIUSDT.PERP,SHORT,0.5154695322908958,0.6666666666666666,0.0,1.0,-3097.929148865567,Reward Abuse
"A_0ad0445c5a,A_d444580218,A_f96ede8d34",TANSSIUSDT.PERP,SHORT,0.5154695322908958,0.6666666666666666,0.0,1.0,-3097.929148865567,Reward Abuse
"A_0bfb0b4311,A_4081f88bb0,A_89cf7b96c2,A_cab220ef3c",BTCUSDT.PERP,LONG,0.46145357872777926,0.25,0.5,0.5,79784705.3721878,Reward Abuse
"A_0e72128b0d,A_7e27164ab6,A_cab220ef3c",BTCUSDT.PERP,LONG,0.448802865624229,0.3333333333333333,0.3333333333333333,0.6666666666666666,103702953.07612747,Reward Abuse
"A_60a63690ae,A_cab220ef3c,A_f2ab53d645",BTCUSDT.PERP,LONG,0.448802865624229,0.3333333333333333,0.3333333333333333,0.6666666666666666,46661513.52005545,Reward Abuse
"A_60a63690ae,A_cab220ef3c,A_f2ab53d645",BTCUSDT.PERP,LONG,0.448802865624229,0.3333333333333333,0.3333333333333333,0.6666666666666666,46661513.52005545,Reward Abuse
"A_60a63690ae,A_cab220ef3c,A_f2ab53d645",BTCUSDT.PERP,LONG,0.448802865624229,0.3333333333333333,0.3333333333333333,0.6666666666666666,46661513.52005545,Reward Abuse
"A_60a63690ae,A_cab220ef3c,A_f2ab53d645",BTCUSDT.PERP,LONG,0.448802865624229,0.3333333333333333,0.3333333333333333,0.6666666666666666,46661513.52005545,Reward Abuse
"A_2db64f326b,A_d444580218,A_f96ede8d34",MERLUSDT.PERP,LONG,0.448802865624229,0.6666666666666666,0.0,0.6666666666666666,12861171.60442881,Reward Abuse
"A_2db64f326b,A_d444580218,A_f96ede8d34",MERLUSDT.PERP,LONG,0.448802865624229,0.6666666666666666,0.0,0.6666666666666666,12861171.60442881,Reward Abuse
"A_26ffea8fd9,A_7e27164ab6",BTCUSDT.PERP,LONG,0.4443395226858121,0.5,0.0,1.0,55548891.82083972,Reward Abuse
"A_26ffea8fd9,A_7e27164ab6",BTCUSDT.PERP,LONG,0.4443395226858121,0.5,0.0,1.0,55548891.82083972,Reward Abuse
"A_0bfb0b4311,A_cab220ef3c",BTCUSDT.PERP,LONG,0.4443395226858121,0.5,0.5,0.5,51129412.89010488,Reward Abuse
"A_0bfb0b4311,A_cab220ef3c",BTCUSDT.PERP,LONG,0.4443395226858121,0.5,0.5,0.5,51129412.89010488,Reward Abuse
"A_0bfb0b4311,A_cab220ef3c",BTCUSDT.PERP,LONG,0.4443395226858121,0.5,0.5,0.5,51129412.89010488,Reward Abuse
"A_0bfb0b4311,A_cab220ef3c",BTCUSDT.PERP,LONG,0.4443395226858121,0.5,0.5,0.5,51129412.89010488,Reward Abuse
"A_0bfb0b4311,A_cab220ef3c",BTCUSDT.PERP,LONG,0.4443395226858121,0.5,0.5,0.5,51129412.89010488,Reward Abuse
"A_0bfb0b4311,A_cab220ef3c",BTCUSDT.PERP,LONG,0.4443395226858121,0.5,0.5,0.5,51129412.89010488,Reward Abuse
"A_0bfb0b4311,A_cab220ef3c",BTCUSDT.PERP,LONG,0.4443395226858121,0.5,0.5,0.5,51129412.89010488,Reward Abuse
"A_0bfb0b4311,A_cab220ef3c",BTCUSDT.PERP,LONG,0.4443395226858121,0.5,0.5,0.5,51129412.89010488,Reward Abuse
"A_0bfb0b4311,A_cab220ef3c",BTCUSDT.PERP,LONG,0.4443395226858121,0.5,0.5,0.5,51129412.89010488,Reward Abuse
"A_0bfb0b4311,A_cab220ef3c",BTCUSDT.PERP,LONG,0.4443395226858121,0.5,0.5,0.5,51129412.89010488,Reward Abuse
"A_0bfb0b4311,A_cab220ef3c",BTCUSDT.PERP,LONG,0.4443395226858121,0.5,0.5,0.5,51129412.89010488,Reward Abuse
"A_0bfb0b4311,A_cab220ef3c",BTCUSDT.PERP,LONG,0.4443395226858121,0.5,0.5,0.5,51129412.89010488,Reward Abuse
"A_0bfb0b4311,A_cab220ef3c",BTCUSDT.PERP,SHORT,0.4443395226858121,0.5,0.5,0.5,51129412.89010488,Reward Abuse
"A_0bfb0b4311,A_cab220ef3c",BTCUSDT.PERP,SHORT,0.4443395226858121,0.5,0.5,0.5,51129412.89010488,Reward Abuse
"A_0bfb0b4311,A_cab220ef3c",BTCUSDT.PERP,SHORT,0.4443395226858121,0.5,0.5,0.5,51129412.89010488,Reward Abuse
"A_0bfb0b4311,A_cab220ef3c",BTCUSDT.PERP,SHORT,0.4443395226858121,0.5,0.5,0.5,51129412.89010488,Reward Abuse
"A_0bfb0b4311,A_cab220ef3c",BTCUSDT.PERP,SHORT,0.4443395226858121,0.5,0.5,0.5,51129412.89010488,Reward Abuse
"A_0bfb0b4311,A_cab220ef3c",BTCUSDT.PERP,SHORT,0.4443395226858121,0.5,0.5,0.5,51129412.89010488,Reward Abuse
"A_0bfb0b4311,A_cab220ef3c",BTCUSDT.PERP,SHORT,0.4443395226858121,0.5,0.5,0.5,51129412.89010488,Reward Abuse
"A_0bfb0b4311,A_cab220ef3c",BTCUSDT.PERP,SHORT,0.4443395226858121,0.5,0.5,0.5,51129412.89010488,Reward Abuse
"A_0bfb0b4311,A_cab220ef3c",BTCUSDT.PERP,SHORT,0.4443395226858121,0.5,0.5,0.5,51129412.89010488,Reward Abuse
"A_0bfb0b4311,A_cab220ef3c",BTCUSDT.PERP,SHORT,0.4443395226858121,0.5,0.5,0.5,51129412.89010488,Reward Abuse
"A_0bfb0b4311,A_cab220ef3c",BTCUSDT.PERP,SHORT,0.4443395226858121,0.5,0.5,0.5,51129412.89010488,Reward Abuse
"A_0bfb0b4311,A_cab220ef3c",BTCUSDT.PERP,SHORT,0.4443395226858121,0.5,0.5,0.5,51129412.89010488,Reward Abuse
"A_0bfb0b4311,A_cab220ef3c",BTCUSDT.PERP,SHORT,0.4443395226858121,0.5,0.5,0.5,51129412.89010488,Reward Abuse
"A_0bfb0b4311,A_cab220ef3c",BTCUSDT.PERP,SHORT,0.4443395226858121,0.5,0.5,0.5,51129412.89010488,Reward Abuse
"A_0bfb0b4311,A_cab220ef3c",BTCUSDT.PERP,SHORT,0.4443395226858121,0.5,0.5,0.5,51129412.89010488,Reward Abuse
"A_c668740478,A_cab220ef3c",BTCUSDT.PERP,SHORT,0.4443395226858121,0.5,0.5,0.5,49067978.9522193,Reward Abuse
"A_c668740478,A_cab220ef3c",BTCUSDT.PERP,SHORT,0.4443395226858121,0.5,0.5,0.5,49067978.9522193,Reward Abuse
"A_c668740478,A_cab220ef3c",BTCUSDT.PERP,SHORT,0.4443395226858121,0.5,0.5,0.5,49067978.9522193,Reward Abuse
"A_cab220ef3c,A_cf3fcea289",BROCCOLIF3BUSDT.PERP,SHORT,0.4443395226858121,0.5,0.0,1.0,48335977.860935144,Reward Abuse
"A_cab220ef3c,A_cf3fcea289",BROCCOLIF3BUSDT.PERP,SHORT,0.4443395226858121,0.5,0.0,1.0,48335977.860935144,Reward Abuse
"A_1b6957bd93,A_cab220ef3c",BTCUSDT.PERP,SHORT,0.4443395226858121,0.5,0.5,0.5,47940656.23224739,Reward Abuse
"A_1b6957bd93,A_cab220ef3c",BTCUSDT.PERP,SHORT,0.4443395226858121,0.5,0.5,0.5,47940656.23224739,Reward Abuse
"A_7e27164ab6,A_9788666227",BTCUSDT.PERP,LONG,0.4443395226858121,0.5,0.5,0.5,47539112.89208899,Reward Abuse
"A_60a63690ae,A_cab220ef3c",BTCUSDT.PERP,LONG,0.4443395226858121,0.5,0.5,0.5,47215359.37028509,Reward Abuse
"A_60a63690ae,A_cab220ef3c",BTCUSDT.PERP,LONG,0.4443395226858121,0.5,0.5,0.5,47215359.37028509,Reward Abuse
"A_60a63690ae,A_cab220ef3c",BTCUSDT.PERP,LONG,0.4443395226858121,0.5,0.5,0.5,47215359.37028509,Reward Abuse
"A_60a63690ae,A_cab220ef3c",BTCUSDT.PERP,LONG,0.4443395226858121,0.5,0.5,0.5,47215359.37028509,Reward Abuse
"A_60a63690ae,A_cab220ef3c",BTCUSDT.PERP,SHORT,0.4443395226858121,0.5,0.5,0.5,47215359.37028509,Reward Abuse
"A_60a63690ae,A_cab220ef3c",BTCUSDT.PERP,SHORT,0.4443395226858121,0.5,0.5,0.5,47215359.37028509,Reward Abuse
"A_60a63690ae,A_cab220ef3c",BTCUSDT.PERP,SHORT,0.4443395226858121,0.5,0.5,0.5,47215359.37028509,Reward Abuse
"A_60a63690ae,A_cab220ef3c",BTCUSDT.PERP,SHORT,0.4443395226858121,0.5,0.5,0.5,47215359.37028509,Reward Abuse
"A_60a63690ae,A_cab220ef3c",BTCUSDT.PERP,SHORT,0.4443395226858121,0.5,0.5,0.5,47215359.37028509,Reward Abuse
"A_60a63690ae,A_cab220ef3c",BTCUSDT.PERP,SHORT,0.4443395226858121,0.5,0.5,0.5,47215359.37028509,Reward Abuse
"A_3cab2969e5,A_cab220ef3c",BTCUSDT.PERP,SHORT,0.4443395226858121,0.5,0.5,0.5,47147062.123548135,Reward Abuse
"A_89cf7b96c2,A_cab220ef3c",BTCUSDT.PERP,LONG,0.4443395226858121,0.5,0.5,0.5,47141578.66278855,Reward Abuse
"A_89cf7b96c2,A_cab220ef3c",BTCUSDT.PERP,LONG,0.4443395226858121,0.5,0.5,0.5,47141578.66278855,Reward Abuse
"A_cab220ef3c,A_ebdb869fd3",BTCUSDT.PERP,SHORT,0.4443395226858121,0.5,0.5,0.5,47140401.988549985,Reward Abuse
"A_cab220ef3c,A_ebdb869fd3",BTCUSDT.PERP,SHORT,0.4443395226858121,0.5,0.5,0.5,47140401.988549985,Reward Abuse
"A_cab220ef3c,A_e27beda014",BTCUSDT.PERP,SHORT,0.4443395226858121,0.5,0.5,0.5,47140336.967714325,Reward Abuse
"A_cab220ef3c,A_e27beda014",BTCUSDT.PERP,SHORT,0.4443395226858121,0.5,0.5,0.5,47140336.967714325,Reward Abuse
"A_cab220ef3c,A_e27beda014",BTCUSDT.PERP,SHORT,0.4443395226858121,0.5,0.5,0.5,47140336.967714325,Reward Abuse
"A_cab220ef3c,A_e27beda014",BTCUSDT.PERP,SHORT,0.4443395226858121,0.5,0.5,0.5,47140336.967714325,Reward Abuse
"A_cab220ef3c,A_e27beda014",BTCUSDT.PERP,SHORT,0.4443395226858121,0.5,0.5,0.5,47140336.967714325,Reward Abuse
"A_6960c2ee08,A_cab220ef3c",BTCUSDT.PERP,LONG,0.4443395226858121,0.5,0.5,0.5,47140333.88086595,Reward Abuse
"A_6960c2ee08,A_cab220ef3c",BTCUSDT.PERP,LONG,0.4443395226858121,0.5,0.5,0.5,47140333.88086595,Reward Abuse
"A_6960c2ee08,A_cab220ef3c",BTCUSDT.PERP,LONG,0.4443395226858121,0.5,0.5,0.5,47140333.88086595,Reward Abuse
"A_6960c2ee08,A_cab220ef3c",BTCUSDT.PERP,LONG,0.4443395226858121,0.5,0.5,0.5,47140333.88086595,Reward Abuse
"A_6960c2ee08,A_cab220ef3c",BTCUSDT.PERP,LONG,0.4443395226858121,0.5,0.5,0.5,47140333.88086595,Reward Abuse
"A_6960c2ee08,A_cab220ef3c",BTCUSDT.PERP,LONG,0.4443395226858121,0.5,0.5,0.5,47140333.88086595,Reward Abuse
"A_6960c2ee08,A_cab220ef3c",BTCUSDT.PERP,SHORT,0.4443395226858121,0.5,0.5,0.5,47140333.88086595,Reward Abuse
"A_4943ad62b4,A_cab220ef3c",BTCUSDT.PERP,LONG,0.4443395226858121,0.5,0.5,0.5,47140249.259573154,Reward Abuse
"A_4943ad62b4,A_cab220ef3c",BTCUSDT.PERP,SHORT,0.4443395226858121,0.5,0.5,0.5,47140249.259573154,Reward Abuse
"A_3943c4c480,A_cab220ef3c",BTCUSDT.PERP,LONG,0.4443395226858121,0.5,0.5,0.5,47140137.38089282,Reward Abuse
"A_3943c4c480,A_cab220ef3c",BTCUSDT.PERP,LONG,0.4443395226858121,0.5,0.5,0.5,47140137.38089282,Reward Abuse
"A_3943c4c480,A_cab220ef3c",BTCUSDT.PERP,LONG,0.4443395226858121,0.5,0.5,0.5,47140137.38089282,Reward Abuse
"A_3943c4c480,A_cab220ef3c",BTCUSDT.PERP,LONG,0.4443395226858121,0.5,0.5,0.5,47140137.38089282,Reward Abuse
"A_3943c4c480,A_cab220ef3c",BTCUSDT.PERP,LONG,0.4443395226858121,0.5,0.5,0.5,47140137.38089282,Reward Abuse
"A_3943c4c480,A_cab220ef3c",BTCUSDT.PERP,LONG,0.4443395226858121,0.5,0.5,0.5,47140137.38089282,Reward Abuse
"A_3943c4c480,A_cab220ef3c",BTCUSDT.PERP,LONG,0.4443395226858121,0.5,0.5,0.5,47140137.38089282,Reward Abuse
"A_3943c4c480,A_cab220ef3c",BTCUSDT.PERP,LONG,0.4443395226858121,0.5,0.5,0.5,47140137.38089282,Reward Abuse
"A_3943c4c480,A_cab220ef3c",BTCUSDT.PERP,LONG,0.4443395226858121,0.5,0.5,0.5,47140137.38089282,Reward Abuse
"A_3943c4c480,A_cab220ef3c",BTCUSDT.PERP,SHORT,0.4443395226858121,0.5,0.5,0.5,47140137.38089282,Reward Abuse
"A_3943c4c480,A_cab220ef3c",BTCUSDT.PERP,SHORT,0.4443395226858121,0.5,0.5,0.5,47140137.38089282,Reward Abuse
"A_3943c4c480,A_cab220ef3c",BTCUSDT.PERP,SHORT,0.4443395226858121,0.5,0.5,0.5,47140137.38089282,Reward Abuse
"A_3943c4c480,A_cab220ef3c",BTCUSDT.PERP,SHORT,0.4443395226858121,0.5,0.5,0.5,47140137.38089282,Reward Abuse
"A_3943c4c480,A_cab220ef3c",BTCUSDT.PERP,SHORT,0.4443395226858121,0.5,0.5,0.5,47140137.38089282,Reward Abuse
"A_3943c4c480,A_cab220ef3c",BTCUSDT.PERP,SHORT,0.4443395226858121,0.5,0.5,0.5,47140137.38089282,Reward Abuse
"A_3943c4c480,A_cab220ef3c",BTCUSDT.PERP,SHORT,0.4443395226858121,0.5,0.5,0.5,47140137.38089282,Reward Abuse
"A_3943c4c480,A_cab220ef3c",BTCUSDT.PERP,SHORT,0.4443395226858121,0.5,0.5,0.5,47140137.38089282,Reward Abuse
"A_3943c4c480,A_cab220ef3c",BTCUSDT.PERP,SHORT,0.4443395226858121,0.5,0.5,0.5,47140137.38089282,Reward Abuse
"A_3943c4c480,A_cab220ef3c",BTCUSDT.PERP,SHORT,0.4443395226858121,0.5,0.5,0.5,47140137.38089282,Reward Abuse
"A_3943c4c480,A_cab220ef3c",BTCUSDT.PERP,SHORT,0.4443395226858121,0.5,0.5,0.5,47140137.38089282,Reward Abuse
"A_9366ce5043,A_cab220ef3c",BTCUSDT.PERP,LONG,0.4443395226858121,0.5,0.5,0.5,47140053.85074556,Reward Abuse
"A_9366ce5043,A_cab220ef3c",BTCUSDT.PERP,LONG,0.4443395226858121,0.5,0.5,0.5,47140053.85074556,Reward Abuse
"A_853f70d58b,A_cab220ef3c",BTCUSDT.PERP,LONG,0.4443395226858121,0.5,0.5,0.5,47139419.3739704,Reward Abuse
"A_853f70d58b,A_cab220ef3c",BTCUSDT.PERP,SHORT,0.4443395226858121,0.5,0.5,0.5,47139419.3739704,Reward Abuse
"A_853f70d58b,A_cab220ef3c",BTCUSDT.PERP,SHORT,0.4443395226858121,0.5,0.5,0.5,47139419.3739704,Reward Abuse
"A_ace0a74506,A_cab220ef3c",BTCUSDT.PERP,LONG,0.4443395226858121,0.5,0.5,0.5,47137301.798914894,Reward Abuse
"A_ace0a74506,A_cab220ef3c",BTCUSDT.PERP,LONG,0.4443395226858121,0.5,0.5,0.5,47137301.798914894,Reward Abuse
"A_ace0a74506,A_cab220ef3c",BTCUSDT.PERP,LONG,0.4443395226858121,0.5,0.5,0.5,47137301.798914894,Reward Abuse
"A_ace0a74506,A_cab220ef3c",BTCUSDT.PERP,LONG,0.4443395226858121,0.5,0.5,0.5,47137301.798914894,Reward Abuse
"A_ace0a74506,A_cab220ef3c",BTCUSDT.PERP,LONG,0.4443395226858121,0.5,0.5,0.5,47137301.798914894,Reward Abuse
"A_ace0a74506,A_cab220ef3c",BTCUSDT.PERP,LONG,0.4443395226858121,0.5,0.5,0.5,47137301.798914894,Reward Abuse
"A_ace0a74506,A_cab220ef3c",BTCUSDT.PERP,LONG,0.4443395226858121,0.5,0.5,0.5,47137301.798914894,Reward Abuse
"A_ace0a74506,A_cab220ef3c",BTCUSDT.PERP,LONG,0.4443395226858121,0.5,0.5,0.5,47137301.798914894,Reward Abuse
"A_ace0a74506,A_cab220ef3c",BTCUSDT.PERP,LONG,0.4443395226858121,0.5,0.5,0.5,47137301.798914894,Reward Abuse
"A_ace0a74506,A_cab220ef3c",BTCUSDT.PERP,LONG,0.4443395226858121,0.5,0.5,0.5,47137301.798914894,Reward Abuse
"A_ace0a74506,A_cab220ef3c",BTCUSDT.PERP,LONG,0.4443395226858121,0.5,0.5,0.5,47137301.798914894,Reward Abuse
"A_2ba62f7b20,A_cab220ef3c",BTCUSDT.PERP,LONG,0.4443395226858121,0.5,0.5,0.5,47092307.38779345,Reward Abuse
"A_2ba62f7b20,A_cab220ef3c",BTCUSDT.PERP,LONG,0.4443395226858121,0.5,0.5,0.5,47092307.38779345,Reward Abuse
"A_2ba62f7b20,A_cab220ef3c",BTCUSDT.PERP,LONG,0.4443395226858121,0.5,0.5,0.5,47092307.38779345,Reward Abuse
"A_2ba62f7b20,A_cab220ef3c",BTCUSDT.PERP,LONG,0.4443395226858121,0.5,0.5,0.5,47092307.38779345,Reward Abuse
"A_2ba62f7b20,A_cab220ef3c",BTCUSDT.PERP,LONG,0.4443395226858121,0.5,0.5,0.5,47092307.38779345,Reward Abuse
"A_2ba62f7b20,A_cab220ef3c",BTCUSDT.PERP,LONG,0.4443395226858121,0.5,0.5,0.5,47092307.38779345,Reward Abuse
"A_2ba62f7b20,A_cab220ef3c",BTCUSDT.PERP,LONG,0.4443395226858121,0.5,0.5,0.5,47092307.38779345,Reward Abuse
"A_2ba62f7b20,A_cab220ef3c",BTCUSDT.PERP,LONG,0.4443395226858121,0.5,0.5,0.5,47092307.38779345,Reward Abuse
"A_2ba62f7b20,A_cab220ef3c",BTCUSDT.PERP,LONG,0.4443395226858121,0.5,0.5,0.5,47092307.38779345,Reward Abuse
"A_2ba62f7b20,A_cab220ef3c",BTCUSDT.PERP,SHORT,0.4443395226858121,0.5,0.5,0.5,47092307.38779345,Reward Abuse
"A_2ba62f7b20,A_cab220ef3c",BTCUSDT.PERP,SHORT,0.4443395226858121,0.5,0.5,0.5,47092307.38779345,Reward Abuse
"A_2ba62f7b20,A_cab220ef3c",BTCUSDT.PERP,SHORT,0.4443395226858121,0.5,0.5,0.5,47092307.38779345,Reward Abuse
"A_2ba62f7b20,A_cab220ef3c",BTCUSDT.PERP,SHORT,0.4443395226858121,0.5,0.5,0.5,47092307.38779345,Reward Abuse
"A_2ba62f7b20,A_cab220ef3c",BTCUSDT.PERP,SHORT,0.4443395226858121,0.5,0.5,0.5,47092307.38779345,Reward Abuse
"A_2ba62f7b20,A_cab220ef3c",BTCUSDT.PERP,SHORT,0.4443395226858121,0.5,0.5,0.5,47092307.38779345,Reward Abuse
"A_2ba62f7b20,A_cab220ef3c",BTCUSDT.PERP,SHORT,0.4443395226858121,0.5,0.5,0.5,47092307.38779345,Reward Abuse
"A_2ba62f7b20,A_cab220ef3c",BTCUSDT.PERP,SHORT,0.4443395226858121,0.5,0.5,0.5,47092307.38779345,Reward Abuse
"A_2ba62f7b20,A_cab220ef3c",BTCUSDT.PERP,SHORT,0.4443395226858121,0.5,0.5,0.5,47092307.38779345,Reward Abuse
"A_2ba62f7b20,A_cab220ef3c",BTCUSDT.PERP,SHORT,0.4443395226858121,0.5,0.5,0.5,47092307.38779345,Reward Abuse
"A_2ba62f7b20,A_cab220ef3c",BTCUSDT.PERP,SHORT,0.4443395226858121,0.5,0.5,0.5,47092307.38779345,Reward Abuse
"A_2ba62f7b20,A_cab220ef3c",BTCUSDT.PERP,SHORT,0.4443395226858121,0.5,0.5,0.5,47092307.38779345,Reward Abuse
"A_68f6513965,A_7e27164ab6",BTCUSDT.PERP,LONG,0.4443395226858121,0.5,0.5,0.5,47091729.646696605,Reward Abuse
"A_78e950c1a2,A_7e27164ab6",BTCUSDT.PERP,LONG,0.4443395226858121,0.5,0.0,1.0,47084003.70523619,Reward Abuse
"A_78e950c1a2,A_7e27164ab6",BTCUSDT.PERP,LONG,0.4443395226858121,0.5,0.0,1.0,47084003.70523619,Reward Abuse
"A_78e950c1a2,A_7e27164ab6",BTCUSDT.PERP,LONG,0.4443395226858121,0.5,0.0,1.0,47084003.70523619,Reward Abuse
"A_59b90616d6,A_cab220ef3c",BTCUSDT.PERP,LONG,0.4443395226858121,0.5,0.5,0.5,46975694.26542423,Reward Abuse
"A_522c68dd44,A_cab220ef3c",BTCUSDT.PERP,LONG,0.4443395226858121,0.5,0.5,0.5,46929725.635731466,Reward Abuse
"A_59b90616d6,A_7e27164ab6",BTCUSDT.PERP,LONG,0.4443395226858121,0.5,0.0,1.0,46919815.99058604,Reward Abuse
"A_59b90616d6,A_7e27164ab6",BTCUSDT.PERP,LONG,0.4443395226858121,0.5,0.0,1.0,46919815.99058604,Reward Abuse
"A_59b90616d6,A_7e27164ab6",BTCUSDT.PERP,LONG,0.4443395226858121,0.5,0.0,1.0,46919815.99058604,Reward Abuse
"A_59b90616d6,A_7e27164ab6",BTCUSDT.PERP,LONG,0.4443395226858121,0.5,0.0,1.0,46919815.99058604,Reward Abuse
"A_507a86d368,A_cab220ef3c",BTCUSDT.PERP,LONG,0.4443395226858121,0.5,0.5,0.5,46721267.76105477,Reward Abuse
"A_507a86d368,A_cab220ef3c",BTCUSDT.PERP,LONG,0.4443395226858121,0.5,0.5,0.5,46721267.76105477,Reward Abuse
"A_507a86d368,A_cab220ef3c",BTCUSDT.PERP,LONG,0.4443395226858121,0.5,0.5,0.5,46721267.76105477,Reward Abuse
"A_7e27164ab6,A_f2ab53d645",BTCUSDT.PERP,LONG,0.4443395226858121,0.5,0.0,1.0,46530272.45236255,Reward Abuse
"A_7e27164ab6,A_f2ab53d645",BTCUSDT.PERP,LONG,0.4443395226858121,0.5,0.0,1.0,46530272.45236255,Reward Abuse
"A_7e27164ab6,A_f2ab53d645",BTCUSDT.PERP,LONG,0.4443395226858121,0.5,0.0,1.0,46530272.45236255,Reward Abuse
"A_7e27164ab6,A_f2ab53d645",BTCUSDT.PERP,LONG,0.4443395226858121,0.5,0.0,1.0,46530272.45236255,Reward Abuse
"A_7e27164ab6,A_f2ab53d645",BTCUSDT.PERP,LONG,0.4443395226858121,0.5,0.0,1.0,46530272.45236255,Reward Abuse
"A_ae270b7bf6,A_cab220ef3c",BTCUSDT.PERP,LONG,0.4443395226858121,0.5,0.5,0.5,45967482.44467859,Reward Abuse
"A_7e27164ab6,A_ae270b7bf6",BTCUSDT.PERP,LONG,0.4443395226858121,0.5,0.0,1.0,45911604.1698404,Reward Abuse
"A_7e27164ab6,A_ae270b7bf6",BTCUSDT.PERP,LONG,0.4443395226858121,0.5,0.0,1.0,45911604.1698404,Reward Abuse
"A_7e27164ab6,A_ae270b7bf6",BTCUSDT.PERP,LONG,0.4443395226858121,0.5,0.0,1.0,45911604.1698404,Reward Abuse
"A_0e72128b0d,A_4081f88bb0",BTCUSDT.PERP,SHORT,0.4443395226858121,0.5,0.5,0.5,38132548.59282965,Reward Abuse
"A_0e72128b0d,A_4081f88bb0",BTCUSDT.PERP,SHORT,0.4443395226858121,0.5,0.5,0.5,38132548.59282965,Reward Abuse
"A_0bfb0b4311,A_4081f88bb0",BTCUSDT.PERP,LONG,0.4443395226858121,0.5,0.5,0.5,32643126.709399253,Reward Abuse
"A_0bfb0b4311,A_4081f88bb0",BTCUSDT.PERP,LONG,0.4443395226858121,0.5,0.5,0.5,32643126.709399253,Reward Abuse
"A_0bfb0b4311,A_4081f88bb0",BTCUSDT.PERP,LONG,0.4443395226858121,0.5,0.5,0.5,32643126.709399253,Reward Abuse
"A_0bfb0b4311,A_4081f88bb0",BTCUSDT.PERP,LONG,0.4443395226858121,0.5,0.5,0.5,32643126.709399253,Reward Abuse
"A_0bfb0b4311,A_4081f88bb0",BTCUSDT.PERP,LONG,0.4443395226858121,0.5,0.5,0.5,32643126.709399253,Reward Abuse
"A_0bfb0b4311,A_4081f88bb0",BTCUSDT.PERP,LONG,0.4443395226858121,0.5,0.5,0.5,32643126.709399253,Reward Abuse
"A_0bfb0b4311,A_4081f88bb0",BTCUSDT.PERP,LONG,0.4443395226858121,0.5,0.5,0.5,32643126.709399253,Reward Abuse
"A_0bfb0b4311,A_4081f88bb0",BTCUSDT.PERP,SHORT,0.4443395226858121,0.5,0.5,0.5,32643126.709399253,Reward Abuse
"A_0bfb0b4311,A_4081f88bb0",BTCUSDT.PERP,SHORT,0.4443395226858121,0.5,0.5,0.5,32643126.709399253,Reward Abuse
"A_4081f88bb0,A_c668740478",BTCUSDT.PERP,LONG,0.4443395226858121,0.5,0.5,0.5,30581692.77151367,Reward Abuse
"A_4081f88bb0,A_c668740478",BTCUSDT.PERP,LONG,0.4443395226858121,0.5,0.5,0.5,30581692.77151367,Reward Abuse
"A_4081f88bb0,A_c668740478",BTCUSDT.PERP,LONG,0.4443395226858121,0.5,0.5,0.5,30581692.77151367,Reward Abuse
"A_4081f88bb0,A_c668740478",BTCUSDT.PERP,LONG,0.4443395226858121,0.5,0.5,0.5,30581692.77151367,Reward Abuse
"A_4081f88bb0,A_c668740478",BTCUSDT.PERP,LONG,0.4443395226858121,0.5,0.5,0.5,30581692.77151367,Reward Abuse
"A_4081f88bb0,A_c668740478",BTCUSDT.PERP,LONG,0.4443395226858121,0.5,0.5,0.5,30581692.77151367,Reward Abuse
"A_4081f88bb0,A_c668740478",BTCUSDT.PERP,LONG,0.4443395226858121,0.5,0.5,0.5,30581692.77151367,Reward Abuse
"A_4081f88bb0,A_c668740478",BTCUSDT.PERP,LONG,0.4443395226858121,0.5,0.5,0.5,30581692.77151367,Reward Abuse
"A_4081f88bb0,A_c668740478",BTCUSDT.PERP,LONG,0.4443395226858121,0.5,0.5,0.5,30581692.77151367,Reward Abuse
"A_4081f88bb0,A_c668740478",BTCUSDT.PERP,LONG,0.4443395226858121,0.5,0.5,0.5,30581692.77151367,Reward Abuse
"A_4081f88bb0,A_c668740478",BTCUSDT.PERP,LONG,0.4443395226858121,0.5,0.5,0.5,30581692.77151367,Reward Abuse
"A_4081f88bb0,A_c668740478",BTCUSDT.PERP,LONG,0.4443395226858121,0.5,0.5,0.5,30581692.77151367,Reward Abuse
"A_4081f88bb0,A_c668740478",BTCUSDT.PERP,LONG,0.4443395226858121,0.5,0.5,0.5,30581692.77151367,Reward Abuse
"A_4081f88bb0,A_c668740478",BTCUSDT.PERP,LONG,0.4443395226858121,0.5,0.5,0.5,30581692.77151367,Reward Abuse
"A_4081f88bb0,A_c668740478",BTCUSDT.PERP,LONG,0.4443395226858121,0.5,0.5,0.5,30581692.77151367,Reward Abuse
"A_4081f88bb0,A_c668740478",BTCUSDT.PERP,LONG,0.4443395226858121,0.5,0.5,0.5,30581692.77151367,Reward Abuse
"A_4081f88bb0,A_c668740478",BTCUSDT.PERP,LONG,0.4443395226858121,0.5,0.5,0.5,30581692.77151367,Reward Abuse
"A_4081f88bb0,A_c668740478",BTCUSDT.PERP,LONG,0.4443395226858121,0.5,0.5,0.5,30581692.77151367,Reward Abuse
"A_4081f88bb0,A_c668740478",BTCUSDT.PERP,LONG,0.4443395226858121,0.5,0.5,0.5,30581692.77151367,Reward Abuse
"A_4081f88bb0,A_c668740478",BTCUSDT.PERP,LONG,0.4443395226858121,0.5,0.5,0.5,30581692.77151367,Reward Abuse
"A_4081f88bb0,A_c668740478",BTCUSDT.PERP,LONG,0.4443395226858121,0.5,0.5,0.5,30581692.77151367,Reward Abuse
"A_4081f88bb0,A_c668740478",BTCUSDT.PERP,LONG,0.4443395226858121,0.5,0.5,0.5,30581692.77151367,Reward Abuse
"A_4081f88bb0,A_c668740478",BTCUSDT.PERP,LONG,0.4443395226858121,0.5,0.5,0.5,30581692.77151367,Reward Abuse
"A_4081f88bb0,A_c668740478",BTCUSDT.PERP,LONG,0.4443395226858121,0.5,0.5,0.5,30581692.77151367,Reward Abuse
"A_4081f88bb0,A_c668740478",BTCUSDT.PERP,LONG,0.4443395226858121,0.5,0.5,0.5,30581692.77151367,Reward Abuse
"A_4081f88bb0,A_c668740478",BTCUSDT.PERP,SHORT,0.4443395226858121,0.5,0.5,0.5,30581692.77151367,Reward Abuse
"A_4081f88bb0,A_c668740478",BTCUSDT.PERP,SHORT,0.4443395226858121,0.5,0.5,0.5,30581692.77151367,Reward Abuse
"A_4081f88bb0,A_e7205c325a",BTCUSDT.PERP,LONG,0.4443395226858121,0.5,0.5,0.5,30052136.42979305,Reward Abuse
"A_27fd29fd55,A_4081f88bb0",BTCUSDT.PERP,LONG,0.4443395226858121,0.5,0.5,0.5,29409204.579173394,Reward Abuse
"A_27fd29fd55,A_4081f88bb0",BTCUSDT.PERP,LONG,0.4443395226858121,0.5,0.5,0.5,29409204.579173394,Reward Abuse
"A_4081f88bb0,A_60a63690ae",BTCUSDT.PERP,LONG,0.4443395226858121,0.5,0.5,0.5,28729073.189579453,Reward Abuse
"A_4081f88bb0,A_89cf7b96c2",BTCUSDT.PERP,LONG,0.4443395226858121,0.5,0.5,0.5,28655292.48208292,Reward Abuse
"A_4081f88bb0,A_89cf7b96c2",BTCUSDT.PERP,LONG,0.4443395226858121,0.5,0.5,0.5,28655292.48208292,Reward Abuse
"A_4081f88bb0,A_89cf7b96c2",BTCUSDT.PERP,LONG,0.4443395226858121,0.5,0.5,0.5,28655292.48208292,Reward Abuse
"A_4081f88bb0,A_89cf7b96c2",BTCUSDT.PERP,LONG,0.4443395226858121,0.5,0.5,0.5,28655292.48208292,Reward Abuse
"A_4081f88bb0,A_89cf7b96c2",BTCUSDT.PERP,LONG,0.4443395226858121,0.5,0.5,0.5,28655292.48208292,Reward Abuse
"A_4081f88bb0,A_89cf7b96c2",BTCUSDT.PERP,LONG,0.4443395226858121,0.5,0.5,0.5,28655292.48208292,Reward Abuse
"A_4081f88bb0,A_ebdb869fd3",BTCUSDT.PERP,LONG,0.4443395226858121,0.5,0.5,0.5,28654115.80784436,Reward Abuse
"A_4081f88bb0,A_ebdb869fd3",BTCUSDT.PERP,SHORT,0.4443395226858121,0.5,0.5,0.5,28654115.80784436,Reward Abuse
"A_4081f88bb0,A_e27beda014",BTCUSDT.PERP,LONG,0.4443395226858121,0.5,0.5,0.5,28654050.787008695,Reward Abuse
"A_4081f88bb0,A_e27beda014",BTCUSDT.PERP,SHORT,0.4443395226858121,0.5,0.5,0.5,28654050.787008695,Reward Abuse
"A_4081f88bb0,A_4943ad62b4",BTCUSDT.PERP,LONG,0.4443395226858121,0.5,0.5,0.5,28653963.07886752,Reward Abuse
"A_4081f88bb0,A_4943ad62b4",BTCUSDT.PERP,LONG,0.4443395226858121,0.5,0.5,0.5,28653963.07886752,Reward Abuse
"A_4081f88bb0,A_4943ad62b4",BTCUSDT.PERP,LONG,0.4443395226858121,0.5,0.5,0.5,28653963.07886752,Reward Abuse
"A_3943c4c480,A_4081f88bb0",BTCUSDT.PERP,LONG,0.4443395226858121,0.5,0.5,0.5,28653851.200187195,Reward Abuse
"A_4081f88bb0,A_9366ce5043",BTCUSDT.PERP,LONG,0.4443395226858121,0.5,0.5,0.5,28653767.67003993,Reward Abuse
"A_4081f88bb0,A_9366ce5043",BTCUSDT.PERP,LONG,0.4443395226858121,0.5,0.5,0.5,28653767.67003993,Reward Abuse
"A_4081f88bb0,A_ace0a74506",BTCUSDT.PERP,LONG,0.4443395226858121,0.5,0.5,0.5,28651015.61820927,Reward Abuse
"A_4081f88bb0,A_b2bc71e131",BTCUSDT.PERP,LONG,0.4443395226858121,0.5,0.5,0.5,28645292.50602531,Reward Abuse
"A_2ba62f7b20,A_4081f88bb0",BTCUSDT.PERP,LONG,0.4443395226858121,0.5,0.5,0.5,28606021.207087822,Reward Abuse
"A_2ba62f7b20,A_4081f88bb0",BTCUSDT.PERP,LONG,0.4443395226858121,0.5,0.5,0.5,28606021.207087822,Reward Abuse
"A_2ba62f7b20,A_4081f88bb0",BTCUSDT.PERP,LONG,0.4443395226858121,0.5,0.5,0.5,28606021.207087822,Reward Abuse
"A_2ba62f7b20,A_4081f88bb0",BTCUSDT.PERP,SHORT,0.4443395226858121,0.5,0.5,0.5,28606021.207087822,Reward Abuse
"A_2ba62f7b20,A_4081f88bb0",BTCUSDT.PERP,SHORT,0.4443395226858121,0.5,0.5,0.5,28606021.207087822,Reward Abuse
"A_2ba62f7b20,A_4081f88bb0",BTCUSDT.PERP,SHORT,0.4443395226858121,0.5,0.5,0.5,28606021.207087822,Reward Abuse
"A_2ba62f7b20,A_4081f88bb0",BTCUSDT.PERP,SHORT,0.4443395226858121,0.5,0.5,0.5,28606021.207087822,Reward Abuse
"A_4081f88bb0,A_59b90616d6",BTCUSDT.PERP,SHORT,0.4443395226858121,0.5,0.5,0.5,28489408.084718604,Reward Abuse
"A_4081f88bb0,A_522c68dd44",ETHUSDT.PERP,LONG,0.4443395226858121,0.5,0.5,0.5,28443439.455025833,Reward Abuse
"A_4081f88bb0,A_507a86d368",BTCUSDT.PERP,SHORT,0.4443395226858121,0.5,0.5,0.5,28234981.580349144,Reward Abuse
"A_4081f88bb0,A_ae270b7bf6",BTCUSDT.PERP,LONG,0.4443395226858121,0.5,0.5,0.5,27481196.26397296,Reward Abuse
"A_33849d660b,A_4081f88bb0",BTCUSDT.PERP,LONG,0.4443395226858121,0.5,0.5,0.5,26856265.95663211,Reward Abuse
"A_33849d660b,A_4081f88bb0",HYPEUSDT.PERP,LONG,0.4443395226858121,0.5,0.5,0.5,26856265.95663211,Reward Abuse
"A_2db64f326b,A_60a63690ae",BTCUSDT.PERP,LONG,0.4443395226858121,0.5,0.5,0.5,12938752.63508271,Reward Abuse
"A_2db64f326b,A_60a63690ae",BTCUSDT.PERP,LONG,0.4443395226858121,0.5,0.5,0.5,12938752.63508271,Reward Abuse
"A_2db64f326b,A_60a63690ae",BTCUSDT.PERP,LONG,0.4443395226858121,0.5,0.5,0.5,12938752.63508271,Reward Abuse
"A_2db64f326b,A_60a63690ae",BTCUSDT.PERP,LONG,0.4443395226858121,0.5,0.5,0.5,12938752.63508271,Reward Abuse
"A_2db64f326b,A_3943c4c480",BTCUSDT.PERP,LONG,0.4443395226858121,0.5,0.5,0.5,12863530.64569045,Reward Abuse
"A_0e72128b0d,A_78e950c1a2",BTCUSDT.PERP,LONG,0.4443395226858121,0.5,0.5,0.5,9478723.59874891,Reward Abuse
"A_0e72128b0d,A_78e950c1a2",BTCUSDT.PERP,LONG,0.4443395226858121,0.5,0.5,0.5,9478723.59874891,Reward Abuse
"A_26ffea8fd9,A_e8e9d04acc",BTCUSDT.PERP,SHORT,0.4443395226858121,0.5,0.5,0.5,8507751.26584408,Reward Abuse
"A_26ffea8fd9,A_78e950c1a2",BTCUSDT.PERP,LONG,0.4443395226858121,0.5,0.5,0.5,8464658.92089153,Reward Abuse
"A_26ffea8fd9,A_78e950c1a2",BTCUSDT.PERP,LONG,0.4443395226858121,0.5,0.5,0.5,8464658.92089153,Reward Abuse
"A_26ffea8fd9,A_78e950c1a2",BTCUSDT.PERP,LONG,0.4443395226858121,0.5,0.5,0.5,8464658.92089153,Reward Abuse
"A_26ffea8fd9,A_78e950c1a2",BTCUSDT.PERP,LONG,0.4443395226858121,0.5,0.5,0.5,8464658.92089153,Reward Abuse
"A_26ffea8fd9,A_78e950c1a2",BTCUSDT.PERP,LONG,0.4443395226858121,0.5,0.5,0.5,8464658.92089153,Reward Abuse
"A_26ffea8fd9,A_59b90616d6",BTCUSDT.PERP,LONG,0.4443395226858121,0.5,0.0,1.0,8300471.206241383,Reward Abuse
"A_26ffea8fd9,A_59b90616d6",BTCUSDT.PERP,LONG,0.4443395226858121,0.5,0.0,1.0,8300471.206241383,Reward Abuse
"A_26ffea8fd9,A_59b90616d6",BTCUSDT.PERP,LONG,0.4443395226858121,0.5,0.0,1.0,8300471.206241383,Reward Abuse
"A_0bfb0b4311,A_9788666227",BTCUSDT.PERP,LONG,0.4443395226858121,0.5,0.5,0.5,4444410.902171308,Reward Abuse
"A_0bfb0b4311,A_9788666227",BTCUSDT.PERP,SHORT,0.4443395226858121,0.5,0.5,0.5,4444410.902171308,Reward Abuse
"A_0bfb0b4311,A_9788666227",BTCUSDT.PERP,SHORT,0.4443395226858121,0.5,0.5,0.5,4444410.902171308,Reward Abuse
"A_0bfb0b4311,A_9788666227",BTCUSDT.PERP,SHORT,0.4443395226858121,0.5,0.5,0.5,4444410.902171308,Reward Abuse
"A_0bfb0b4311,A_9788666227",BTCUSDT.PERP,SHORT,0.4443395226858121,0.5,0.5,0.5,4444410.902171308,Reward Abuse
"A_0bfb0b4311,A_9788666227",BTCUSDT.PERP,SHORT,0.4443395226858121,0.5,0.5,0.5,4444410.902171308,Reward Abuse
"A_0bfb0b4311,A_9788666227",BTCUSDT.PERP,SHORT,0.4443395226858121,0.5,0.5,0.5,4444410.902171308,Reward Abuse
"A_0bfb0b4311,A_e8e9d04acc",BTCUSDT.PERP,LONG,0.4443395226858121,0.5,0.5,0.5,4032394.060271062,Reward Abuse
"A_0bfb0b4311,A_e8e9d04acc",BTCUSDT.PERP,LONG,0.4443395226858121,0.5,0.5,0.5,4032394.060271062,Reward Abuse
"A_0bfb0b4311,A_e8e9d04acc",BTCUSDT.PERP,LONG,0.4443395226858121,0.5,0.5,0.5,4032394.060271062,Reward Abuse
"A_0bfb0b4311,A_e8e9d04acc",BTCUSDT.PERP,LONG,0.4443395226858121,0.5,0.5,0.5,4032394.060271062,Reward Abuse
"A_0bfb0b4311,A_e8e9d04acc",BTCUSDT.PERP,LONG,0.4443395226858121,0.5,0.5,0.5,4032394.060271062,Reward Abuse
"A_0bfb0b4311,A_e8e9d04acc",BTCUSDT.PERP,LONG,0.4443395226858121,0.5,0.5,0.5,4032394.060271062,Reward Abuse
"A_0bfb0b4311,A_e8e9d04acc",BTCUSDT.PERP,LONG,0.4443395226858121,0.5,0.5,0.5,4032394.060271062,Reward Abuse
"A_0bfb0b4311,A_e8e9d04acc",BTCUSDT.PERP,LONG,0.4443395226858121,0.5,0.5,0.5,4032394.060271062,Reward Abuse
"A_0bfb0b4311,A_e8e9d04acc",BTCUSDT.PERP,LONG,0.4443395226858121,0.5,0.5,0.5,4032394.060271062,Reward Abuse
"A_0bfb0b4311,A_e8e9d04acc",BTCUSDT.PERP,LONG,0.4443395226858121,0.5,0.5,0.5,4032394.060271062,Reward Abuse
"A_0bfb0b4311,A_e8e9d04acc",BTCUSDT.PERP,LONG,0.4443395226858121,0.5,0.5,0.5,4032394.060271062,Reward Abuse
"A_0bfb0b4311,A_3b4f58349f",BTCUSDT.PERP,SHORT,0.4443395226858121,0.5,0.5,0.5,3989527.817001517,Reward Abuse
"A_0bfb0b4311,A_3b4f58349f",BTCUSDT.PERP,SHORT,0.4443395226858121,0.5,0.5,0.5,3989527.817001517,Reward Abuse
"A_0bfb0b4311,A_78e950c1a2",BTCUSDT.PERP,LONG,0.4443395226858121,0.5,0.5,0.5,3989301.715318513,Reward Abuse
"A_0bfb0b4311,A_78e950c1a2",BTCUSDT.PERP,LONG,0.4443395226858121,0.5,0.5,0.5,3989301.715318513,Reward Abuse
"A_0bfb0b4311,A_78e950c1a2",BTCUSDT.PERP,LONG,0.4443395226858121,0.5,0.5,0.5,3989301.715318513,Reward Abuse
"A_0bfb0b4311,A_78e950c1a2",BTCUSDT.PERP,LONG,0.4443395226858121,0.5,0.5,0.5,3989301.715318513,Reward Abuse
"A_0bfb0b4311,A_78e950c1a2",BTCUSDT.PERP,SHORT,0.4443395226858121,0.5,0.5,0.5,3989301.715318513,Reward Abuse
"A_0bfb0b4311,A_78e950c1a2",BTCUSDT.PERP,SHORT,0.4443395226858121,0.5,0.5,0.5,3989301.715318513,Reward Abuse
"A_0bfb0b4311,A_78e950c1a2",BTCUSDT.PERP,SHORT,0.4443395226858121,0.5,0.5,0.5,3989301.715318513,Reward Abuse
"A_0bfb0b4311,A_78e950c1a2",BTCUSDT.PERP,SHORT,0.4443395226858121,0.5,0.5,0.5,3989301.715318513,Reward Abuse
"A_0bfb0b4311,A_78e950c1a2",BTCUSDT.PERP,SHORT,0.4443395226858121,0.5,0.5,0.5,3989301.715318513,Reward Abuse
"A_0bfb0b4311,A_78e950c1a2",BTCUSDT.PERP,SHORT,0.4443395226858121,0.5,0.5,0.5,3989301.715318513,Reward Abuse
"A_0bfb0b4311,A_78e950c1a2",BTCUSDT.PERP,SHORT,0.4443395226858121,0.5,0.5,0.5,3989301.715318513,Reward Abuse
"A_0bfb0b4311,A_78e950c1a2",BTCUSDT.PERP,SHORT,0.4443395226858121,0.5,0.5,0.5,3989301.715318513,Reward Abuse
"A_0bfb0b4311,A_78e950c1a2",BTCUSDT.PERP,SHORT,0.4443395226858121,0.5,0.5,0.5,3989301.715318513,Reward Abuse
"A_0bfb0b4311,A_78e950c1a2",BTCUSDT.PERP,SHORT,0.4443395226858121,0.5,0.5,0.5,3989301.715318513,Reward Abuse
"A_0bfb0b4311,A_78e950c1a2",BTCUSDT.PERP,SHORT,0.4443395226858121,0.5,0.5,0.5,3989301.715318513,Reward Abuse
"A_0bfb0b4311,A_78e950c1a2",BTCUSDT.PERP,SHORT,0.4443395226858121,0.5,0.5,0.5,3989301.715318513,Reward Abuse
"A_0bfb0b4311,A_78e950c1a2",BTCUSDT.PERP,SHORT,0.4443395226858121,0.5,0.5,0.5,3989301.715318513,Reward Abuse
"A_0bfb0b4311,A_78e950c1a2",BTCUSDT.PERP,SHORT,0.4443395226858121,0.5,0.5,0.5,3989301.715318513,Reward Abuse
"A_0bfb0b4311,A_78e950c1a2",BTCUSDT.PERP,SHORT,0.4443395226858121,0.5,0.5,0.5,3989301.715318513,Reward Abuse
"A_0bfb0b4311,A_78e950c1a2",BTCUSDT.PERP,SHORT,0.4443395226858121,0.5,0.5,0.5,3989301.715318513,Reward Abuse
"A_0bfb0b4311,A_78e950c1a2",BTCUSDT.PERP,SHORT,0.4443395226858121,0.5,0.5,0.5,3989301.715318513,Reward Abuse
"A_0bfb0b4311,A_78e950c1a2",BTCUSDT.PERP,SHORT,0.4443395226858121,0.5,0.5,0.5,3989301.715318513,Reward Abuse
"A_9788666227,A_c668740478",BTCUSDT.PERP,SHORT,0.4443395226858121,0.5,0.5,0.5,2382976.9642857243,Reward Abuse
"A_c668740478,A_e8e9d04acc",BTCUSDT.PERP,SHORT,0.4443395226858121,0.5,0.5,0.5,1970960.1223854783,Reward Abuse
"A_c668740478,A_e8e9d04acc",BTCUSDT.PERP,SHORT,0.4443395226858121,0.5,0.5,0.5,1970960.1223854783,Reward Abuse
"A_3b4f58349f,A_c668740478",BTCUSDT.PERP,LONG,0.4443395226858121,0.5,0.5,0.5,1928093.8791159336,Reward Abuse
"A_3b4f58349f,A_c668740478",BTCUSDT.PERP,LONG,0.4443395226858121,0.5,0.5,0.5,1928093.8791159336,Reward Abuse
"A_27fd29fd55,A_9788666227",BTCUSDT.PERP,SHORT,0.4443395226858121,0.5,0.5,0.5,1210488.7719454465,Reward Abuse
"A_06d5bd3da9,A_c462ca9c6b",ETHUSDT.PERP,LONG,0.4443395226858121,0.5,0.5,0.5,930461.6547357077,Reward Abuse
"A_06d5bd3da9,A_c462ca9c6b",ETHUSDT.PERP,LONG,0.4443395226858121,0.5,0.5,0.5,930461.6547357077,Reward Abuse
"A_06d5bd3da9,A_c462ca9c6b",ETHUSDT.PERP,LONG,0.4443395226858121,0.5,0.5,0.5,930461.6547357077,Reward Abuse
"A_06d5bd3da9,A_c462ca9c6b",ETHUSDT.PERP,LONG,0.4443395226858121,0.5,0.5,0.5,930461.6547357077,Reward Abuse
"A_06d5bd3da9,A_c462ca9c6b",ETHUSDT.PERP,SHORT,0.4443395226858121,0.5,0.5,0.5,930461.6547357077,Reward Abuse
"A_06d5bd3da9,A_3cab2969e5",SOLUSDT.PERP,LONG,0.4443395226858121,0.5,0.5,0.5,918940.0357910006,Reward Abuse
"A_06d5bd3da9,A_3cab2969e5",SOLUSDT.PERP,SHORT,0.4443395226858121,0.5,0.5,0.5,918940.0357910006,Reward Abuse
"A_06d5bd3da9,A_5cd5d675fd",ETHUSDT.PERP,LONG,0.4443395226858121,0.5,0.5,0.5,912013.9464360223,Reward Abuse
"A_06d5bd3da9,A_5cd5d675fd",ETHUSDT.PERP,LONG,0.4443395226858121,0.5,0.5,0.5,912013.9464360223,Reward Abuse
"A_06d5bd3da9,A_5cd5d675fd",ETHUSDT.PERP,LONG,0.4443395226858121,0.5,0.5,0.5,912013.9464360223,Reward Abuse
"A_06d5bd3da9,A_5cd5d675fd",ETHUSDT.PERP,LONG,0.4443395226858121,0.5,0.5,0.5,912013.9464360223,Reward Abuse
"A_06d5bd3da9,A_5cd5d675fd",ETHUSDT.PERP,LONG,0.4443395226858121,0.5,0.5,0.5,912013.9464360223,Reward Abuse
"A_06d5bd3da9,A_5cd5d675fd",ETHUSDT.PERP,LONG,0.4443395226858121,0.5,0.5,0.5,912013.9464360223,Reward Abuse
"A_06d5bd3da9,A_5cd5d675fd",ETHUSDT.PERP,SHORT,0.4443395226858121,0.5,0.5,0.5,912013.9464360223,Reward Abuse
"A_06d5bd3da9,A_5cd5d675fd",ETHUSDT.PERP,SHORT,0.4443395226858121,0.5,0.5,0.5,912013.9464360223,Reward Abuse
"A_06d5bd3da9,A_5cd5d675fd",ETHUSDT.PERP,SHORT,0.4443395226858121,0.5,0.5,0.5,912013.9464360223,Reward Abuse
"A_06d5bd3da9,A_5cd5d675fd",ETHUSDT.PERP,SHORT,0.4443395226858121,0.5,0.5,0.5,912013.9464360223,Reward Abuse
"A_06d5bd3da9,A_5cd5d675fd",ETHUSDT.PERP,SHORT,0.4443395226858121,0.5,0.5,0.5,912013.9464360223,Reward Abuse
"A_06d5bd3da9,A_5cd5d675fd",GOATUSDT.PERP,LONG,0.4443395226858121,0.5,0.5,0.5,912013.9464360223,Reward Abuse
"A_06d5bd3da9,A_9366ce5043",ETHUSDT.PERP,LONG,0.4443395226858121,0.5,0.5,0.5,911931.7629884278,Reward Abuse
"A_06d5bd3da9,A_9a5e1e7fac",ETHUSDT.PERP,SHORT,0.4443395226858121,0.5,0.5,0.5,911754.289560848,Reward Abuse
"A_1b6957bd93,A_68f6513965",BTCUSDT.PERP,LONG,0.4443395226858121,0.5,0.5,0.5,808270.9989214259,Reward Abuse
"A_1b6957bd93,A_78e950c1a2",BTCUSDT.PERP,SHORT,0.4443395226858121,0.5,0.5,0.5,800545.0574610167,Reward Abuse
"A_1b6957bd93,A_78e950c1a2",BTCUSDT.PERP,SHORT,0.4443395226858121,0.5,0.5,0.5,800545.0574610167,Reward Abuse
"A_27fd29fd55,A_ef035876f1",BTCUSDT.PERP,LONG,0.4443395226858121,0.5,0.5,0.5,755428.7786396622,Reward Abuse
"A_06d5bd3da9,A_522c68dd44",ETHUSDT.PERP,LONG,0.4443395226858121,0.5,0.5,0.5,701603.5479743324,Reward Abuse
"A_60a63690ae,A_9788666227",BTCUSDT.PERP,LONG,0.4443395226858121,0.5,0.5,0.5,530357.3823515085,Reward Abuse
"A_9788666227,A_c462ca9c6b",ETHUSDT.PERP,LONG,0.4443395226858121,0.5,0.5,0.5,473581.75455926324,Reward Abuse
"A_9788666227,A_c462ca9c6b",ETHUSDT.PERP,LONG,0.4443395226858121,0.5,0.5,0.5,473581.75455926324,Reward Abuse
"A_9788666227,A_c462ca9c6b",ETHUSDT.PERP,LONG,0.4443395226858121,0.5,0.5,0.5,473581.75455926324,Reward Abuse
"A_9788666227,A_c462ca9c6b",ETHUSDT.PERP,LONG,0.4443395226858121,0.5,0.5,0.5,473581.75455926324,Reward Abuse
"A_9788666227,A_c462ca9c6b",ETHUSDT.PERP,LONG,0.4443395226858121,0.5,0.5,0.5,473581.75455926324,Reward Abuse
"A_9788666227,A_c462ca9c6b",ETHUSDT.PERP,LONG,0.4443395226858121,0.5,0.5,0.5,473581.75455926324,Reward Abuse
"A_9788666227,A_c462ca9c6b",ETHUSDT.PERP,LONG,0.4443395226858121,0.5,0.5,0.5,473581.75455926324,Reward Abuse
"A_9788666227,A_c462ca9c6b",ETHUSDT.PERP,LONG,0.4443395226858121,0.5,0.5,0.5,473581.75455926324,Reward Abuse
"A_9788666227,A_c462ca9c6b",ETHUSDT.PERP,LONG,0.4443395226858121,0.5,0.5,0.5,473581.75455926324,Reward Abuse
"A_9788666227,A_c462ca9c6b",ETHUSDT.PERP,LONG,0.4443395226858121,0.5,0.5,0.5,473581.75455926324,Reward Abuse
"A_9788666227,A_c462ca9c6b",ETHUSDT.PERP,LONG,0.4443395226858121,0.5,0.5,0.5,473581.75455926324,Reward Abuse
"A_9788666227,A_c462ca9c6b",ETHUSDT.PERP,LONG,0.4443395226858121,0.5,0.5,0.5,473581.75455926324,Reward Abuse
"A_9788666227,A_c462ca9c6b",ETHUSDT.PERP,LONG,0.4443395226858121,0.5,0.5,0.5,473581.75455926324,Reward Abuse
"A_9788666227,A_c462ca9c6b",ETHUSDT.PERP,SHORT,0.4443395226858121,0.5,0.5,0.5,473581.75455926324,Reward Abuse
"A_9788666227,A_c462ca9c6b",ETHUSDT.PERP,SHORT,0.4443395226858121,0.5,0.5,0.5,473581.75455926324,Reward Abuse
"A_9788666227,A_c462ca9c6b",ETHUSDT.PERP,SHORT,0.4443395226858121,0.5,0.5,0.5,473581.75455926324,Reward Abuse
"A_9788666227,A_c462ca9c6b",ETHUSDT.PERP,SHORT,0.4443395226858121,0.5,0.5,0.5,473581.75455926324,Reward Abuse
"A_9788666227,A_c462ca9c6b",ETHUSDT.PERP,SHORT,0.4443395226858121,0.5,0.5,0.5,473581.75455926324,Reward Abuse
"A_9788666227,A_c462ca9c6b",ETHUSDT.PERP,SHORT,0.4443395226858121,0.5,0.5,0.5,473581.75455926324,Reward Abuse
"A_9788666227,A_c462ca9c6b",ETHUSDT.PERP,SHORT,0.4443395226858121,0.5,0.5,0.5,473581.75455926324,Reward Abuse
"A_9788666227,A_c462ca9c6b",ETHUSDT.PERP,SHORT,0.4443395226858121,0.5,0.5,0.5,473581.75455926324,Reward Abuse
"A_9788666227,A_c462ca9c6b",ETHUSDT.PERP,SHORT,0.4443395226858121,0.5,0.5,0.5,473581.75455926324,Reward Abuse
"A_9788666227,A_c462ca9c6b",ETHUSDT.PERP,SHORT,0.4443395226858121,0.5,0.5,0.5,473581.75455926324,Reward Abuse
"A_9788666227,A_c462ca9c6b",ETHUSDT.PERP,SHORT,0.4443395226858121,0.5,0.5,0.5,473581.75455926324,Reward Abuse
"A_9788666227,A_c462ca9c6b",ETHUSDT.PERP,SHORT,0.4443395226858121,0.5,0.5,0.5,473581.75455926324,Reward Abuse
"A_9788666227,A_c462ca9c6b",ETHUSDT.PERP,SHORT,0.4443395226858121,0.5,0.5,0.5,473581.75455926324,Reward Abuse
"A_9788666227,A_c462ca9c6b",ETHUSDT.PERP,SHORT,0.4443395226858121,0.5,0.5,0.5,473581.75455926324,Reward Abuse
"A_9788666227,A_c462ca9c6b",ETHUSDT.PERP,SHORT,0.4443395226858121,0.5,0.5,0.5,473581.75455926324,Reward Abuse
"A_9788666227,A_c462ca9c6b",ETHUSDT.PERP,SHORT,0.4443395226858121,0.5,0.5,0.5,473581.75455926324,Reward Abuse
"A_9788666227,A_c462ca9c6b",ETHUSDT.PERP,SHORT,0.4443395226858121,0.5,0.5,0.5,473581.75455926324,Reward Abuse
"A_9788666227,A_c462ca9c6b",ETHUSDT.PERP,SHORT,0.4443395226858121,0.5,0.5,0.5,473581.75455926324,Reward Abuse
"A_3cab2969e5,A_9788666227",ETHUSDT.PERP,LONG,0.4443395226858121,0.5,0.5,0.5,462060.13561455626,Reward Abuse
"A_3cab2969e5,A_9788666227",ETHUSDT.PERP,LONG,0.4443395226858121,0.5,0.5,0.5,462060.13561455626,Reward Abuse
"A_3cab2969e5,A_9788666227",ETHUSDT.PERP,SHORT,0.4443395226858121,0.5,0.5,0.5,462060.13561455626,Reward Abuse
"A_9788666227,A_e27beda014",ETHUSDT.PERP,SHORT,0.4443395226858121,0.5,0.5,0.5,455334.97978074744,Reward Abuse
"A_9788666227,A_e27beda014",ETHUSDT.PERP,SHORT,0.4443395226858121,0.5,0.5,0.5,455334.97978074744,Reward Abuse
"A_6960c2ee08,A_9788666227",BTCUSDT.PERP,SHORT,0.4443395226858121,0.5,0.5,0.5,455331.89293236827,Reward Abuse
"A_6960c2ee08,A_9788666227",BTCUSDT.PERP,SHORT,0.4443395226858121,0.5,0.5,0.5,455331.89293236827,Reward Abuse
"A_3943c4c480,A_9788666227",BTCUSDT.PERP,SHORT,0.4443395226858121,0.5,0.5,0.5,455135.39295924804,Reward Abuse
"A_3943c4c480,A_9788666227",BTCUSDT.PERP,SHORT,0.4443395226858121,0.5,0.5,0.5,455135.39295924804,Reward Abuse
"A_3943c4c480,A_9788666227",ETHUSDT.PERP,LONG,0.4443395226858121,0.5,0.5,0.5,455135.39295924804,Reward Abuse
"A_3943c4c480,A_9788666227",ETHUSDT.PERP,LONG,0.4443395226858121,0.5,0.5,0.5,455135.39295924804,Reward Abuse
"A_3943c4c480,A_9788666227",ETHUSDT.PERP,LONG,0.4443395226858121,0.5,0.5,0.5,455135.39295924804,Reward Abuse
"A_3943c4c480,A_9788666227",ETHUSDT.PERP,LONG,0.4443395226858121,0.5,0.5,0.5,455135.39295924804,Reward Abuse
"A_3943c4c480,A_9788666227",ETHUSDT.PERP,LONG,0.4443395226858121,0.5,0.5,0.5,455135.39295924804,Reward Abuse
"A_3943c4c480,A_9788666227",ETHUSDT.PERP,LONG,0.4443395226858121,0.5,0.5,0.5,455135.39295924804,Reward Abuse
"A_3943c4c480,A_9788666227",ETHUSDT.PERP,LONG,0.4443395226858121,0.5,0.5,0.5,455135.39295924804,Reward Abuse
"A_3943c4c480,A_9788666227",ETHUSDT.PERP,LONG,0.4443395226858121,0.5,0.5,0.5,455135.39295924804,Reward Abuse
"A_3943c4c480,A_9788666227",ETHUSDT.PERP,SHORT,0.4443395226858121,0.5,0.5,0.5,455135.39295924804,Reward Abuse
"A_3943c4c480,A_9788666227",ETHUSDT.PERP,SHORT,0.4443395226858121,0.5,0.5,0.5,455135.39295924804,Reward Abuse
"A_3943c4c480,A_9788666227",ETHUSDT.PERP,SHORT,0.4443395226858121,0.5,0.5,0.5,455135.39295924804,Reward Abuse
"A_3943c4c480,A_9788666227",ETHUSDT.PERP,SHORT,0.4443395226858121,0.5,0.5,0.5,455135.39295924804,Reward Abuse
"A_3943c4c480,A_9788666227",ETHUSDT.PERP,SHORT,0.4443395226858121,0.5,0.5,0.5,455135.39295924804,Reward Abuse
"A_5cd5d675fd,A_9788666227",BTCUSDT.PERP,SHORT,0.4443395226858121,0.5,0.5,0.5,455134.04625957797,Reward Abuse
"A_5cd5d675fd,A_9788666227",ETHUSDT.PERP,LONG,0.4443395226858121,0.5,0.5,0.5,455134.04625957797,Reward Abuse
"A_5cd5d675fd,A_9788666227",ETHUSDT.PERP,LONG,0.4443395226858121,0.5,0.5,0.5,455134.04625957797,Reward Abuse
"A_5cd5d675fd,A_9788666227",ETHUSDT.PERP,LONG,0.4443395226858121,0.5,0.5,0.5,455134.04625957797,Reward Abuse
"A_5cd5d675fd,A_9788666227",ETHUSDT.PERP,LONG,0.4443395226858121,0.5,0.5,0.5,455134.04625957797,Reward Abuse
"A_5cd5d675fd,A_9788666227",ETHUSDT.PERP,LONG,0.4443395226858121,0.5,0.5,0.5,455134.04625957797,Reward Abuse
"A_5cd5d675fd,A_9788666227",ETHUSDT.PERP,LONG,0.4443395226858121,0.5,0.5,0.5,455134.04625957797,Reward Abuse
"A_5cd5d675fd,A_9788666227",ETHUSDT.PERP,LONG,0.4443395226858121,0.5,0.5,0.5,455134.04625957797,Reward Abuse
"A_5cd5d675fd,A_9788666227",ETHUSDT.PERP,LONG,0.4443395226858121,0.5,0.5,0.5,455134.04625957797,Reward Abuse
"A_5cd5d675fd,A_9788666227",ETHUSDT.PERP,LONG,0.4443395226858121,0.5,0.5,0.5,455134.04625957797,Reward Abuse
"A_5cd5d675fd,A_9788666227",ETHUSDT.PERP,LONG,0.4443395226858121,0.5,0.5,0.5,455134.04625957797,Reward Abuse
"A_5cd5d675fd,A_9788666227",ETHUSDT.PERP,LONG,0.4443395226858121,0.5,0.5,0.5,455134.04625957797,Reward Abuse
"A_5cd5d675fd,A_9788666227",ETHUSDT.PERP,LONG,0.4443395226858121,0.5,0.5,0.5,455134.04625957797,Reward Abuse
"A_5cd5d675fd,A_9788666227",ETHUSDT.PERP,LONG,0.4443395226858121,0.5,0.5,0.5,455134.04625957797,Reward Abuse
"A_5cd5d675fd,A_9788666227",ETHUSDT.PERP,LONG,0.4443395226858121,0.5,0.5,0.5,455134.04625957797,Reward Abuse
"A_5cd5d675fd,A_9788666227",ETHUSDT.PERP,LONG,0.4443395226858121,0.5,0.5,0.5,455134.04625957797,Reward Abuse
"A_5cd5d675fd,A_9788666227",ETHUSDT.PERP,LONG,0.4443395226858121,0.5,0.5,0.5,455134.04625957797,Reward Abuse
"A_5cd5d675fd,A_9788666227",ETHUSDT.PERP,SHORT,0.4443395226858121,0.5,0.5,0.5,455134.04625957797,Reward Abuse
"A_5cd5d675fd,A_9788666227",ETHUSDT.PERP,SHORT,0.4443395226858121,0.5,0.5,0.5,455134.04625957797,Reward Abuse
"A_5cd5d675fd,A_9788666227",ETHUSDT.PERP,SHORT,0.4443395226858121,0.5,0.5,0.5,455134.04625957797,Reward Abuse
"A_5cd5d675fd,A_9788666227",ETHUSDT.PERP,SHORT,0.4443395226858121,0.5,0.5,0.5,455134.04625957797,Reward Abuse
"A_5cd5d675fd,A_9788666227",ETHUSDT.PERP,SHORT,0.4443395226858121,0.5,0.5,0.5,455134.04625957797,Reward Abuse
"A_5cd5d675fd,A_9788666227",ETHUSDT.PERP,SHORT,0.4443395226858121,0.5,0.5,0.5,455134.04625957797,Reward Abuse
"A_5cd5d675fd,A_9788666227",ETHUSDT.PERP,SHORT,0.4443395226858121,0.5,0.5,0.5,455134.04625957797,Reward Abuse
"A_5cd5d675fd,A_9788666227",ETHUSDT.PERP,SHORT,0.4443395226858121,0.5,0.5,0.5,455134.04625957797,Reward Abuse
"A_5cd5d675fd,A_9788666227",ETHUSDT.PERP,SHORT,0.4443395226858121,0.5,0.5,0.5,455134.04625957797,Reward Abuse
"A_5cd5d675fd,A_9788666227",ETHUSDT.PERP,SHORT,0.4443395226858121,0.5,0.5,0.5,455134.04625957797,Reward Abuse
"A_5cd5d675fd,A_9788666227",ETHUSDT.PERP,SHORT,0.4443395226858121,0.5,0.5,0.5,455134.04625957797,Reward Abuse
"A_5cd5d675fd,A_9788666227",ETHUSDT.PERP,SHORT,0.4443395226858121,0.5,0.5,0.5,455134.04625957797,Reward Abuse
"A_5cd5d675fd,A_9788666227",ETHUSDT.PERP,SHORT,0.4443395226858121,0.5,0.5,0.5,455134.04625957797,Reward Abuse
"A_5cd5d675fd,A_9788666227",ETHUSDT.PERP,SHORT,0.4443395226858121,0.5,0.5,0.5,455134.04625957797,Reward Abuse
"A_5cd5d675fd,A_9788666227",ETHUSDT.PERP,SHORT,0.4443395226858121,0.5,0.5,0.5,455134.04625957797,Reward Abuse
"A_5cd5d675fd,A_9788666227",ETHUSDT.PERP,SHORT,0.4443395226858121,0.5,0.5,0.5,455134.04625957797,Reward Abuse
"A_5cd5d675fd,A_9788666227",ETHUSDT.PERP,SHORT,0.4443395226858121,0.5,0.5,0.5,455134.04625957797,Reward Abuse
"A_5cd5d675fd,A_9788666227",ETHUSDT.PERP,SHORT,0.4443395226858121,0.5,0.5,0.5,455134.04625957797,Reward Abuse
"A_5cd5d675fd,A_9788666227",ETHUSDT.PERP,SHORT,0.4443395226858121,0.5,0.5,0.5,455134.04625957797,Reward Abuse
"A_5cd5d675fd,A_9788666227",ETHUSDT.PERP,SHORT,0.4443395226858121,0.5,0.5,0.5,455134.04625957797,Reward Abuse
"A_9366ce5043,A_9788666227",ETHUSDT.PERP,LONG,0.4443395226858121,0.5,0.5,0.5,455051.86281198345,Reward Abuse
"A_9366ce5043,A_9788666227",ETHUSDT.PERP,LONG,0.4443395226858121,0.5,0.5,0.5,455051.86281198345,Reward Abuse
"A_9366ce5043,A_9788666227",ETHUSDT.PERP,LONG,0.4443395226858121,0.5,0.5,0.5,455051.86281198345,Reward Abuse
"A_9788666227,A_9a5e1e7fac",ETHUSDT.PERP,LONG,0.4443395226858121,0.5,0.5,0.5,454874.38938440365,Reward Abuse
"A_9788666227,A_9a5e1e7fac",ETHUSDT.PERP,LONG,0.4443395226858121,0.5,0.5,0.5,454874.38938440365,Reward Abuse
"A_9788666227,A_9a5e1e7fac",ETHUSDT.PERP,LONG,0.4443395226858121,0.5,0.5,0.5,454874.38938440365,Reward Abuse
"A_9788666227,A_9a5e1e7fac",ETHUSDT.PERP,LONG,0.4443395226858121,0.5,0.5,0.5,454874.38938440365,Reward Abuse
"A_9788666227,A_9a5e1e7fac",ETHUSDT.PERP,SHORT,0.4443395226858121,0.5,0.5,0.5,454874.38938440365,Reward Abuse
"A_9788666227,A_9a5e1e7fac",ETHUSDT.PERP,SHORT,0.4443395226858121,0.5,0.5,0.5,454874.38938440365,Reward Abuse
"A_9788666227,A_ace0a74506",ETHUSDT.PERP,LONG,0.4443395226858121,0.5,0.5,0.5,452299.81098132214,Reward Abuse
"A_9788666227,A_ace0a74506",ETHUSDT.PERP,LONG,0.4443395226858121,0.5,0.5,0.5,452299.81098132214,Reward Abuse
"A_9788666227,A_ace0a74506",ETHUSDT.PERP,LONG,0.4443395226858121,0.5,0.5,0.5,452299.81098132214,Reward Abuse
"A_9788666227,A_ace0a74506",ETHUSDT.PERP,LONG,0.4443395226858121,0.5,0.5,0.5,452299.81098132214,Reward Abuse
"A_9788666227,A_ace0a74506",ETHUSDT.PERP,LONG,0.4443395226858121,0.5,0.5,0.5,452299.81098132214,Reward Abuse
"A_522c68dd44,A_9788666227",ETHUSDT.PERP,LONG,0.4443395226858121,0.5,0.5,0.5,244723.647797888,Reward Abuse
"A_522c68dd44,A_9788666227",ETHUSDT.PERP,LONG,0.4443395226858121,0.5,0.5,0.5,244723.647797888,Reward Abuse
"A_522c68dd44,A_9788666227",ETHUSDT.PERP,LONG,0.4443395226858121,0.5,0.5,0.5,244723.647797888,Reward Abuse
"A_522c68dd44,A_9788666227",ETHUSDT.PERP,LONG,0.4443395226858121,0.5,0.5,0.5,244723.647797888,Reward Abuse
"A_522c68dd44,A_9788666227",ETHUSDT.PERP,LONG,0.4443395226858121,0.5,0.5,0.5,244723.647797888,Reward Abuse
"A_522c68dd44,A_9788666227",ETHUSDT.PERP,LONG,0.4443395226858121,0.5,0.5,0.5,244723.647797888,Reward Abuse
"A_522c68dd44,A_9788666227",ETHUSDT.PERP,LONG,0.4443395226858121,0.5,0.5,0.5,244723.647797888,Reward Abuse
"A_522c68dd44,A_9788666227",ETHUSDT.PERP,LONG,0.4443395226858121,0.5,0.5,0.5,244723.647797888,Reward Abuse
"A_522c68dd44,A_9788666227",ETHUSDT.PERP,LONG,0.4443395226858121,0.5,0.5,0.5,244723.647797888,Reward Abuse
"A_3b4f58349f,A_60a63690ae",BTCUSDT.PERP,SHORT,0.4443395226858121,0.5,0.5,0.5,75474.29718171777,Reward Abuse
"A_3b4f58349f,A_60a63690ae",BTCUSDT.PERP,SHORT,0.4443395226858121,0.5,0.5,0.5,75474.29718171777,Reward Abuse
"A_60a63690ae,A_78e950c1a2",BTCUSDT.PERP,SHORT,0.4443395226858121,0.5,0.5,0.5,75248.19549871364,Reward Abuse
"A_60a63690ae,A_78e950c1a2",BTCUSDT.PERP,SHORT,0.4443395226858121,0.5,0.5,0.5,75248.19549871364,Reward Abuse
"A_1a7c006b71,A_60a63690ae",ETHUSDT.PERP,LONG,0.4443395226858121,0.5,0.5,0.5,71786.19955095404,Reward Abuse
"A_60a63690ae,A_f96ede8d34",BTCUSDT.PERP,LONG,0.4443395226858121,0.5,0.5,0.5,66159.41864111614,Reward Abuse
"A_60a63690ae,A_f96ede8d34",BTCUSDT.PERP,LONG,0.4443395226858121,0.5,0.5,0.5,66159.41864111614,Reward Abuse
"A_89cf7b96c2,A_e8e9d04acc",BTCUSDT.PERP,LONG,0.4443395226858121,0.5,0.5,0.5,44559.832954728015,Reward Abuse
"A_89cf7b96c2,A_e8e9d04acc",BTCUSDT.PERP,LONG,0.4443395226858121,0.5,0.5,0.5,44559.832954728015,Reward Abuse
"A_89cf7b96c2,A_e8e9d04acc",BTCUSDT.PERP,LONG,0.4443395226858121,0.5,0.5,0.5,44559.832954728015,Reward Abuse
"A_89cf7b96c2,A_e8e9d04acc",BTCUSDT.PERP,LONG,0.4443395226858121,0.5,0.5,0.5,44559.832954728015,Reward Abuse
"A_89cf7b96c2,A_e8e9d04acc",BTCUSDT.PERP,LONG,0.4443395226858121,0.5,0.5,0.5,44559.832954728015,Reward Abuse
"A_89cf7b96c2,A_e8e9d04acc",BTCUSDT.PERP,LONG,0.4443395226858121,0.5,0.5,0.5,44559.832954728015,Reward Abuse
"A_89cf7b96c2,A_e8e9d04acc",BTCUSDT.PERP,LONG,0.4443395226858121,0.5,0.5,0.5,44559.832954728015,Reward Abuse
"A_3943c4c480,A_e8e9d04acc",ETHUSDT.PERP,LONG,0.4443395226858121,0.5,0.5,0.5,43118.55105900211,Reward Abuse
"A_3943c4c480,A_e8e9d04acc",ETHUSDT.PERP,LONG,0.4443395226858121,0.5,0.5,0.5,43118.55105900211,Reward Abuse
"A_9366ce5043,A_e8e9d04acc",BTCUSDT.PERP,LONG,0.4443395226858121,0.5,0.5,0.5,43035.02091173752,Reward Abuse
"A_94cf7bdada,A_e8e9d04acc",ETHUSDT.PERP,LONG,0.4443395226858121,0.5,0.5,0.5,42991.260803188365,Reward Abuse
"A_94cf7bdada,A_e8e9d04acc",ETHUSDT.PERP,LONG,0.4443395226858121,0.5,0.5,0.5,42991.260803188365,Reward Abuse
"A_94cf7bdada,A_e8e9d04acc",ETHUSDT.PERP,LONG,0.4443395226858121,0.5,0.5,0.5,42991.260803188365,Reward Abuse
"A_94cf7bdada,A_e8e9d04acc",ETHUSDT.PERP,LONG,0.4443395226858121,0.5,0.5,0.5,42991.260803188365,Reward Abuse
"A_94cf7bdada,A_e8e9d04acc",ETHUSDT.PERP,SHORT,0.4443395226858121,0.5,0.5,0.5,42991.260803188365,Reward Abuse
"A_68f6513965,A_c462ca9c6b",ETHUSDT.PERP,LONG,0.4443395226858121,0.5,0.5,0.5,26198.509166877535,Reward Abuse
"A_68f6513965,A_c462ca9c6b",ETHUSDT.PERP,LONG,0.4443395226858121,0.5,0.5,0.5,26198.509166877535,Reward Abuse
"A_68f6513965,A_c462ca9c6b",ETHUSDT.PERP,LONG,0.4443395226858121,0.5,0.5,0.5,26198.509166877535,Reward Abuse
"A_68f6513965,A_c462ca9c6b",ETHUSDT.PERP,LONG,0.4443395226858121,0.5,0.5,0.5,26198.509166877535,Reward Abuse
"A_68f6513965,A_c462ca9c6b",ETHUSDT.PERP,LONG,0.4443395226858121,0.5,0.5,0.5,26198.509166877535,Reward Abuse
"A_68f6513965,A_c462ca9c6b",ETHUSDT.PERP,LONG,0.4443395226858121,0.5,0.5,0.5,26198.509166877535,Reward Abuse
"A_68f6513965,A_c462ca9c6b",ETHUSDT.PERP,SHORT,0.4443395226858121,0.5,0.5,0.5,26198.509166877535,Reward Abuse
"A_68f6513965,A_c462ca9c6b",ETHUSDT.PERP,SHORT,0.4443395226858121,0.5,0.5,0.5,26198.509166877535,Reward Abuse
"A_68f6513965,A_c462ca9c6b",ETHUSDT.PERP,SHORT,0.4443395226858121,0.5,0.5,0.5,26198.509166877535,Reward Abuse
"A_68f6513965,A_c462ca9c6b",ETHUSDT.PERP,SHORT,0.4443395226858121,0.5,0.5,0.5,26198.509166877535,Reward Abuse
"A_68f6513965,A_c462ca9c6b",ETHUSDT.PERP,SHORT,0.4443395226858121,0.5,0.5,0.5,26198.509166877535,Reward Abuse
"A_c462ca9c6b,A_dae7cf0dd9",ETHUSDT.PERP,LONG,0.4443395226858121,0.5,0.5,0.5,26012.73524360868,Reward Abuse
"A_c462ca9c6b,A_dae7cf0dd9",ETHUSDT.PERP,LONG,0.4443395226858121,0.5,0.5,0.5,26012.73524360868,Reward Abuse
"A_c462ca9c6b,A_dae7cf0dd9",ETHUSDT.PERP,SHORT,0.4443395226858121,0.5,0.5,0.5,26012.73524360868,Reward Abuse
"A_64a414bc30,A_c462ca9c6b",ETHUSDT.PERP,LONG,0.4443395226858121,0.5,0.5,0.5,21612.676657923486,Reward Abuse
"A_64a414bc30,A_c462ca9c6b",ETHUSDT.PERP,SHORT,0.4443395226858121,0.5,0.5,0.5,21612.676657923486,Reward Abuse
"A_64a414bc30,A_c462ca9c6b",ETHUSDT.PERP,SHORT,0.4443395226858121,0.5,0.5,0.5,21612.676657923486,Reward Abuse
"A_64a414bc30,A_c462ca9c6b",ETHUSDT.PERP,SHORT,0.4443395226858121,0.5,0.5,0.5,21612.676657923486,Reward Abuse
"A_64a414bc30,A_c462ca9c6b",ETHUSDT.PERP,SHORT,0.4443395226858121,0.5,0.5,0.5,21612.676657923486,Reward Abuse
"A_64a414bc30,A_c462ca9c6b",ETHUSDT.PERP,SHORT,0.4443395226858121,0.5,0.5,0.5,21612.676657923486,Reward Abuse
"A_64a414bc30,A_c462ca9c6b",ETHUSDT.PERP,SHORT,0.4443395226858121,0.5,0.5,0.5,21612.676657923486,Reward Abuse
"A_64a414bc30,A_c462ca9c6b",ETHUSDT.PERP,SHORT,0.4443395226858121,0.5,0.5,0.5,21612.676657923486,Reward Abuse
"A_64a414bc30,A_c462ca9c6b",ETHUSDT.PERP,SHORT,0.4443395226858121,0.5,0.5,0.5,21612.676657923486,Reward Abuse
"A_64a414bc30,A_c462ca9c6b",ETHUSDT.PERP,SHORT,0.4443395226858121,0.5,0.5,0.5,21612.676657923486,Reward Abuse
"A_64a414bc30,A_c462ca9c6b",ETHUSDT.PERP,SHORT,0.4443395226858121,0.5,0.5,0.5,21612.676657923486,Reward Abuse
"A_64a414bc30,A_c462ca9c6b",ETHUSDT.PERP,SHORT,0.4443395226858121,0.5,0.5,0.5,21612.676657923486,Reward Abuse
"A_64a414bc30,A_c462ca9c6b",ETHUSDT.PERP,SHORT,0.4443395226858121,0.5,0.5,0.5,21612.676657923486,Reward Abuse
"A_64a414bc30,A_c462ca9c6b",ETHUSDT.PERP,SHORT,0.4443395226858121,0.5,0.5,0.5,21612.676657923486,Reward Abuse
"A_64a414bc30,A_c462ca9c6b",ETHUSDT.PERP,SHORT,0.4443395226858121,0.5,0.5,0.5,21612.676657923486,Reward Abuse
"A_64a414bc30,A_c462ca9c6b",ETHUSDT.PERP,SHORT,0.4443395226858121,0.5,0.5,0.5,21612.676657923486,Reward Abuse
"A_64a414bc30,A_c462ca9c6b",ETHUSDT.PERP,SHORT,0.4443395226858121,0.5,0.5,0.5,21612.676657923486,Reward Abuse
"A_64a414bc30,A_c462ca9c6b",ETHUSDT.PERP,SHORT,0.4443395226858121,0.5,0.5,0.5,21612.676657923486,Reward Abuse
"A_64a414bc30,A_c462ca9c6b",ETHUSDT.PERP,SHORT,0.4443395226858121,0.5,0.5,0.5,21612.676657923486,Reward Abuse
"A_64a414bc30,A_c462ca9c6b",ETHUSDT.PERP,SHORT,0.4443395226858121,0.5,0.5,0.5,21612.676657923486,Reward Abuse
"A_64a414bc30,A_c462ca9c6b",ETHUSDT.PERP,SHORT,0.4443395226858121,0.5,0.5,0.5,21612.676657923486,Reward Abuse
"A_64a414bc30,A_c462ca9c6b",ETHUSDT.PERP,SHORT,0.4443395226858121,0.5,0.5,0.5,21612.676657923486,Reward Abuse
"A_c462ca9c6b,A_ef035876f1",ETHUSDT.PERP,LONG,0.4443395226858121,0.5,0.5,0.5,18521.761253479017,Reward Abuse
"A_c462ca9c6b,A_ef035876f1",ETHUSDT.PERP,SHORT,0.4443395226858121,0.5,0.5,0.5,18521.761253479017,Reward Abuse
"A_ace0a74506,A_c462ca9c6b",ETHUSDT.PERP,LONG,0.4443395226858121,0.5,0.0,1.0,15892.386546986463,Reward Abuse
"A_ace0a74506,A_c462ca9c6b",ETHUSDT.PERP,LONG,0.4443395226858121,0.5,0.0,1.0,15892.386546986463,Reward Abuse
"A_ace0a74506,A_c462ca9c6b",ETHUSDT.PERP,LONG,0.4443395226858121,0.5,0.0,1.0,15892.386546986463,Reward Abuse
"A_ace0a74506,A_c462ca9c6b",ETHUSDT.PERP,LONG,0.4443395226858121,0.5,0.0,1.0,15892.386546986463,Reward Abuse
"A_ace0a74506,A_c462ca9c6b",ETHUSDT.PERP,LONG,0.4443395226858121,0.5,0.0,1.0,15892.386546986463,Reward Abuse
"A_ace0a74506,A_c462ca9c6b",ETHUSDT.PERP,LONG,0.4443395226858121,0.5,0.0,1.0,15892.386546986463,Reward Abuse
"A_1a7c006b71,A_c462ca9c6b",ETHUSDT.PERP,LONG,0.4443395226858121,0.5,0.5,0.5,15010.571758708804,Reward Abuse
"A_1a7c006b71,A_c462ca9c6b",ETHUSDT.PERP,LONG,0.4443395226858121,0.5,0.5,0.5,15010.571758708804,Reward Abuse
"A_1a7c006b71,A_c462ca9c6b",ETHUSDT.PERP,LONG,0.4443395226858121,0.5,0.5,0.5,15010.571758708804,Reward Abuse
"A_1a7c006b71,A_c462ca9c6b",ETHUSDT.PERP,LONG,0.4443395226858121,0.5,0.5,0.5,15010.571758708804,Reward Abuse
"A_1a7c006b71,A_c462ca9c6b",ETHUSDT.PERP,SHORT,0.4443395226858121,0.5,0.5,0.5,15010.571758708804,Reward Abuse
"A_1a7c006b71,A_c462ca9c6b",ETHUSDT.PERP,SHORT,0.4443395226858121,0.5,0.5,0.5,15010.571758708804,Reward Abuse
"A_1a7c006b71,A_c462ca9c6b",ETHUSDT.PERP,SHORT,0.4443395226858121,0.5,0.5,0.5,15010.571758708804,Reward Abuse
"A_1a7c006b71,A_c462ca9c6b",ETHUSDT.PERP,SHORT,0.4443395226858121,0.5,0.5,0.5,15010.571758708804,Reward Abuse
"A_1a7c006b71,A_c462ca9c6b",ETHUSDT.PERP,SHORT,0.4443395226858121,0.5,0.5,0.5,15010.571758708804,Reward Abuse
"A_3cab2969e5,A_68f6513965",ETHUSDT.PERP,SHORT,0.4443395226858121,0.5,0.5,0.5,14676.890222170528,Reward Abuse
"A_3cab2969e5,A_68f6513965",ETHUSDT.PERP,SHORT,0.4443395226858121,0.5,0.5,0.5,14676.890222170528,Reward Abuse
"A_3cab2969e5,A_68f6513965",ETHUSDT.PERP,SHORT,0.4443395226858121,0.5,0.5,0.5,14676.890222170528,Reward Abuse
"A_3cab2969e5,A_68f6513965",ETHUSDT.PERP,SHORT,0.4443395226858121,0.5,0.5,0.5,14676.890222170528,Reward Abuse
"A_3cab2969e5,A_68f6513965",ETHUSDT.PERP,SHORT,0.4443395226858121,0.5,0.5,0.5,14676.890222170528,Reward Abuse
"A_3cab2969e5,A_68f6513965",ETHUSDT.PERP,SHORT,0.4443395226858121,0.5,0.5,0.5,14676.890222170528,Reward Abuse
"A_3cab2969e5,A_68f6513965",ETHUSDT.PERP,SHORT,0.4443395226858121,0.5,0.5,0.5,14676.890222170528,Reward Abuse
"A_3cab2969e5,A_68f6513965",ETHUSDT.PERP,SHORT,0.4443395226858121,0.5,0.5,0.5,14676.890222170528,Reward Abuse
"A_3cab2969e5,A_64a414bc30",ETHUSDT.PERP,LONG,0.4443395226858121,0.5,0.5,0.5,10091.057713216478,Reward Abuse
"A_3cab2969e5,A_64a414bc30",ETHUSDT.PERP,LONG,0.4443395226858121,0.5,0.5,0.5,10091.057713216478,Reward Abuse
"A_3cab2969e5,A_64a414bc30",ETHUSDT.PERP,LONG,0.4443395226858121,0.5,0.5,0.5,10091.057713216478,Reward Abuse
"A_3cab2969e5,A_64a414bc30",ETHUSDT.PERP,LONG,0.4443395226858121,0.5,0.5,0.5,10091.057713216478,Reward Abuse
"A_3cab2969e5,A_64a414bc30",ETHUSDT.PERP,SHORT,0.4443395226858121,0.5,0.5,0.5,10091.057713216478,Reward Abuse
"A_3cab2969e5,A_64a414bc30",ETHUSDT.PERP,SHORT,0.4443395226858121,0.5,0.5,0.5,10091.057713216478,Reward Abuse
"A_3cab2969e5,A_64a414bc30",ETHUSDT.PERP,SHORT,0.4443395226858121,0.5,0.5,0.5,10091.057713216478,Reward Abuse
"A_3cab2969e5,A_64a414bc30",ETHUSDT.PERP,SHORT,0.4443395226858121,0.5,0.5,0.5,10091.057713216478,Reward Abuse
"A_3cab2969e5,A_64a414bc30",ETHUSDT.PERP,SHORT,0.4443395226858121,0.5,0.5,0.5,10091.057713216478,Reward Abuse
"A_3cab2969e5,A_64a414bc30",ETHUSDT.PERP,SHORT,0.4443395226858121,0.5,0.5,0.5,10091.057713216478,Reward Abuse
"A_68f6513965,A_ebdb869fd3",ETHUSDT.PERP,SHORT,0.4443395226858121,0.5,0.5,0.5,8016.755224026316,Reward Abuse
"A_3943c4c480,A_68f6513965",ETHUSDT.PERP,SHORT,0.4443395226858121,0.5,0.5,0.5,7752.147566862307,Reward Abuse
"A_5cd5d675fd,A_68f6513965",ETHUSDT.PERP,LONG,0.4443395226858121,0.5,0.5,0.5,7750.800867192219,Reward Abuse
"A_5cd5d675fd,A_68f6513965",ETHUSDT.PERP,LONG,0.4443395226858121,0.5,0.5,0.5,7750.800867192219,Reward Abuse
"A_5cd5d675fd,A_68f6513965",ETHUSDT.PERP,LONG,0.4443395226858121,0.5,0.5,0.5,7750.800867192219,Reward Abuse
"A_5cd5d675fd,A_68f6513965",ETHUSDT.PERP,LONG,0.4443395226858121,0.5,0.5,0.5,7750.800867192219,Reward Abuse
"A_5cd5d675fd,A_68f6513965",ETHUSDT.PERP,LONG,0.4443395226858121,0.5,0.5,0.5,7750.800867192219,Reward Abuse
"A_5cd5d675fd,A_68f6513965",ETHUSDT.PERP,LONG,0.4443395226858121,0.5,0.5,0.5,7750.800867192219,Reward Abuse
"A_5cd5d675fd,A_68f6513965",ETHUSDT.PERP,LONG,0.4443395226858121,0.5,0.5,0.5,7750.800867192219,Reward Abuse
"A_5cd5d675fd,A_68f6513965",ETHUSDT.PERP,LONG,0.4443395226858121,0.5,0.5,0.5,7750.800867192219,Reward Abuse
"A_5cd5d675fd,A_68f6513965",ETHUSDT.PERP,LONG,0.4443395226858121,0.5,0.5,0.5,7750.800867192219,Reward Abuse
"A_5cd5d675fd,A_68f6513965",ETHUSDT.PERP,LONG,0.4443395226858121,0.5,0.5,0.5,7750.800867192219,Reward Abuse
"A_5cd5d675fd,A_68f6513965",ETHUSDT.PERP,LONG,0.4443395226858121,0.5,0.5,0.5,7750.800867192219,Reward Abuse
"A_5cd5d675fd,A_68f6513965",ETHUSDT.PERP,LONG,0.4443395226858121,0.5,0.5,0.5,7750.800867192219,Reward Abuse
"A_5cd5d675fd,A_68f6513965",ETHUSDT.PERP,SHORT,0.4443395226858121,0.5,0.5,0.5,7750.800867192219,Reward Abuse
"A_5cd5d675fd,A_68f6513965",ETHUSDT.PERP,SHORT,0.4443395226858121,0.5,0.5,0.5,7750.800867192219,Reward Abuse
"A_5cd5d675fd,A_68f6513965",ETHUSDT.PERP,SHORT,0.4443395226858121,0.5,0.5,0.5,7750.800867192219,Reward Abuse
"A_5cd5d675fd,A_68f6513965",ETHUSDT.PERP,SHORT,0.4443395226858121,0.5,0.5,0.5,7750.800867192219,Reward Abuse
"A_5cd5d675fd,A_68f6513965",ETHUSDT.PERP,SHORT,0.4443395226858121,0.5,0.5,0.5,7750.800867192219,Reward Abuse
"A_5cd5d675fd,A_68f6513965",ETHUSDT.PERP,SHORT,0.4443395226858121,0.5,0.5,0.5,7750.800867192219,Reward Abuse
"A_5cd5d675fd,A_68f6513965",ETHUSDT.PERP,SHORT,0.4443395226858121,0.5,0.5,0.5,7750.800867192219,Reward Abuse
"A_5cd5d675fd,A_68f6513965",ETHUSDT.PERP,SHORT,0.4443395226858121,0.5,0.5,0.5,7750.800867192219,Reward Abuse
"A_5cd5d675fd,A_68f6513965",ETHUSDT.PERP,SHORT,0.4443395226858121,0.5,0.5,0.5,7750.800867192219,Reward Abuse
"A_5cd5d675fd,A_68f6513965",ETHUSDT.PERP,SHORT,0.4443395226858121,0.5,0.5,0.5,7750.800867192219,Reward Abuse
"A_68f6513965,A_9366ce5043",BTCUSDT.PERP,LONG,0.4443395226858121,0.5,0.5,0.5,7668.61741959772,Reward Abuse
"A_68f6513965,A_9366ce5043",BTCUSDT.PERP,LONG,0.4443395226858121,0.5,0.5,0.5,7668.61741959772,Reward Abuse
"A_68f6513965,A_94cf7bdada",ETHUSDT.PERP,SHORT,0.4443395226858121,0.5,0.5,0.5,7624.8573110485695,Reward Abuse
"A_68f6513965,A_94cf7bdada",ETHUSDT.PERP,SHORT,0.4443395226858121,0.5,0.5,0.5,7624.8573110485695,Reward Abuse
"A_68f6513965,A_94cf7bdada",ETHUSDT.PERP,SHORT,0.4443395226858121,0.5,0.5,0.5,7624.8573110485695,Reward Abuse
"A_68f6513965,A_94cf7bdada",ETHUSDT.PERP,SHORT,0.4443395226858121,0.5,0.5,0.5,7624.8573110485695,Reward Abuse
"A_68f6513965,A_94cf7bdada",ETHUSDT.PERP,SHORT,0.4443395226858121,0.5,0.5,0.5,7624.8573110485695,Reward Abuse
"A_68f6513965,A_94cf7bdada",ETHUSDT.PERP,SHORT,0.4443395226858121,0.5,0.5,0.5,7624.8573110485695,Reward Abuse
"A_68f6513965,A_94cf7bdada",ETHUSDT.PERP,SHORT,0.4443395226858121,0.5,0.5,0.5,7624.8573110485695,Reward Abuse
"A_5cd5d675fd,A_dae7cf0dd9",ETHUSDT.PERP,SHORT,0.4443395226858121,0.5,0.5,0.5,7565.026943923365,Reward Abuse
"A_5cd5d675fd,A_dae7cf0dd9",ETHUSDT.PERP,SHORT,0.4443395226858121,0.5,0.5,0.5,7565.026943923365,Reward Abuse
"A_68f6513965,A_9a5e1e7fac",ETHUSDT.PERP,LONG,0.4443395226858121,0.5,0.5,0.5,7491.143992017902,Reward Abuse
"A_68f6513965,A_9a5e1e7fac",ETHUSDT.PERP,LONG,0.4443395226858121,0.5,0.5,0.5,7491.143992017902,Reward Abuse
"A_68f6513965,A_9a5e1e7fac",ETHUSDT.PERP,SHORT,0.4443395226858121,0.5,0.5,0.5,7491.143992017902,Reward Abuse
"A_68f6513965,A_9a5e1e7fac",ETHUSDT.PERP,SHORT,0.4443395226858121,0.5,0.5,0.5,7491.143992017902,Reward Abuse
"A_68f6513965,A_9a5e1e7fac",ETHUSDT.PERP,SHORT,0.4443395226858121,0.5,0.5,0.5,7491.143992017902,Reward Abuse
"A_68f6513965,A_9a5e1e7fac",ETHUSDT.PERP,SHORT,0.4443395226858121,0.5,0.5,0.5,7491.143992017902,Reward Abuse
"A_68f6513965,A_9a5e1e7fac",ETHUSDT.PERP,SHORT,0.4443395226858121,0.5,0.5,0.5,7491.143992017902,Reward Abuse
"A_68f6513965,A_9a5e1e7fac",ETHUSDT.PERP,SHORT,0.4443395226858121,0.5,0.5,0.5,7491.143992017902,Reward Abuse
"A_68f6513965,A_9a5e1e7fac",ETHUSDT.PERP,SHORT,0.4443395226858121,0.5,0.5,0.5,7491.143992017902,Reward Abuse
"A_68f6513965,A_9a5e1e7fac",ETHUSDT.PERP,SHORT,0.4443395226858121,0.5,0.5,0.5,7491.143992017902,Reward Abuse
"A_0ad0445c5a,A_d444580218",2ZUSDT.PERP,SHORT,0.4443395226858121,0.5,0.0,1.0,6105.445064727335,Reward Abuse
"A_1a7c006b71,A_3cab2969e5",ETHUSDT.PERP,LONG,0.4443395226858121,0.5,0.5,0.5,3488.9528140017974,Reward Abuse
"A_64a414bc30,A_e27beda014",BTCUSDT.PERP,LONG,0.4443395226858121,0.5,0.5,0.5,3365.9018794076837,Reward Abuse
"A_5cd5d675fd,A_64a414bc30",ETHUSDT.PERP,LONG,0.4443395226858121,0.5,0.5,0.5,3164.968358238169,Reward Abuse
"A_5cd5d675fd,A_64a414bc30",ETHUSDT.PERP,LONG,0.4443395226858121,0.5,0.5,0.5,3164.968358238169,Reward Abuse
"A_5cd5d675fd,A_64a414bc30",ETHUSDT.PERP,LONG,0.4443395226858121,0.5,0.5,0.5,3164.968358238169,Reward Abuse
"A_5cd5d675fd,A_64a414bc30",ETHUSDT.PERP,LONG,0.4443395226858121,0.5,0.5,0.5,3164.968358238169,Reward Abuse
"A_5cd5d675fd,A_64a414bc30",ETHUSDT.PERP,LONG,0.4443395226858121,0.5,0.5,0.5,3164.968358238169,Reward Abuse
"A_5cd5d675fd,A_64a414bc30",ETHUSDT.PERP,LONG,0.4443395226858121,0.5,0.5,0.5,3164.968358238169,Reward Abuse
"A_5cd5d675fd,A_64a414bc30",ETHUSDT.PERP,LONG,0.4443395226858121,0.5,0.5,0.5,3164.968358238169,Reward Abuse
"A_5cd5d675fd,A_64a414bc30",ETHUSDT.PERP,LONG,0.4443395226858121,0.5,0.5,0.5,3164.968358238169,Reward Abuse
"A_5cd5d675fd,A_64a414bc30",ETHUSDT.PERP,LONG,0.4443395226858121,0.5,0.5,0.5,3164.968358238169,Reward Abuse
"A_5cd5d675fd,A_64a414bc30",ETHUSDT.PERP,LONG,0.4443395226858121,0.5,0.5,0.5,3164.968358238169,Reward Abuse
"A_5cd5d675fd,A_64a414bc30",ETHUSDT.PERP,LONG,0.4443395226858121,0.5,0.5,0.5,3164.968358238169,Reward Abuse
"A_5cd5d675fd,A_64a414bc30",ETHUSDT.PERP,LONG,0.4443395226858121,0.5,0.5,0.5,3164.968358238169,Reward Abuse
"A_5cd5d675fd,A_64a414bc30",ETHUSDT.PERP,SHORT,0.4443395226858121,0.5,0.5,0.5,3164.968358238169,Reward Abuse
"A_5cd5d675fd,A_64a414bc30",ETHUSDT.PERP,SHORT,0.4443395226858121,0.5,0.5,0.5,3164.968358238169,Reward Abuse
"A_5cd5d675fd,A_64a414bc30",ETHUSDT.PERP,SHORT,0.4443395226858121,0.5,0.5,0.5,3164.968358238169,Reward Abuse
"A_5cd5d675fd,A_64a414bc30",ETHUSDT.PERP,SHORT,0.4443395226858121,0.5,0.5,0.5,3164.968358238169,Reward Abuse
"A_5cd5d675fd,A_64a414bc30",ETHUSDT.PERP,SHORT,0.4443395226858121,0.5,0.5,0.5,3164.968358238169,Reward Abuse
"A_5cd5d675fd,A_64a414bc30",ETHUSDT.PERP,SHORT,0.4443395226858121,0.5,0.5,0.5,3164.968358238169,Reward Abuse
"A_5cd5d675fd,A_64a414bc30",ETHUSDT.PERP,SHORT,0.4443395226858121,0.5,0.5,0.5,3164.968358238169,Reward Abuse
"A_5cd5d675fd,A_64a414bc30",ETHUSDT.PERP,SHORT,0.4443395226858121,0.5,0.5,0.5,3164.968358238169,Reward Abuse
"A_5cd5d675fd,A_64a414bc30",ETHUSDT.PERP,SHORT,0.4443395226858121,0.5,0.5,0.5,3164.968358238169,Reward Abuse
"A_5cd5d675fd,A_64a414bc30",ETHUSDT.PERP,SHORT,0.4443395226858121,0.5,0.5,0.5,3164.968358238169,Reward Abuse
"A_5cd5d675fd,A_64a414bc30",ETHUSDT.PERP,SHORT,0.4443395226858121,0.5,0.5,0.5,3164.968358238169,Reward Abuse
"A_5cd5d675fd,A_64a414bc30",ETHUSDT.PERP,SHORT,0.4443395226858121,0.5,0.5,0.5,3164.968358238169,Reward Abuse
"A_5cd5d675fd,A_64a414bc30",ETHUSDT.PERP,SHORT,0.4443395226858121,0.5,0.5,0.5,3164.968358238169,Reward Abuse
"A_5cd5d675fd,A_64a414bc30",ETHUSDT.PERP,SHORT,0.4443395226858121,0.5,0.5,0.5,3164.968358238169,Reward Abuse
"A_5cd5d675fd,A_64a414bc30",ETHUSDT.PERP,SHORT,0.4443395226858121,0.5,0.5,0.5,3164.968358238169,Reward Abuse
"A_64a414bc30,A_94cf7bdada",ETHUSDT.PERP,SHORT,0.4443395226858121,0.5,0.5,0.5,3039.0248020945196,Reward Abuse
"A_64a414bc30,A_94cf7bdada",ETHUSDT.PERP,SHORT,0.4443395226858121,0.5,0.5,0.5,3039.0248020945196,Reward Abuse
"A_64a414bc30,A_94cf7bdada",ETHUSDT.PERP,SHORT,0.4443395226858121,0.5,0.5,0.5,3039.0248020945196,Reward Abuse
"A_64a414bc30,A_94cf7bdada",ETHUSDT.PERP,SHORT,0.4443395226858121,0.5,0.5,0.5,3039.0248020945196,Reward Abuse
"A_64a414bc30,A_9a5e1e7fac",ETHUSDT.PERP,LONG,0.4443395226858121,0.5,0.5,0.5,2905.3114830638524,Reward Abuse
"A_64a414bc30,A_9a5e1e7fac",ETHUSDT.PERP,SHORT,0.4443395226858121,0.5,0.5,0.5,2905.3114830638524,Reward Abuse
"A_64a414bc30,A_9a5e1e7fac",ETHUSDT.PERP,SHORT,0.4443395226858121,0.5,0.5,0.5,2905.3114830638524,Reward Abuse
"A_64a414bc30,A_9a5e1e7fac",ETHUSDT.PERP,SHORT,0.4443395226858121,0.5,0.5,0.5,2905.3114830638524,Reward Abuse
"A_64a414bc30,A_9a5e1e7fac",ETHUSDT.PERP,SHORT,0.4443395226858121,0.5,0.5,0.5,2905.3114830638524,Reward Abuse
"A_64a414bc30,A_9a5e1e7fac",ETHUSDT.PERP,SHORT,0.4443395226858121,0.5,0.5,0.5,2905.3114830638524,Reward Abuse
"A_64a414bc30,A_9a5e1e7fac",ETHUSDT.PERP,SHORT,0.4443395226858121,0.5,0.5,0.5,2905.3114830638524,Reward Abuse
"A_64a414bc30,A_9a5e1e7fac",ETHUSDT.PERP,SHORT,0.4443395226858121,0.5,0.5,0.5,2905.3114830638524,Reward Abuse
"A_64a414bc30,A_9a5e1e7fac",ETHUSDT.PERP,SHORT,0.4443395226858121,0.5,0.5,0.5,2905.3114830638524,Reward Abuse
"A_64a414bc30,A_9a5e1e7fac",ETHUSDT.PERP,SHORT,0.4443395226858121,0.5,0.5,0.5,2905.3114830638524,Reward Abuse
"A_64a414bc30,A_9a5e1e7fac",ETHUSDT.PERP,SHORT,0.4443395226858121,0.5,0.5,0.5,2905.3114830638524,Reward Abuse
"A_64a414bc30,A_9a5e1e7fac",ETHUSDT.PERP,SHORT,0.4443395226858121,0.5,0.5,0.5,2905.3114830638524,Reward Abuse
"A_64a414bc30,A_9a5e1e7fac",ETHUSDT.PERP,SHORT,0.4443395226858121,0.5,0.5,0.5,2905.3114830638524,Reward Abuse
"A_64a414bc30,A_9a5e1e7fac",ETHUSDT.PERP,SHORT,0.4443395226858121,0.5,0.5,0.5,2905.3114830638524,Reward Abuse
"A_78e950c1a2,A_89cf7b96c2",BTCUSDT.PERP,LONG,0.4443395226858121,0.5,0.5,0.5,1467.488002179082,Reward Abuse
"A_78e950c1a2,A_89cf7b96c2",BTCUSDT.PERP,LONG,0.4443395226858121,0.5,0.5,0.5,1467.488002179082,Reward Abuse
"A_4943ad62b4,A_e27beda014",BTCUSDT.PERP,LONG,0.4443395226858121,1.0,0.0,0.5,593.0724267250464,Reward Abuse
"A_4943ad62b4,A_e27beda014",BTCUSDT.PERP,LONG,0.4443395226858121,1.0,0.0,0.5,593.0724267250464,Reward Abuse
"A_4943ad62b4,A_e27beda014",BTCUSDT.PERP,LONG,0.4443395226858121,1.0,0.0,0.5,593.0724267250464,Reward Abuse
"A_4943ad62b4,A_e27beda014",BTCUSDT.PERP,LONG,0.4443395226858121,1.0,0.0,0.5,593.0724267250464,Reward Abuse
"A_4943ad62b4,A_e27beda014",BTCUSDT.PERP,LONG,0.4443395226858121,1.0,0.0,0.5,593.0724267250464,Reward Abuse
"A_4943ad62b4,A_e27beda014",BTCUSDT.PERP,LONG,0.4443395226858121,1.0,0.0,0.5,593.0724267250464,Reward Abuse
"A_4943ad62b4,A_e27beda014",BTCUSDT.PERP,LONG,0.4443395226858121,1.0,0.0,0.5,593.0724267250464,Reward Abuse
"A_4943ad62b4,A_e27beda014",BTCUSDT.PERP,LONG,0.4443395226858121,1.0,0.0,0.5,593.0724267250464,Reward Abuse
"A_4943ad62b4,A_e27beda014",BTCUSDT.PERP,LONG,0.4443395226858121,1.0,0.0,0.5,593.0724267250464,Reward Abuse
"A_4943ad62b4,A_e27beda014",BTCUSDT.PERP,LONG,0.4443395226858121,1.0,0.0,0.5,593.0724267250464,Reward Abuse
"A_4943ad62b4,A_e27beda014",BTCUSDT.PERP,LONG,0.4443395226858121,1.0,0.0,0.5,593.0724267250464,Reward Abuse
"A_4943ad62b4,A_e27beda014",BTCUSDT.PERP,LONG,0.4443395226858121,1.0,0.0,0.5,593.0724267250464,Reward Abuse
"A_4943ad62b4,A_e27beda014",BTCUSDT.PERP,LONG,0.4443395226858121,1.0,0.0,0.5,593.0724267250464,Reward Abuse
"A_4943ad62b4,A_e27beda014",BTCUSDT.PERP,LONG,0.4443395226858121,1.0,0.0,0.5,593.0724267250464,Reward Abuse
"A_4943ad62b4,A_e27beda014",BTCUSDT.PERP,LONG,0.4443395226858121,1.0,0.0,0.5,593.0724267250464,Reward Abuse
"A_4943ad62b4,A_e27beda014",BTCUSDT.PERP,LONG,0.4443395226858121,1.0,0.0,0.5,593.0724267250464,Reward Abuse
"A_4943ad62b4,A_e27beda014",BTCUSDT.PERP,LONG,0.4443395226858121,1.0,0.0,0.5,593.0724267250464,Reward Abuse
"A_4943ad62b4,A_e27beda014",BTCUSDT.PERP,LONG,0.4443395226858121,1.0,0.0,0.5,593.0724267250464,Reward Abuse
"A_4943ad62b4,A_e27beda014",BTCUSDT.PERP,LONG,0.4443395226858121,1.0,0.0,0.5,593.0724267250464,Reward Abuse
"A_4943ad62b4,A_e27beda014",BTCUSDT.PERP,LONG,0.4443395226858121,1.0,0.0,0.5,593.0724267250464,Reward Abuse
"A_4943ad62b4,A_e27beda014",BTCUSDT.PERP,LONG,0.4443395226858121,1.0,0.0,0.5,593.0724267250464,Reward Abuse
"A_4943ad62b4,A_e27beda014",BTCUSDT.PERP,LONG,0.4443395226858121,1.0,0.0,0.5,593.0724267250464,Reward Abuse
"A_4943ad62b4,A_e27beda014",BTCUSDT.PERP,LONG,0.4443395226858121,1.0,0.0,0.5,593.0724267250464,Reward Abuse
"A_4943ad62b4,A_e27beda014",BTCUSDT.PERP,LONG,0.4443395226858121,1.0,0.0,0.5,593.0724267250464,Reward Abuse
"A_4943ad62b4,A_e27beda014",BTCUSDT.PERP,LONG,0.4443395226858121,1.0,0.0,0.5,593.0724267250464,Reward Abuse
"A_4943ad62b4,A_e27beda014",BTCUSDT.PERP,SHORT,0.4443395226858121,1.0,0.0,0.5,593.0724267250464,Reward Abuse
"A_4943ad62b4,A_e27beda014",BTCUSDT.PERP,SHORT,0.4443395226858121,1.0,0.0,0.5,593.0724267250464,Reward Abuse
"A_4943ad62b4,A_e27beda014",BTCUSDT.PERP,SHORT,0.4443395226858121,1.0,0.0,0.5,593.0724267250464,Reward Abuse
"A_4943ad62b4,A_e27beda014",BTCUSDT.PERP,SHORT,0.4443395226858121,1.0,0.0,0.5,593.0724267250464,Reward Abuse
"A_4943ad62b4,A_e27beda014",BTCUSDT.PERP,SHORT,0.4443395226858121,1.0,0.0,0.5,593.0724267250464,Reward Abuse
"A_4943ad62b4,A_e27beda014",BTCUSDT.PERP,SHORT,0.4443395226858121,1.0,0.0,0.5,593.0724267250464,Reward Abuse
"A_4943ad62b4,A_e27beda014",BTCUSDT.PERP,SHORT,0.4443395226858121,1.0,0.0,0.5,593.0724267250464,Reward Abuse
"A_4943ad62b4,A_e27beda014",BTCUSDT.PERP,SHORT,0.4443395226858121,1.0,0.0,0.5,593.0724267250464,Reward Abuse
"A_4943ad62b4,A_e27beda014",BTCUSDT.PERP,SHORT,0.4443395226858121,1.0,0.0,0.5,593.0724267250464,Reward Abuse
"A_4943ad62b4,A_e27beda014",BTCUSDT.PERP,SHORT,0.4443395226858121,1.0,0.0,0.5,593.0724267250464,Reward Abuse
"A_4943ad62b4,A_e27beda014",BTCUSDT.PERP,SHORT,0.4443395226858121,1.0,0.0,0.5,593.0724267250464,Reward Abuse
"A_4943ad62b4,A_e27beda014",BTCUSDT.PERP,SHORT,0.4443395226858121,1.0,0.0,0.5,593.0724267250464,Reward Abuse
"A_4943ad62b4,A_e27beda014",BTCUSDT.PERP,SHORT,0.4443395226858121,1.0,0.0,0.5,593.0724267250464,Reward Abuse
"A_4943ad62b4,A_e27beda014",BTCUSDT.PERP,SHORT,0.4443395226858121,1.0,0.0,0.5,593.0724267250464,Reward Abuse
"A_4943ad62b4,A_e27beda014",BTCUSDT.PERP,SHORT,0.4443395226858121,1.0,0.0,0.5,593.0724267250464,Reward Abuse
"A_4943ad62b4,A_e27beda014",BTCUSDT.PERP,SHORT,0.4443395226858121,1.0,0.0,0.5,593.0724267250464,Reward Abuse
"A_4943ad62b4,A_e27beda014",BTCUSDT.PERP,SHORT,0.4443395226858121,1.0,0.0,0.5,593.0724267250464,Reward Abuse
"A_4943ad62b4,A_e27beda014",BTCUSDT.PERP,SHORT,0.4443395226858121,1.0,0.0,0.5,593.0724267250464,Reward Abuse
"A_4943ad62b4,A_e27beda014",BTCUSDT.PERP,SHORT,0.4443395226858121,1.0,0.0,0.5,593.0724267250464,Reward Abuse
"A_4943ad62b4,A_e27beda014",BTCUSDT.PERP,SHORT,0.4443395226858121,1.0,0.0,0.5,593.0724267250464,Reward Abuse
"A_4943ad62b4,A_e27beda014",BTCUSDT.PERP,SHORT,0.4443395226858121,1.0,0.0,0.5,593.0724267250464,Reward Abuse
"A_4943ad62b4,A_e27beda014",BTCUSDT.PERP,SHORT,0.4443395226858121,1.0,0.0,0.5,593.0724267250464,Reward Abuse
"A_4943ad62b4,A_e27beda014",BTCUSDT.PERP,SHORT,0.4443395226858121,1.0,0.0,0.5,593.0724267250464,Reward Abuse
"A_4943ad62b4,A_e27beda014",BTCUSDT.PERP,SHORT,0.4443395226858121,1.0,0.0,0.5,593.0724267250464,Reward Abuse
"A_4943ad62b4,A_e27beda014",BTCUSDT.PERP,SHORT,0.4443395226858121,1.0,0.0,0.5,593.0724267250464,Reward Abuse
"A_4943ad62b4,A_e27beda014",ETHUSDT.PERP,LONG,0.4443395226858121,1.0,0.0,0.5,593.0724267250464,Reward Abuse
"A_4943ad62b4,A_e27beda014",ETHUSDT.PERP,LONG,0.4443395226858121,1.0,0.0,0.5,593.0724267250464,Reward Abuse
"A_4943ad62b4,A_e27beda014",ETHUSDT.PERP,LONG,0.4443395226858121,1.0,0.0,0.5,593.0724267250464,Reward Abuse
"A_4943ad62b4,A_e27beda014",ETHUSDT.PERP,SHORT,0.4443395226858121,1.0,0.0,0.5,593.0724267250464,Reward Abuse
"A_3b4f58349f,A_4943ad62b4",BTCUSDT.PERP,SHORT,0.4443395226858121,0.5,0.5,0.5,364.1864697857739,Reward Abuse
"A_ebdb869fd3,A_ef035876f1",FUNUSDT.PERP,LONG,0.4443395226858121,0.5,0.5,0.5,340.00731062779994,Reward Abuse
"A_ebdb869fd3,A_ef035876f1",FUNUSDT.PERP,LONG,0.4443395226858121,0.5,0.5,0.5,340.00731062779994,Reward Abuse
"A_64a414bc30,A_ace0a74506",ETHUSDT.PERP,LONG,0.4443395226858121,0.5,0.5,0.5,330.7330799823362,Reward Abuse
"A_78e950c1a2,A_e27beda014",BTCUSDT.PERP,LONG,0.4443395226858121,0.5,0.5,0.5,225.79292795260068,Reward Abuse
"A_78e950c1a2,A_e27beda014",BTCUSDT.PERP,LONG,0.4443395226858121,0.5,0.5,0.5,225.79292795260068,Reward Abuse
"A_6960c2ee08,A_78e950c1a2",BTCUSDT.PERP,SHORT,0.4443395226858121,0.5,0.5,0.5,222.70607957339098,Reward Abuse
"A_6960c2ee08,A_78e950c1a2",BTCUSDT.PERP,SHORT,0.4443395226858121,0.5,0.5,0.5,222.70607957339098,Reward Abuse
"A_4943ad62b4,A_78e950c1a2",BTCUSDT.PERP,LONG,0.4443395226858121,0.5,0.5,0.5,138.08478678163783,Reward Abuse
"A_4943ad62b4,A_78e950c1a2",BTCUSDT.PERP,LONG,0.4443395226858121,0.5,0.5,0.5,138.08478678163783,Reward Abuse
"A_4943ad62b4,A_78e950c1a2",BTCUSDT.PERP,LONG,0.4443395226858121,0.5,0.5,0.5,138.08478678163783,Reward Abuse
"A_4943ad62b4,A_78e950c1a2",BTCUSDT.PERP,LONG,0.4443395226858121,0.5,0.5,0.5,138.08478678163783,Reward Abuse
"A_78e950c1a2,A_9366ce5043",BTCUSDT.PERP,LONG,0.4443395226858121,0.5,0.5,0.5,-57.324040811413084,Reward Abuse
"A_78e950c1a2,A_9366ce5043",BTCUSDT.PERP,LONG,0.4443395226858121,0.5,0.5,0.5,-57.324040811413084,Reward Abuse
"A_78e950c1a2,A_9366ce5043",BTCUSDT.PERP,SHORT,0.4443395226858121,0.5,0.5,0.5,-57.324040811413084,Reward Abuse
"A_68f6513965,A_b2bc71e131",ETHUSDT.PERP,SHORT,0.4443395226858121,0.5,0.5,0.5,-806.5465950217113,Reward Abuse
"A_b2bc71e131,A_dae7cf0dd9",ETHUSDT.PERP,SHORT,0.4443395226858121,0.5,0.5,0.5,-992.3205182905649,Reward Abuse
"A_1a7c006b71,A_3943c4c480",ETHUSDT.PERP,SHORT,0.4443395226858121,0.5,0.5,0.5,-3435.7898413064236,Reward Abuse
"A_1a7c006b71,A_5cd5d675fd",ETHUSDT.PERP,LONG,0.4443395226858121,0.5,0.5,0.5,-3437.136540976512,Reward Abuse
"A_1a7c006b71,A_5cd5d675fd",ETHUSDT.PERP,LONG,0.4443395226858121,0.5,0.5,0.5,-3437.136540976512,Reward Abuse
"A_1a7c006b71,A_5cd5d675fd",ETHUSDT.PERP,LONG,0.4443395226858121,0.5,0.5,0.5,-3437.136540976512,Reward Abuse
"A_1a7c006b71,A_5cd5d675fd",ETHUSDT.PERP,SHORT,0.4443395226858121,0.5,0.5,0.5,-3437.136540976512,Reward Abuse
"A_1a7c006b71,A_5cd5d675fd",ETHUSDT.PERP,SHORT,0.4443395226858121,0.5,0.5,0.5,-3437.136540976512,Reward Abuse
"A_1a7c006b71,A_9366ce5043",ETHUSDT.PERP,LONG,0.4443395226858121,0.5,0.5,0.5,-3519.3199885710114,Reward Abuse
"A_0ad0445c5a,A_f96ede8d34",COMMONUSDT.PERP,LONG,0.4443395226858121,0.5,0.0,1.0,-10083.065563267488,Reward Abuse
"A_0ad0445c5a,A_f96ede8d34",COMMONUSDT.PERP,LONG,0.4443395226858121,0.5,0.0,1.0,-10083.065563267488,Reward Abuse
"A_0ad0445c5a,A_f96ede8d34",RDNTUSDT.PERP,SHORT,0.4443395226858121,0.5,0.0,1.0,-10083.065563267488,Reward Abuse
"A_0ad0445c5a,A_f96ede8d34",TANSSIUSDT.PERP,SHORT,0.4443395226858121,0.5,0.0,1.0,-10083.065563267488,Reward Abuse
"A_1a7c006b71,A_b2bc71e131",HYPERUSDT.PERP,SHORT,0.4443395226858121,0.5,0.5,0.5,-11994.484003190442,Reward Abuse
"A_1a7c006b71,A_b2bc71e131",HYPERUSDT.PERP,SHORT,0.4443395226858121,0.5,0.5,0.5,-11994.484003190442,Reward Abuse
"A_2ba62f7b20,A_68f6513965",ETHUSDT.PERP,LONG,0.4443395226858121,0.5,0.5,0.5,-40077.84553250942,Reward Abuse
"A_2ba62f7b20,A_78e950c1a2",BTCUSDT.PERP,SHORT,0.4443395226858121,0.5,0.5,0.5,-47803.786992918554,Reward Abuse
"A_59b90616d6,A_e8e9d04acc",BTCUSDT.PERP,LONG,0.4443395226858121,0.5,0.5,0.5,-121324.56440958925,Reward Abuse
"A_3b4f58349f,A_59b90616d6",BTCUSDT.PERP,SHORT,0.4443395226858121,0.5,0.5,0.5,-164190.80767913404,Reward Abuse
"A_3b4f58349f,A_59b90616d6",BTCUSDT.PERP,SHORT,0.4443395226858121,0.5,0.5,0.5,-164190.80767913404,Reward Abuse
"A_59b90616d6,A_ace0a74506",BTCUSDT.PERP,LONG,0.4443395226858121,0.5,0.0,1.0,-166997.09052162012,Reward Abuse
"A_59b90616d6,A_ace0a74506",BTCUSDT.PERP,LONG,0.4443395226858121,0.5,0.0,1.0,-166997.09052162012,Reward Abuse
"A_59b90616d6,A_ace0a74506",BTCUSDT.PERP,LONG,0.4443395226858121,0.5,0.0,1.0,-166997.09052162012,Reward Abuse
"A_59b90616d6,A_ace0a74506",BTCUSDT.PERP,LONG,0.4443395226858121,0.5,0.0,1.0,-166997.09052162012,Reward Abuse
"A_59b90616d6,A_ace0a74506",BTCUSDT.PERP,LONG,0.4443395226858121,0.5,0.0,1.0,-166997.09052162012,Reward Abuse
"A_59b90616d6,A_ace0a74506",BTCUSDT.PERP,LONG,0.4443395226858121,0.5,0.0,1.0,-166997.09052162012,Reward Abuse
"A_59b90616d6,A_ace0a74506",BTCUSDT.PERP,LONG,0.4443395226858121,0.5,0.0,1.0,-166997.09052162012,Reward Abuse
"A_59b90616d6,A_ace0a74506",BTCUSDT.PERP,LONG,0.4443395226858121,0.5,0.0,1.0,-166997.09052162012,Reward Abuse
"A_59b90616d6,A_ace0a74506",BTCUSDT.PERP,LONG,0.4443395226858121,0.5,0.0,1.0,-166997.09052162012,Reward Abuse
"A_59b90616d6,A_ace0a74506",BTCUSDT.PERP,LONG,0.4443395226858121,0.5,0.0,1.0,-166997.09052162012,Reward Abuse
"A_59b90616d6,A_ace0a74506",BTCUSDT.PERP,LONG,0.4443395226858121,0.5,0.0,1.0,-166997.09052162012,Reward Abuse
"A_522c68dd44,A_e8e9d04acc",BTCUSDT.PERP,LONG,0.4443395226858121,0.5,0.5,0.5,-167293.19410235793,Reward Abuse
"A_522c68dd44,A_68f6513965",ETHUSDT.PERP,LONG,0.4443395226858121,0.5,0.5,0.5,-202659.59759449773,Reward Abuse
"A_522c68dd44,A_64a414bc30",ETHUSDT.PERP,LONG,0.4443395226858121,0.5,0.5,0.5,-207245.43010345177,Reward Abuse
"A_522c68dd44,A_78e950c1a2",BTCUSDT.PERP,SHORT,0.4443395226858121,0.5,0.5,0.5,-210385.53905490687,Reward Abuse
"A_1a7c006b71,A_522c68dd44",ETHUSDT.PERP,LONG,0.4443395226858121,0.5,0.5,0.5,-213847.53500266647,Reward Abuse
"A_1a7c006b71,A_522c68dd44",ETHUSDT.PERP,LONG,0.4443395226858121,0.5,0.5,0.5,-213847.53500266647,Reward Abuse
"A_06d5bd3da9,A_ae270b7bf6",ETHUSDT.PERP,SHORT,0.4443395226858121,0.5,0.5,0.5,-260639.64307854185,Reward Abuse
"A_3b4f58349f,A_48fbd03d61",BTCUSDT.PERP,LONG,0.4443395226858121,0.5,0.5,0.5,-374129.4150399161,Reward Abuse
"A_3b4f58349f,A_48fbd03d61",BTCUSDT.PERP,LONG,0.4443395226858121,0.5,0.5,0.5,-374129.4150399161,Reward Abuse
"A_3b4f58349f,A_48fbd03d61",BTCUSDT.PERP,SHORT,0.4443395226858121,0.5,0.5,0.5,-374129.4150399161,Reward Abuse
"A_3b4f58349f,A_48fbd03d61",BTCUSDT.PERP,SHORT,0.4443395226858121,0.5,0.5,0.5,-374129.4150399161,Reward Abuse
"A_3b4f58349f,A_48fbd03d61",BTCUSDT.PERP,SHORT,0.4443395226858121,0.5,0.5,0.5,-374129.4150399161,Reward Abuse
"A_507a86d368,A_78e950c1a2",BTCUSDT.PERP,LONG,0.4443395226858121,0.5,0.5,0.5,-418843.4137315986,Reward Abuse
"A_507a86d368,A_78e950c1a2",BTCUSDT.PERP,LONG,0.4443395226858121,0.5,0.5,0.5,-418843.4137315986,Reward Abuse
"A_1a7c006b71,A_507a86d368",HYPERUSDT.PERP,LONG,0.4443395226858121,0.5,0.5,0.5,-422305.4096793582,Reward Abuse
"A_1a7c006b71,A_507a86d368",HYPERUSDT.PERP,LONG,0.4443395226858121,0.5,0.5,0.5,-422305.4096793582,Reward Abuse
"A_1a7c006b71,A_507a86d368",HYPERUSDT.PERP,LONG,0.4443395226858121,0.5,0.5,0.5,-422305.4096793582,Reward Abuse
"A_1a7c006b71,A_507a86d368",HYPERUSDT.PERP,LONG,0.4443395226858121,0.5,0.5,0.5,-422305.4096793582,Reward Abuse
"A_1a7c006b71,A_507a86d368",HYPERUSDT.PERP,LONG,0.4443395226858121,0.5,0.5,0.5,-422305.4096793582,Reward Abuse
"A_1a7c006b71,A_507a86d368",HYPERUSDT.PERP,LONG,0.4443395226858121,0.5,0.5,0.5,-422305.4096793582,Reward Abuse
"A_78e950c1a2,A_f2ab53d645",BTCUSDT.PERP,LONG,0.4443395226858121,0.5,0.5,0.5,-553960.4475856303,Reward Abuse
"A_78e950c1a2,A_f2ab53d645",BTCUSDT.PERP,LONG,0.4443395226858121,0.5,0.5,0.5,-553960.4475856303,Reward Abuse
"A_b2bc71e131,A_f2ab53d645",APTUSDT.PERP,SHORT,0.4443395226858121,0.5,0.0,1.0,-562263.7409290704,Reward Abuse
"A_b2bc71e131,A_f2ab53d645",NXPCUSDT.PERP,SHORT,0.4443395226858121,0.5,0.0,1.0,-562263.7409290704,Reward Abuse
"A_b2bc71e131,A_f2ab53d645",NXPCUSDT.PERP,SHORT,0.4443395226858121,0.5,0.0,1.0,-562263.7409290704,Reward Abuse
"A_b2bc71e131,A_f2ab53d645",NXPCUSDT.PERP,SHORT,0.4443395226858121,0.5,0.0,1.0,-562263.7409290704,Reward Abuse
"A_359a23d0bd,A_9788666227",BTCUSDT.PERP,LONG,0.4443395226858121,0.5,0.5,0.5,-666293.1025633968,Reward Abuse
"A_9788666227,A_ae270b7bf6",BTCUSDT.PERP,LONG,0.4443395226858121,0.5,0.5,0.5,-717519.5432549862,Reward Abuse
"A_9788666227,A_ae270b7bf6",ETHUSDT.PERP,LONG,0.4443395226858121,0.5,0.5,0.5,-717519.5432549862,Reward Abuse
"A_9788666227,A_ae270b7bf6",ETHUSDT.PERP,LONG,0.4443395226858121,0.5,0.5,0.5,-717519.5432549862,Reward Abuse
"A_9788666227,A_ae270b7bf6",ETHUSDT.PERP,LONG,0.4443395226858121,0.5,0.5,0.5,-717519.5432549862,Reward Abuse
"A_9788666227,A_ae270b7bf6",ETHUSDT.PERP,LONG,0.4443395226858121,0.5,0.5,0.5,-717519.5432549862,Reward Abuse
"A_ae270b7bf6,A_e8e9d04acc",BTCUSDT.PERP,LONG,0.4443395226858121,0.5,0.5,0.5,-1129536.3851552322,Reward Abuse
"A_ae270b7bf6,A_e8e9d04acc",BTCUSDT.PERP,LONG,0.4443395226858121,0.5,0.5,0.5,-1129536.3851552322,Reward Abuse
"A_ae270b7bf6,A_e8e9d04acc",BTCUSDT.PERP,LONG,0.4443395226858121,0.5,0.5,0.5,-1129536.3851552322,Reward Abuse
"A_ae270b7bf6,A_c462ca9c6b",ETHUSDT.PERP,LONG,0.4443395226858121,0.5,0.0,1.0,-1153926.9676893218,Reward Abuse
"A_ae270b7bf6,A_c462ca9c6b",ETHUSDT.PERP,LONG,0.4443395226858121,0.5,0.0,1.0,-1153926.9676893218,Reward Abuse
"A_ae270b7bf6,A_c462ca9c6b",ETHUSDT.PERP,LONG,0.4443395226858121,0.5,0.0,1.0,-1153926.9676893218,Reward Abuse
"A_dcd87c6c96,A_e7205c325a",BTCUSDT.PERP,LONG,0.4443395226858121,0.5,0.0,1.0,-1155098.8875928998,Reward Abuse
"A_dcd87c6c96,A_e7205c325a",BTCUSDT.PERP,LONG,0.4443395226858121,0.5,0.0,1.0,-1155098.8875928998,Reward Abuse
"A_dcd87c6c96,A_e7205c325a",BTCUSDT.PERP,LONG,0.4443395226858121,0.5,0.0,1.0,-1155098.8875928998,Reward Abuse
"A_dcd87c6c96,A_e7205c325a",BTCUSDT.PERP,LONG,0.4443395226858121,0.5,0.0,1.0,-1155098.8875928998,Reward Abuse
"A_dcd87c6c96,A_e7205c325a",BTCUSDT.PERP,LONG,0.4443395226858121,0.5,0.0,1.0,-1155098.8875928998,Reward Abuse
"A_dcd87c6c96,A_e7205c325a",BTCUSDT.PERP,LONG,0.4443395226858121,0.5,0.0,1.0,-1155098.8875928998,Reward Abuse
"A_dcd87c6c96,A_e7205c325a",BTCUSDT.PERP,LONG,0.4443395226858121,0.5,0.0,1.0,-1155098.8875928998,Reward Abuse
"A_dcd87c6c96,A_e7205c325a",BTCUSDT.PERP,LONG,0.4443395226858121,0.5,0.0,1.0,-1155098.8875928998,Reward Abuse
"A_dcd87c6c96,A_e7205c325a",BTCUSDT.PERP,LONG,0.4443395226858121,0.5,0.0,1.0,-1155098.8875928998,Reward Abuse
"A_dcd87c6c96,A_e7205c325a",BTCUSDT.PERP,LONG,0.4443395226858121,0.5,0.0,1.0,-1155098.8875928998,Reward Abuse
"A_dcd87c6c96,A_e7205c325a",BTCUSDT.PERP,LONG,0.4443395226858121,0.5,0.0,1.0,-1155098.8875928998,Reward Abuse
"A_dcd87c6c96,A_e7205c325a",BTCUSDT.PERP,LONG,0.4443395226858121,0.5,0.0,1.0,-1155098.8875928998,Reward Abuse
"A_dcd87c6c96,A_e7205c325a",BTCUSDT.PERP,LONG,0.4443395226858121,0.5,0.0,1.0,-1155098.8875928998,Reward Abuse
"A_dcd87c6c96,A_e7205c325a",BTCUSDT.PERP,LONG,0.4443395226858121,0.5,0.0,1.0,-1155098.8875928998,Reward Abuse
"A_dcd87c6c96,A_e7205c325a",BTCUSDT.PERP,LONG,0.4443395226858121,0.5,0.0,1.0,-1155098.8875928998,Reward Abuse
"A_dcd87c6c96,A_e7205c325a",BTCUSDT.PERP,LONG,0.4443395226858121,0.5,0.0,1.0,-1155098.8875928998,Reward Abuse
"A_dcd87c6c96,A_e7205c325a",BTCUSDT.PERP,LONG,0.4443395226858121,0.5,0.0,1.0,-1155098.8875928998,Reward Abuse
"A_dcd87c6c96,A_e7205c325a",BTCUSDT.PERP,LONG,0.4443395226858121,0.5,0.0,1.0,-1155098.8875928998,Reward Abuse
"A_dcd87c6c96,A_e7205c325a",BTCUSDT.PERP,LONG,0.4443395226858121,0.5,0.0,1.0,-1155098.8875928998,Reward Abuse
"A_dcd87c6c96,A_e7205c325a",BTCUSDT.PERP,LONG,0.4443395226858121,0.5,0.0,1.0,-1155098.8875928998,Reward Abuse
"A_dcd87c6c96,A_e7205c325a",BTCUSDT.PERP,LONG,0.4443395226858121,0.5,0.0,1.0,-1155098.8875928998,Reward Abuse
"A_dcd87c6c96,A_e7205c325a",BTCUSDT.PERP,LONG,0.4443395226858121,0.5,0.0,1.0,-1155098.8875928998,Reward Abuse
"A_dcd87c6c96,A_e7205c325a",BTCUSDT.PERP,LONG,0.4443395226858121,0.5,0.0,1.0,-1155098.8875928998,Reward Abuse
"A_dcd87c6c96,A_e7205c325a",BTCUSDT.PERP,LONG,0.4443395226858121,0.5,0.0,1.0,-1155098.8875928998,Reward Abuse
"A_dcd87c6c96,A_e7205c325a",BTCUSDT.PERP,LONG,0.4443395226858121,0.5,0.0,1.0,-1155098.8875928998,Reward Abuse
"A_dcd87c6c96,A_e7205c325a",BTCUSDT.PERP,LONG,0.4443395226858121,0.5,0.0,1.0,-1155098.8875928998,Reward Abuse
"A_dcd87c6c96,A_e7205c325a",BTCUSDT.PERP,LONG,0.4443395226858121,0.5,0.0,1.0,-1155098.8875928998,Reward Abuse
"A_dcd87c6c96,A_e7205c325a",BTCUSDT.PERP,LONG,0.4443395226858121,0.5,0.0,1.0,-1155098.8875928998,Reward Abuse
"A_dcd87c6c96,A_e7205c325a",BTCUSDT.PERP,LONG,0.4443395226858121,0.5,0.0,1.0,-1155098.8875928998,Reward Abuse
"A_dcd87c6c96,A_e7205c325a",BTCUSDT.PERP,LONG,0.4443395226858121,0.5,0.0,1.0,-1155098.8875928998,Reward Abuse
"A_dcd87c6c96,A_e7205c325a",BTCUSDT.PERP,LONG,0.4443395226858121,0.5,0.0,1.0,-1155098.8875928998,Reward Abuse
"A_dcd87c6c96,A_e7205c325a",BTCUSDT.PERP,LONG,0.4443395226858121,0.5,0.0,1.0,-1155098.8875928998,Reward Abuse
"A_dcd87c6c96,A_e7205c325a",BTCUSDT.PERP,LONG,0.4443395226858121,0.5,0.0,1.0,-1155098.8875928998,Reward Abuse
"A_dcd87c6c96,A_e7205c325a",BTCUSDT.PERP,LONG,0.4443395226858121,0.5,0.0,1.0,-1155098.8875928998,Reward Abuse
"A_dcd87c6c96,A_e7205c325a",BTCUSDT.PERP,LONG,0.4443395226858121,0.5,0.0,1.0,-1155098.8875928998,Reward Abuse
"A_dcd87c6c96,A_e7205c325a",BTCUSDT.PERP,LONG,0.4443395226858121,0.5,0.0,1.0,-1155098.8875928998,Reward Abuse
"A_dcd87c6c96,A_e7205c325a",BTCUSDT.PERP,LONG,0.4443395226858121,0.5,0.0,1.0,-1155098.8875928998,Reward Abuse
"A_dcd87c6c96,A_e7205c325a",BTCUSDT.PERP,LONG,0.4443395226858121,0.5,0.0,1.0,-1155098.8875928998,Reward Abuse
"A_dcd87c6c96,A_e7205c325a",BTCUSDT.PERP,LONG,0.4443395226858121,0.5,0.0,1.0,-1155098.8875928998,Reward Abuse
"A_dcd87c6c96,A_e7205c325a",BTCUSDT.PERP,LONG,0.4443395226858121,0.5,0.0,1.0,-1155098.8875928998,Reward Abuse
"A_dcd87c6c96,A_e7205c325a",BTCUSDT.PERP,LONG,0.4443395226858121,0.5,0.0,1.0,-1155098.8875928998,Reward Abuse
"A_dcd87c6c96,A_e7205c325a",BTCUSDT.PERP,LONG,0.4443395226858121,0.5,0.0,1.0,-1155098.8875928998,Reward Abuse
"A_dcd87c6c96,A_e7205c325a",BTCUSDT.PERP,LONG,0.4443395226858121,0.5,0.0,1.0,-1155098.8875928998,Reward Abuse
"A_dcd87c6c96,A_e7205c325a",BTCUSDT.PERP,LONG,0.4443395226858121,0.5,0.0,1.0,-1155098.8875928998,Reward Abuse
"A_dcd87c6c96,A_e7205c325a",BTCUSDT.PERP,SHORT,0.4443395226858121,0.5,0.0,1.0,-1155098.8875928998,Reward Abuse
"A_dcd87c6c96,A_e7205c325a",BTCUSDT.PERP,SHORT,0.4443395226858121,0.5,0.0,1.0,-1155098.8875928998,Reward Abuse
"A_dcd87c6c96,A_e7205c325a",BTCUSDT.PERP,SHORT,0.4443395226858121,0.5,0.0,1.0,-1155098.8875928998,Reward Abuse
"A_dcd87c6c96,A_e7205c325a",BTCUSDT.PERP,SHORT,0.4443395226858121,0.5,0.0,1.0,-1155098.8875928998,Reward Abuse
"A_dcd87c6c96,A_e7205c325a",BTCUSDT.PERP,SHORT,0.4443395226858121,0.5,0.0,1.0,-1155098.8875928998,Reward Abuse
"A_dcd87c6c96,A_e7205c325a",BTCUSDT.PERP,SHORT,0.4443395226858121,0.5,0.0,1.0,-1155098.8875928998,Reward Abuse
"A_dcd87c6c96,A_e7205c325a",BTCUSDT.PERP,SHORT,0.4443395226858121,0.5,0.0,1.0,-1155098.8875928998,Reward Abuse
"A_dcd87c6c96,A_e7205c325a",BTCUSDT.PERP,SHORT,0.4443395226858121,0.5,0.0,1.0,-1155098.8875928998,Reward Abuse
"A_dcd87c6c96,A_e7205c325a",BTCUSDT.PERP,SHORT,0.4443395226858121,0.5,0.0,1.0,-1155098.8875928998,Reward Abuse
"A_dcd87c6c96,A_e7205c325a",BTCUSDT.PERP,SHORT,0.4443395226858121,0.5,0.0,1.0,-1155098.8875928998,Reward Abuse
"A_dcd87c6c96,A_e7205c325a",BTCUSDT.PERP,SHORT,0.4443395226858121,0.5,0.0,1.0,-1155098.8875928998,Reward Abuse
"A_dcd87c6c96,A_e7205c325a",BTCUSDT.PERP,SHORT,0.4443395226858121,0.5,0.0,1.0,-1155098.8875928998,Reward Abuse
"A_dcd87c6c96,A_e7205c325a",BTCUSDT.PERP,SHORT,0.4443395226858121,0.5,0.0,1.0,-1155098.8875928998,Reward Abuse
"A_dcd87c6c96,A_e7205c325a",BTCUSDT.PERP,SHORT,0.4443395226858121,0.5,0.0,1.0,-1155098.8875928998,Reward Abuse
"A_dcd87c6c96,A_e7205c325a",BTCUSDT.PERP,SHORT,0.4443395226858121,0.5,0.0,1.0,-1155098.8875928998,Reward Abuse
"A_dcd87c6c96,A_e7205c325a",BTCUSDT.PERP,SHORT,0.4443395226858121,0.5,0.0,1.0,-1155098.8875928998,Reward Abuse
"A_dcd87c6c96,A_e7205c325a",BTCUSDT.PERP,SHORT,0.4443395226858121,0.5,0.0,1.0,-1155098.8875928998,Reward Abuse
"A_dcd87c6c96,A_e7205c325a",BTCUSDT.PERP,SHORT,0.4443395226858121,0.5,0.0,1.0,-1155098.8875928998,Reward Abuse
"A_dcd87c6c96,A_e7205c325a",BTCUSDT.PERP,SHORT,0.4443395226858121,0.5,0.0,1.0,-1155098.8875928998,Reward Abuse
"A_dcd87c6c96,A_e7205c325a",BTCUSDT.PERP,SHORT,0.4443395226858121,0.5,0.0,1.0,-1155098.8875928998,Reward Abuse
"A_dcd87c6c96,A_e7205c325a",BTCUSDT.PERP,SHORT,0.4443395226858121,0.5,0.0,1.0,-1155098.8875928998,Reward Abuse
"A_dcd87c6c96,A_e7205c325a",BTCUSDT.PERP,SHORT,0.4443395226858121,0.5,0.0,1.0,-1155098.8875928998,Reward Abuse
"A_dcd87c6c96,A_e7205c325a",BTCUSDT.PERP,SHORT,0.4443395226858121,0.5,0.0,1.0,-1155098.8875928998,Reward Abuse
"A_dcd87c6c96,A_e7205c325a",BTCUSDT.PERP,SHORT,0.4443395226858121,0.5,0.0,1.0,-1155098.8875928998,Reward Abuse
"A_dcd87c6c96,A_e7205c325a",BTCUSDT.PERP,SHORT,0.4443395226858121,0.5,0.0,1.0,-1155098.8875928998,Reward Abuse
"A_dcd87c6c96,A_e7205c325a",BTCUSDT.PERP,SHORT,0.4443395226858121,0.5,0.0,1.0,-1155098.8875928998,Reward Abuse
"A_dcd87c6c96,A_e7205c325a",BTCUSDT.PERP,SHORT,0.4443395226858121,0.5,0.0,1.0,-1155098.8875928998,Reward Abuse
"A_68f6513965,A_ae270b7bf6",ETHUSDT.PERP,LONG,0.4443395226858121,0.5,0.5,0.5,-1164902.788647372,Reward Abuse
"A_68f6513965,A_ae270b7bf6",ETHUSDT.PERP,LONG,0.4443395226858121,0.5,0.5,0.5,-1164902.788647372,Reward Abuse
"A_68f6513965,A_ae270b7bf6",ETHUSDT.PERP,LONG,0.4443395226858121,0.5,0.5,0.5,-1164902.788647372,Reward Abuse
"A_68f6513965,A_ae270b7bf6",ETHUSDT.PERP,LONG,0.4443395226858121,0.5,0.5,0.5,-1164902.788647372,Reward Abuse
"A_ae270b7bf6,A_dae7cf0dd9",ETHUSDT.PERP,LONG,0.4443395226858121,0.5,0.5,0.5,-1165088.5625706408,Reward Abuse
"A_ae270b7bf6,A_dae7cf0dd9",ETHUSDT.PERP,LONG,0.4443395226858121,0.5,0.5,0.5,-1165088.5625706408,Reward Abuse
"A_ae270b7bf6,A_dae7cf0dd9",ETHUSDT.PERP,LONG,0.4443395226858121,0.5,0.5,0.5,-1165088.5625706408,Reward Abuse
"A_64a414bc30,A_ae270b7bf6",ETHUSDT.PERP,LONG,0.4443395226858121,0.5,0.5,0.5,-1169488.621156326,Reward Abuse
"A_64a414bc30,A_ae270b7bf6",ETHUSDT.PERP,LONG,0.4443395226858121,0.5,0.5,0.5,-1169488.621156326,Reward Abuse
"A_64a414bc30,A_ae270b7bf6",ETHUSDT.PERP,LONG,0.4443395226858121,0.5,0.5,0.5,-1169488.621156326,Reward Abuse
"A_64a414bc30,A_ae270b7bf6",ETHUSDT.PERP,SHORT,0.4443395226858121,0.5,0.5,0.5,-1169488.621156326,Reward Abuse
"A_ace0a74506,A_ae270b7bf6",ETHUSDT.PERP,LONG,0.4443395226858121,0.5,0.0,1.0,-1175208.911267263,Reward Abuse
"A_1a7c006b71,A_ae270b7bf6",ETHUSDT.PERP,LONG,0.4443395226858121,0.5,0.5,0.5,-1176090.7260555406,Reward Abuse
"A_59b90616d6,A_ae270b7bf6",BTCUSDT.PERP,LONG,0.4443395226858121,0.5,0.0,1.0,-1336816.4447579284,Reward Abuse
"A_59b90616d6,A_ae270b7bf6",BTCUSDT.PERP,LONG,0.4443395226858121,0.5,0.0,1.0,-1336816.4447579284,Reward Abuse
"A_59b90616d6,A_ae270b7bf6",BTCUSDT.PERP,LONG,0.4443395226858121,0.5,0.0,1.0,-1336816.4447579284,Reward Abuse
"A_59b90616d6,A_ae270b7bf6",BTCUSDT.PERP,LONG,0.4443395226858121,0.5,0.0,1.0,-1336816.4447579284,Reward Abuse
"A_59b90616d6,A_ae270b7bf6",BTCUSDT.PERP,SHORT,0.4443395226858121,0.5,0.0,1.0,-1336816.4447579284,Reward Abuse
"A_78e950c1a2,A_dcd87c6c96",BTCUSDT.PERP,SHORT,0.4443395226858121,0.5,0.5,0.5,-2553639.5180172,Reward Abuse
"A_78e950c1a2,A_dcd87c6c96",BTCUSDT.PERP,SHORT,0.4443395226858121,0.5,0.5,0.5,-2553639.5180172,Reward Abuse
"A_8413984c30,A_8860be39b3",AAVEUSDT.PERP,LONG,0.4443395226858121,1.0,0.0,0.5,-147780721.75734657,Reward Abuse
"A_8413984c30,A_8860be39b3",AAVEUSDT.PERP,LONG,0.4443395226858121,1.0,0.0,0.5,-147780721.75734657,Reward Abuse
"A_8413984c30,A_8860be39b3",AAVEUSDT.PERP,SHORT,0.4443395226858121,1.0,0.0,0.5,-147780721.75734657,Reward Abuse
"A_8413984c30,A_8860be39b3",AAVEUSDT.PERP,SHORT,0.4443395226858121,1.0,0.0,0.5,-147780721.75734657,Reward Abuse
"A_8413984c30,A_8860be39b3",AAVEUSDT.PERP,SHORT,0.4443395226858121,1.0,0.0,0.5,-147780721.75734657,Reward Abuse
"A_8413984c30,A_8860be39b3",AAVEUSDT.PERP,SHORT,0.4443395226858121,1.0,0.0,0.5,-147780721.75734657,Reward Abuse
"A_8413984c30,A_8860be39b3",AAVEUSDT.PERP,SHORT,0.4443395226858121,1.0,0.0,0.5,-147780721.75734657,Reward Abuse
"A_8413984c30,A_8860be39b3",AAVEUSDT.PERP,SHORT,0.4443395226858121,1.0,0.0,0.5,-147780721.75734657,Reward Abuse
"A_8413984c30,A_8860be39b3",APTUSDT.PERP,LONG,0.4443395226858121,1.0,0.0,0.5,-147780721.75734657,Reward Abuse
"A_8413984c30,A_8860be39b3",APTUSDT.PERP,LONG,0.4443395226858121,1.0,0.0,0.5,-147780721.75734657,Reward Abuse
"A_8413984c30,A_8860be39b3",APTUSDT.PERP,LONG,0.4443395226858121,1.0,0.0,0.5,-147780721.75734657,Reward Abuse
"A_8413984c30,A_8860be39b3",APTUSDT.PERP,LONG,0.4443395226858121,1.0,0.0,0.5,-147780721.75734657,Reward Abuse
"A_8413984c30,A_8860be39b3",APTUSDT.PERP,LONG,0.4443395226858121,1.0,0.0,0.5,-147780721.75734657,Reward Abuse
"A_8413984c30,A_8860be39b3",APTUSDT.PERP,LONG,0.4443395226858121,1.0,0.0,0.5,-147780721.75734657,Reward Abuse
"A_8413984c30,A_8860be39b3",APTUSDT.PERP,LONG,0.4443395226858121,1.0,0.0,0.5,-147780721.75734657,Reward Abuse
"A_8413984c30,A_8860be39b3",APTUSDT.PERP,LONG,0.4443395226858121,1.0,0.0,0.5,-147780721.75734657,Reward Abuse
"A_8413984c30,A_8860be39b3",APTUSDT.PERP,LONG,0.4443395226858121,1.0,0.0,0.5,-147780721.75734657,Reward Abuse
"A_8413984c30,A_8860be39b3",APTUSDT.PERP,LONG,0.4443395226858121,1.0,0.0,0.5,-147780721.75734657,Reward Abuse
"A_8413984c30,A_8860be39b3",APTUSDT.PERP,LONG,0.4443395226858121,1.0,0.0,0.5,-147780721.75734657,Reward Abuse
"A_8413984c30,A_8860be39b3",APTUSDT.PERP,LONG,0.4443395226858121,1.0,0.0,0.5,-147780721.75734657,Reward Abuse
"A_8413984c30,A_8860be39b3",APTUSDT.PERP,SHORT,0.4443395226858121,1.0,0.0,0.5,-147780721.75734657,Reward Abuse
"A_8413984c30,A_8860be39b3",APTUSDT.PERP,SHORT,0.4443395226858121,1.0,0.0,0.5,-147780721.75734657,Reward Abuse
"A_8413984c30,A_8860be39b3",APTUSDT.PERP,SHORT,0.4443395226858121,1.0,0.0,0.5,-147780721.75734657,Reward Abuse
"A_8413984c30,A_8860be39b3",APTUSDT.PERP,SHORT,0.4443395226858121,1.0,0.0,0.5,-147780721.75734657,Reward Abuse
"A_8413984c30,A_8860be39b3",ARBUSDT.PERP,LONG,0.4443395226858121,1.0,0.0,0.5,-147780721.75734657,Reward Abuse
"A_8413984c30,A_8860be39b3",ARBUSDT.PERP,LONG,0.4443395226858121,1.0,0.0,0.5,-147780721.75734657,Reward Abuse
"A_8413984c30,A_8860be39b3",ARBUSDT.PERP,LONG,0.4443395226858121,1.0,0.0,0.5,-147780721.75734657,Reward Abuse
"A_8413984c30,A_8860be39b3",ARBUSDT.PERP,SHORT,0.4443395226858121,1.0,0.0,0.5,-147780721.75734657,Reward Abuse
"A_8413984c30,A_8860be39b3",ARBUSDT.PERP,SHORT,0.4443395226858121,1.0,0.0,0.5,-147780721.75734657,Reward Abuse
"A_8413984c30,A_8860be39b3",AVAXUSDT.PERP,LONG,0.4443395226858121,1.0,0.0,0.5,-147780721.75734657,Reward Abuse
"A_8413984c30,A_8860be39b3",AVAXUSDT.PERP,LONG,0.4443395226858121,1.0,0.0,0.5,-147780721.75734657,Reward Abuse
"A_8413984c30,A_8860be39b3",AVAXUSDT.PERP,LONG,0.4443395226858121,1.0,0.0,0.5,-147780721.75734657,Reward Abuse
"A_8413984c30,A_8860be39b3",AVAXUSDT.PERP,LONG,0.4443395226858121,1.0,0.0,0.5,-147780721.75734657,Reward Abuse
"A_8413984c30,A_8860be39b3",AVAXUSDT.PERP,LONG,0.4443395226858121,1.0,0.0,0.5,-147780721.75734657,Reward Abuse
"A_8413984c30,A_8860be39b3",AVAXUSDT.PERP,LONG,0.4443395226858121,1.0,0.0,0.5,-147780721.75734657,Reward Abuse
"A_8413984c30,A_8860be39b3",AVAXUSDT.PERP,LONG,0.4443395226858121,1.0,0.0,0.5,-147780721.75734657,Reward Abuse
"A_8413984c30,A_8860be39b3",AVAXUSDT.PERP,LONG,0.4443395226858121,1.0,0.0,0.5,-147780721.75734657,Reward Abuse
"A_8413984c30,A_8860be39b3",AVAXUSDT.PERP,LONG,0.4443395226858121,1.0,0.0,0.5,-147780721.75734657,Reward Abuse
"A_8413984c30,A_8860be39b3",AVAXUSDT.PERP,LONG,0.4443395226858121,1.0,0.0,0.5,-147780721.75734657,Reward Abuse
"A_8413984c30,A_8860be39b3",AVAXUSDT.PERP,LONG,0.4443395226858121,1.0,0.0,0.5,-147780721.75734657,Reward Abuse
"A_8413984c30,A_8860be39b3",AVAXUSDT.PERP,LONG,0.4443395226858121,1.0,0.0,0.5,-147780721.75734657,Reward Abuse
"A_8413984c30,A_8860be39b3",AVAXUSDT.PERP,SHORT,0.4443395226858121,1.0,0.0,0.5,-147780721.75734657,Reward Abuse
"A_8413984c30,A_8860be39b3",AVAXUSDT.PERP,SHORT,0.4443395226858121,1.0,0.0,0.5,-147780721.75734657,Reward Abuse
"A_8413984c30,A_8860be39b3",AVAXUSDT.PERP,SHORT,0.4443395226858121,1.0,0.0,0.5,-147780721.75734657,Reward Abuse
"A_8413984c30,A_8860be39b3",AVAXUSDT.PERP,SHORT,0.4443395226858121,1.0,0.0,0.5,-147780721.75734657,Reward Abuse
"A_8413984c30,A_8860be39b3",BCHUSDT.PERP,LONG,0.4443395226858121,1.0,0.0,0.5,-147780721.75734657,Reward Abuse
"A_8413984c30,A_8860be39b3",BCHUSDT.PERP,LONG,0.4443395226858121,1.0,0.0,0.5,-147780721.75734657,Reward Abuse
"A_8413984c30,A_8860be39b3",BCHUSDT.PERP,LONG,0.4443395226858121,1.0,0.0,0.5,-147780721.75734657,Reward Abuse
"A_8413984c30,A_8860be39b3",BCHUSDT.PERP,LONG,0.4443395226858121,1.0,0.0,0.5,-147780721.75734657,Reward Abuse
"A_8413984c30,A_8860be39b3",BCHUSDT.PERP,LONG,0.4443395226858121,1.0,0.0,0.5,-147780721.75734657,Reward Abuse
"A_8413984c30,A_8860be39b3",BCHUSDT.PERP,LONG,0.4443395226858121,1.0,0.0,0.5,-147780721.75734657,Reward Abuse
"A_8413984c30,A_8860be39b3",BCHUSDT.PERP,SHORT,0.4443395226858121,1.0,0.0,0.5,-147780721.75734657,Reward Abuse
"A_8413984c30,A_8860be39b3",BCHUSDT.PERP,SHORT,0.4443395226858121,1.0,0.0,0.5,-147780721.75734657,Reward Abuse
"A_8413984c30,A_8860be39b3",BCHUSDT.PERP,SHORT,0.4443395226858121,1.0,0.0,0.5,-147780721.75734657,Reward Abuse
"A_8413984c30,A_8860be39b3",BCHUSDT.PERP,SHORT,0.4443395226858121,1.0,0.0,0.5,-147780721.75734657,Reward Abuse
"A_8413984c30,A_8860be39b3",BCHUSDT.PERP,SHORT,0.4443395226858121,1.0,0.0,0.5,-147780721.75734657,Reward Abuse
"A_8413984c30,A_8860be39b3",BCHUSDT.PERP,SHORT,0.4443395226858121,1.0,0.0,0.5,-147780721.75734657,Reward Abuse
"A_8413984c30,A_8860be39b3",BCHUSDT.PERP,SHORT,0.4443395226858121,1.0,0.0,0.5,-147780721.75734657,Reward Abuse
"A_8413984c30,A_8860be39b3",BCHUSDT.PERP,SHORT,0.4443395226858121,1.0,0.0,0.5,-147780721.75734657,Reward Abuse
"A_8413984c30,A_8860be39b3",BCHUSDT.PERP,SHORT,0.4443395226858121,1.0,0.0,0.5,-147780721.75734657,Reward Abuse
"A_8413984c30,A_8860be39b3",BCHUSDT.PERP,SHORT,0.4443395226858121,1.0,0.0,0.5,-147780721.75734657,Reward Abuse
"A_8413984c30,A_8860be39b3",BCHUSDT.PERP,SHORT,0.4443395226858121,1.0,0.0,0.5,-147780721.75734657,Reward Abuse
"A_8413984c30,A_8860be39b3",BCHUSDT.PERP,SHORT,0.4443395226858121,1.0,0.0,0.5,-147780721.75734657,Reward Abuse
"A_8413984c30,A_8860be39b3",BCHUSDT.PERP,SHORT,0.4443395226858121,1.0,0.0,0.5,-147780721.75734657,Reward Abuse
"A_8413984c30,A_8860be39b3",BCHUSDT.PERP,SHORT,0.4443395226858121,1.0,0.0,0.5,-147780721.75734657,Reward Abuse
"A_8413984c30,A_8860be39b3",BCHUSDT.PERP,SHORT,0.4443395226858121,1.0,0.0,0.5,-147780721.75734657,Reward Abuse
"A_8413984c30,A_8860be39b3",BCHUSDT.PERP,SHORT,0.4443395226858121,1.0,0.0,0.5,-147780721.75734657,Reward Abuse
"A_8413984c30,A_8860be39b3",BCHUSDT.PERP,SHORT,0.4443395226858121,1.0,0.0,0.5,-147780721.75734657,Reward Abuse
"A_8413984c30,A_8860be39b3",BCHUSDT.PERP,SHORT,0.4443395226858121,1.0,0.0,0.5,-147780721.75734657,Reward Abuse
"A_8413984c30,A_8860be39b3",BRETTUSDT.PERP,SHORT,0.4443395226858121,1.0,0.0,0.5,-147780721.75734657,Reward Abuse
"A_8413984c30,A_8860be39b3",BRETTUSDT.PERP,SHORT,0.4443395226858121,1.0,0.0,0.5,-147780721.75734657,Reward Abuse
"A_8413984c30,A_8860be39b3",ETCUSDT.PERP,LONG,0.4443395226858121,1.0,0.0,0.5,-147780721.75734657,Reward Abuse
"A_8413984c30,A_8860be39b3",ETCUSDT.PERP,LONG,0.4443395226858121,1.0,0.0,0.5,-147780721.75734657,Reward Abuse
"A_8413984c30,A_8860be39b3",ETCUSDT.PERP,SHORT,0.4443395226858121,1.0,0.0,0.5,-147780721.75734657,Reward Abuse
"A_8413984c30,A_8860be39b3",ETCUSDT.PERP,SHORT,0.4443395226858121,1.0,0.0,0.5,-147780721.75734657,Reward Abuse
"A_8413984c30,A_8860be39b3",FILUSDT.PERP,LONG,0.4443395226858121,1.0,0.0,0.5,-147780721.75734657,Reward Abuse
"A_8413984c30,A_8860be39b3",FILUSDT.PERP,LONG,0.4443395226858121,1.0,0.0,0.5,-147780721.75734657,Reward Abuse
"A_8413984c30,A_8860be39b3",FILUSDT.PERP,LONG,0.4443395226858121,1.0,0.0,0.5,-147780721.75734657,Reward Abuse
"A_8413984c30,A_8860be39b3",FILUSDT.PERP,LONG,0.4443395226858121,1.0,0.0,0.5,-147780721.75734657,Reward Abuse
"A_8413984c30,A_8860be39b3",FILUSDT.PERP,SHORT,0.4443395226858121,1.0,0.0,0.5,-147780721.75734657,Reward Abuse
"A_8413984c30,A_8860be39b3",FILUSDT.PERP,SHORT,0.4443395226858121,1.0,0.0,0.5,-147780721.75734657,Reward Abuse
"A_8413984c30,A_8860be39b3",HBARUSDT.PERP,LONG,0.4443395226858121,1.0,0.0,0.5,-147780721.75734657,Reward Abuse
"A_8413984c30,A_8860be39b3",HBARUSDT.PERP,LONG,0.4443395226858121,1.0,0.0,0.5,-147780721.75734657,Reward Abuse
"A_8413984c30,A_8860be39b3",HBARUSDT.PERP,SHORT,0.4443395226858121,1.0,0.0,0.5,-147780721.75734657,Reward Abuse
"A_8413984c30,A_8860be39b3",HBARUSDT.PERP,SHORT,0.4443395226858121,1.0,0.0,0.5,-147780721.75734657,Reward Abuse
"A_8413984c30,A_8860be39b3",HBARUSDT.PERP,SHORT,0.4443395226858121,1.0,0.0,0.5,-147780721.75734657,Reward Abuse
"A_8413984c30,A_8860be39b3",HBARUSDT.PERP,SHORT,0.4443395226858121,1.0,0.0,0.5,-147780721.75734657,Reward Abuse
"A_8413984c30,A_8860be39b3",HBARUSDT.PERP,SHORT,0.4443395226858121,1.0,0.0,0.5,-147780721.75734657,Reward Abuse
"A_8413984c30,A_8860be39b3",HBARUSDT.PERP,SHORT,0.4443395226858121,1.0,0.0,0.5,-147780721.75734657,Reward Abuse
"A_8413984c30,A_8860be39b3",HBARUSDT.PERP,SHORT,0.4443395226858121,1.0,0.0,0.5,-147780721.75734657,Reward Abuse
"A_8413984c30,A_8860be39b3",LDOUSDT.PERP,LONG,0.4443395226858121,1.0,0.0,0.5,-147780721.75734657,Reward Abuse
"A_8413984c30,A_8860be39b3",LDOUSDT.PERP,LONG,0.4443395226858121,1.0,0.0,0.5,-147780721.75734657,Reward Abuse
"A_8413984c30,A_8860be39b3",LDOUSDT.PERP,LONG,0.4443395226858121,1.0,0.0,0.5,-147780721.75734657,Reward Abuse
"A_8413984c30,A_8860be39b3",LDOUSDT.PERP,LONG,0.4443395226858121,1.0,0.0,0.5,-147780721.75734657,Reward Abuse
"A_8413984c30,A_8860be39b3",LDOUSDT.PERP,SHORT,0.4443395226858121,1.0,0.0,0.5,-147780721.75734657,Reward Abuse
"A_8413984c30,A_8860be39b3",LDOUSDT.PERP,SHORT,0.4443395226858121,1.0,0.0,0.5,-147780721.75734657,Reward Abuse
"A_8413984c30,A_8860be39b3",LINKUSDT.PERP,LONG,0.4443395226858121,1.0,0.0,0.5,-147780721.75734657,Reward Abuse
"A_8413984c30,A_8860be39b3",LINKUSDT.PERP,SHORT,0.4443395226858121,1.0,0.0,0.5,-147780721.75734657,Reward Abuse
"A_8413984c30,A_8860be39b3",LINKUSDT.PERP,SHORT,0.4443395226858121,1.0,0.0,0.5,-147780721.75734657,Reward Abuse
"A_8413984c30,A_8860be39b3",LTCUSDT.PERP,LONG,0.4443395226858121,1.0,0.0,0.5,-147780721.75734657,Reward Abuse
"A_8413984c30,A_8860be39b3",LTCUSDT.PERP,LONG,0.4443395226858121,1.0,0.0,0.5,-147780721.75734657,Reward Abuse
"A_8413984c30,A_8860be39b3",LTCUSDT.PERP,LONG,0.4443395226858121,1.0,0.0,0.5,-147780721.75734657,Reward Abuse
"A_8413984c30,A_8860be39b3",LTCUSDT.PERP,LONG,0.4443395226858121,1.0,0.0,0.5,-147780721.75734657,Reward Abuse
"A_8413984c30,A_8860be39b3",LTCUSDT.PERP,LONG,0.4443395226858121,1.0,0.0,0.5,-147780721.75734657,Reward Abuse
"A_8413984c30,A_8860be39b3",LTCUSDT.PERP,LONG,0.4443395226858121,1.0,0.0,0.5,-147780721.75734657,Reward Abuse
"A_8413984c30,A_8860be39b3",LTCUSDT.PERP,SHORT,0.4443395226858121,1.0,0.0,0.5,-147780721.75734657,Reward Abuse
"A_8413984c30,A_8860be39b3",LTCUSDT.PERP,SHORT,0.4443395226858121,1.0,0.0,0.5,-147780721.75734657,Reward Abuse
"A_8413984c30,A_8860be39b3",LTCUSDT.PERP,SHORT,0.4443395226858121,1.0,0.0,0.5,-147780721.75734657,Reward Abuse
"A_8413984c30,A_8860be39b3",LTCUSDT.PERP,SHORT,0.4443395226858121,1.0,0.0,0.5,-147780721.75734657,Reward Abuse
"A_8413984c30,A_8860be39b3",LTCUSDT.PERP,SHORT,0.4443395226858121,1.0,0.0,0.5,-147780721.75734657,Reward Abuse
"A_8413984c30,A_8860be39b3",LTCUSDT.PERP,SHORT,0.4443395226858121,1.0,0.0,0.5,-147780721.75734657,Reward Abuse
"A_8413984c30,A_8860be39b3",LTCUSDT.PERP,SHORT,0.4443395226858121,1.0,0.0,0.5,-147780721.75734657,Reward Abuse
"A_8413984c30,A_8860be39b3",MKRUSDT.PERP,LONG,0.4443395226858121,1.0,0.0,0.5,-147780721.75734657,Reward Abuse
"A_8413984c30,A_8860be39b3",MKRUSDT.PERP,LONG,0.4443395226858121,1.0,0.0,0.5,-147780721.75734657,Reward Abuse
"A_8413984c30,A_8860be39b3",MKRUSDT.PERP,LONG,0.4443395226858121,1.0,0.0,0.5,-147780721.75734657,Reward Abuse
"A_8413984c30,A_8860be39b3",MKRUSDT.PERP,LONG,0.4443395226858121,1.0,0.0,0.5,-147780721.75734657,Reward Abuse
"A_8413984c30,A_8860be39b3",MKRUSDT.PERP,SHORT,0.4443395226858121,1.0,0.0,0.5,-147780721.75734657,Reward Abuse
"A_8413984c30,A_8860be39b3",MKRUSDT.PERP,SHORT,0.4443395226858121,1.0,0.0,0.5,-147780721.75734657,Reward Abuse
"A_8413984c30,A_8860be39b3",NEARUSDT.PERP,LONG,0.4443395226858121,1.0,0.0,0.5,-147780721.75734657,Reward Abuse
"A_8413984c30,A_8860be39b3",NEARUSDT.PERP,LONG,0.4443395226858121,1.0,0.0,0.5,-147780721.75734657,Reward Abuse
"A_8413984c30,A_8860be39b3",NEARUSDT.PERP,SHORT,0.4443395226858121,1.0,0.0,0.5,-147780721.75734657,Reward Abuse
"A_8413984c30,A_8860be39b3",NEARUSDT.PERP,SHORT,0.4443395226858121,1.0,0.0,0.5,-147780721.75734657,Reward Abuse
"A_8413984c30,A_8860be39b3",NEIROETHUSDT.PERP,LONG,0.4443395226858121,1.0,0.0,0.5,-147780721.75734657,Reward Abuse
"A_8413984c30,A_8860be39b3",NEIROETHUSDT.PERP,LONG,0.4443395226858121,1.0,0.0,0.5,-147780721.75734657,Reward Abuse
"A_8413984c30,A_8860be39b3",NEIROETHUSDT.PERP,SHORT,0.4443395226858121,1.0,0.0,0.5,-147780721.75734657,Reward Abuse
"A_8413984c30,A_8860be39b3",NEIROETHUSDT.PERP,SHORT,0.4443395226858121,1.0,0.0,0.5,-147780721.75734657,Reward Abuse
"A_8413984c30,A_8860be39b3",PUMPFUNUSDT.PERP,LONG,0.4443395226858121,1.0,0.0,0.5,-147780721.75734657,Reward Abuse
"A_8413984c30,A_8860be39b3",PUMPFUNUSDT.PERP,LONG,0.4443395226858121,1.0,0.0,0.5,-147780721.75734657,Reward Abuse
"A_8413984c30,A_8860be39b3",PUMPFUNUSDT.PERP,LONG,0.4443395226858121,1.0,0.0,0.5,-147780721.75734657,Reward Abuse
"A_8413984c30,A_8860be39b3",PUMPFUNUSDT.PERP,LONG,0.4443395226858121,1.0,0.0,0.5,-147780721.75734657,Reward Abuse
"A_8413984c30,A_8860be39b3",PUMPFUNUSDT.PERP,SHORT,0.4443395226858121,1.0,0.0,0.5,-147780721.75734657,Reward Abuse
"A_8413984c30,A_8860be39b3",PUMPFUNUSDT.PERP,SHORT,0.4443395226858121,1.0,0.0,0.5,-147780721.75734657,Reward Abuse
"A_8413984c30,A_8860be39b3",SEIUSDT.PERP,LONG,0.4443395226858121,1.0,0.0,0.5,-147780721.75734657,Reward Abuse
"A_8413984c30,A_8860be39b3",SEIUSDT.PERP,LONG,0.4443395226858121,1.0,0.0,0.5,-147780721.75734657,Reward Abuse
"A_8413984c30,A_8860be39b3",SEIUSDT.PERP,SHORT,0.4443395226858121,1.0,0.0,0.5,-147780721.75734657,Reward Abuse
"A_8413984c30,A_8860be39b3",SEIUSDT.PERP,SHORT,0.4443395226858121,1.0,0.0,0.5,-147780721.75734657,Reward Abuse
"A_8413984c30,A_8860be39b3",SUIUSDT.PERP,LONG,0.4443395226858121,1.0,0.0,0.5,-147780721.75734657,Reward Abuse
"A_8413984c30,A_8860be39b3",SUIUSDT.PERP,LONG,0.4443395226858121,1.0,0.0,0.5,-147780721.75734657,Reward Abuse
"A_8413984c30,A_8860be39b3",SUIUSDT.PERP,SHORT,0.4443395226858121,1.0,0.0,0.5,-147780721.75734657,Reward Abuse
"A_8413984c30,A_8860be39b3",SUIUSDT.PERP,SHORT,0.4443395226858121,1.0,0.0,0.5,-147780721.75734657,Reward Abuse
"A_8413984c30,A_8860be39b3",SUIUSDT.PERP,SHORT,0.4443395226858121,1.0,0.0,0.5,-147780721.75734657,Reward Abuse
"A_8413984c30,A_8860be39b3",SUIUSDT.PERP,SHORT,0.4443395226858121,1.0,0.0,0.5,-147780721.75734657,Reward Abuse
"A_8413984c30,A_8860be39b3",SUIUSDT.PERP,SHORT,0.4443395226858121,1.0,0.0,0.5,-147780721.75734657,Reward Abuse
"A_8413984c30,A_8860be39b3",SUIUSDT.PERP,SHORT,0.4443395226858121,1.0,0.0,0.5,-147780721.75734657,Reward Abuse
"A_8413984c30,A_8860be39b3",SUSDT.PERP,LONG,0.4443395226858121,1.0,0.0,0.5,-147780721.75734657,Reward Abuse
"A_8413984c30,A_8860be39b3",SUSDT.PERP,LONG,0.4443395226858121,1.0,0.0,0.5,-147780721.75734657,Reward Abuse
"A_8413984c30,A_8860be39b3",SUSDT.PERP,SHORT,0.4443395226858121,1.0,0.0,0.5,-147780721.75734657,Reward Abuse
"A_8413984c30,A_8860be39b3",SUSDT.PERP,SHORT,0.4443395226858121,1.0,0.0,0.5,-147780721.75734657,Reward Abuse
"A_8413984c30,A_8860be39b3",TRUMPUSDT.PERP,LONG,0.4443395226858121,1.0,0.0,0.5,-147780721.75734657,Reward Abuse
"A_8413984c30,A_8860be39b3",TRUMPUSDT.PERP,LONG,0.4443395226858121,1.0,0.0,0.5,-147780721.75734657,Reward Abuse
"A_8413984c30,A_8860be39b3",TRUMPUSDT.PERP,LONG,0.4443395226858121,1.0,0.0,0.5,-147780721.75734657,Reward Abuse
"A_8413984c30,A_8860be39b3",TRUMPUSDT.PERP,LONG,0.4443395226858121,1.0,0.0,0.5,-147780721.75734657,Reward Abuse
"A_8413984c30,A_8860be39b3",TRUMPUSDT.PERP,SHORT,0.4443395226858121,1.0,0.0,0.5,-147780721.75734657,Reward Abuse
"A_8413984c30,A_8860be39b3",TRUMPUSDT.PERP,SHORT,0.4443395226858121,1.0,0.0,0.5,-147780721.75734657,Reward Abuse
"A_3cab2969e5,A_68f6513965,A_9788666227,A_c462ca9c6b",ETHUSDT.PERP,SHORT,0.41145357872777927,0.25,0.5,0.25,488258.64478143374,Funding Manipulation
"A_0e72128b0d,A_7e27164ab6,A_cab220ef3c,A_ebdb869fd3",BTCUSDT.PERP,LONG,0.4114535787277792,0.25,0.25,0.5,103703358.48724708,Reward Abuse
"A_0e72128b0d,A_7e27164ab6,A_cab220ef3c,A_ebdb869fd3",BTCUSDT.PERP,LONG,0.4114535787277792,0.25,0.25,0.5,103703358.48724708,Reward Abuse
"A_9366ce5043,A_9788666227,A_ace0a74506,A_c462ca9c6b",ETHUSDT.PERP,LONG,0.4114535787277792,0.25,0.25,0.5,470944.2493589699,Reward Abuse
"A_9366ce5043,A_9788666227,A_ace0a74506,A_c462ca9c6b",ETHUSDT.PERP,LONG,0.4114535787277792,0.25,0.25,0.5,470944.2493589699,Reward Abuse
"A_9366ce5043,A_9788666227,A_ace0a74506,A_c462ca9c6b",ETHUSDT.PERP,LONG,0.4114535787277792,0.25,0.25,0.5,470944.2493589699,Reward Abuse
"A_9366ce5043,A_9788666227,A_ace0a74506,A_c462ca9c6b",ETHUSDT.PERP,LONG,0.4114535787277792,0.25,0.25,0.5,470944.2493589699,Reward Abuse
"A_1f97e16953,A_6b3a8b213d,A_e95b2c5030",CUSDT.PERP,LONG,0.3821361989575624,1.0,0.0,0.0,-49069.028370951506,Mixed/Other
"A_1f97e16953,A_6b3a8b213d,A_e95b2c5030",CUSDT.PERP,LONG,0.3821361989575624,1.0,0.0,0.0,-49069.028370951506,Mixed/Other
"A_1f97e16953,A_6b3a8b213d,A_e95b2c5030",CUSDT.PERP,LONG,0.3821361989575624,1.0,0.0,0.0,-49069.028370951506,Mixed/Other
"A_1f97e16953,A_6b3a8b213d,A_e95b2c5030",CUSDT.PERP,LONG,0.3821361989575624,1.0,0.0,0.0,-49069.028370951506,Mixed/Other
"A_1f97e16953,A_6b3a8b213d,A_e95b2c5030",CUSDT.PERP,LONG,0.3821361989575624,1.0,0.0,0.0,-49069.028370951506,Mixed/Other
"A_1f97e16953,A_6b3a8b213d,A_e95b2c5030",CYBERUSDT.PERP,LONG,0.3821361989575624,1.0,0.0,0.0,-49069.028370951506,Mixed/Other
"A_1f97e16953,A_6b3a8b213d,A_e95b2c5030",CYBERUSDT.PERP,LONG,0.3821361989575624,1.0,0.0,0.0,-49069.028370951506,Mixed/Other
"A_1f97e16953,A_6b3a8b213d,A_e95b2c5030",CYBERUSDT.PERP,LONG,0.3821361989575624,1.0,0.0,0.0,-49069.028370951506,Mixed/Other
"A_1f97e16953,A_6b3a8b213d,A_e95b2c5030",CYBERUSDT.PERP,LONG,0.3821361989575624,1.0,0.0,0.0,-49069.028370951506,Mixed/Other
"A_1f97e16953,A_6b3a8b213d,A_e95b2c5030",CYBERUSDT.PERP,LONG,0.3821361989575624,1.0,0.0,0.0,-49069.028370951506,Mixed/Other
"A_1f97e16953,A_6b3a8b213d,A_e95b2c5030",CYBERUSDT.PERP,LONG,0.3821361989575624,1.0,0.0,0.0,-49069.028370951506,Mixed/Other
"A_1f97e16953,A_6b3a8b213d,A_e95b2c5030",CYBERUSDT.PERP,LONG,0.3821361989575624,1.0,0.0,0.0,-49069.028370951506,Mixed/Other
"A_1f97e16953,A_6b3a8b213d,A_e95b2c5030",CYBERUSDT.PERP,LONG,0.3821361989575624,1.0,0.0,0.0,-49069.028370951506,Mixed/Other
"A_1f97e16953,A_6b3a8b213d,A_e95b2c5030",CYBERUSDT.PERP,LONG,0.3821361989575624,1.0,0.0,0.0,-49069.028370951506,Mixed/Other
"A_1f97e16953,A_6b3a8b213d,A_e95b2c5030",CYBERUSDT.PERP,LONG,0.3821361989575624,1.0,0.0,0.0,-49069.028370951506,Mixed/Other
"A_1f97e16953,A_6b3a8b213d,A_e95b2c5030",IPUSDT.PERP,LONG,0.3821361989575624,1.0,0.0,0.0,-49069.028370951506,Mixed/Other
"A_1f97e16953,A_6b3a8b213d,A_e95b2c5030",IPUSDT.PERP,LONG,0.3821361989575624,1.0,0.0,0.0,-49069.028370951506,Mixed/Other
"A_1f97e16953,A_6b3a8b213d,A_e95b2c5030",IPUSDT.PERP,LONG,0.3821361989575624,1.0,0.0,0.0,-49069.028370951506,Mixed/Other
"A_1f97e16953,A_6b3a8b213d,A_e95b2c5030",IPUSDT.PERP,LONG,0.3821361989575624,1.0,0.0,0.0,-49069.028370951506,Mixed/Other
"A_1f97e16953,A_6b3a8b213d,A_e95b2c5030",LINEAUSDT.PERP,LONG,0.3821361989575624,1.0,0.0,0.0,-49069.028370951506,Mixed/Other
"A_1f97e16953,A_6b3a8b213d,A_e95b2c5030",LINEAUSDT.PERP,LONG,0.3821361989575624,1.0,0.0,0.0,-49069.028370951506,Mixed/Other
"A_1f97e16953,A_6b3a8b213d,A_e95b2c5030",LINEAUSDT.PERP,LONG,0.3821361989575624,1.0,0.0,0.0,-49069.028370951506,Mixed/Other
"A_1f97e16953,A_6b3a8b213d,A_e95b2c5030",LINEAUSDT.PERP,LONG,0.3821361989575624,1.0,0.0,0.0,-49069.028370951506,Mixed/Other
"A_1f97e16953,A_6b3a8b213d,A_e95b2c5030",LISTAUSDT.PERP,LONG,0.3821361989575624,1.0,0.0,0.0,-49069.028370951506,Mixed/Other
"A_1f97e16953,A_6b3a8b213d,A_e95b2c5030",LISTAUSDT.PERP,LONG,0.3821361989575624,1.0,0.0,0.0,-49069.028370951506,Mixed/Other
"A_1f97e16953,A_6b3a8b213d,A_e95b2c5030",LISTAUSDT.PERP,LONG,0.3821361989575624,1.0,0.0,0.0,-49069.028370951506,Mixed/Other
"A_1f97e16953,A_6b3a8b213d,A_e95b2c5030",LISTAUSDT.PERP,LONG,0.3821361989575624,1.0,0.0,0.0,-49069.028370951506,Mixed/Other
"A_1f97e16953,A_6b3a8b213d,A_e95b2c5030",MERLUSDT.PERP,LONG,0.3821361989575624,1.0,0.0,0.0,-49069.028370951506,Mixed/Other
"A_1f97e16953,A_6b3a8b213d,A_e95b2c5030",MERLUSDT.PERP,LONG,0.3821361989575624,1.0,0.0,0.0,-49069.028370951506,Mixed/Other
"A_1f97e16953,A_6b3a8b213d,A_e95b2c5030",MERLUSDT.PERP,LONG,0.3821361989575624,1.0,0.0,0.0,-49069.028370951506,Mixed/Other
"A_1f97e16953,A_6b3a8b213d,A_e95b2c5030",MOODENGUSDT.PERP,LONG,0.3821361989575624,1.0,0.0,0.0,-49069.028370951506,Mixed/Other
"A_1f97e16953,A_6b3a8b213d,A_e95b2c5030",MOODENGUSDT.PERP,LONG,0.3821361989575624,1.0,0.0,0.0,-49069.028370951506,Mixed/Other
"A_1f97e16953,A_6b3a8b213d,A_e95b2c5030",MOODENGUSDT.PERP,LONG,0.3821361989575624,1.0,0.0,0.0,-49069.028370951506,Mixed/Other
"A_1f97e16953,A_6b3a8b213d,A_e95b2c5030",MOODENGUSDT.PERP,LONG,0.3821361989575624,1.0,0.0,0.0,-49069.028370951506,Mixed/Other
"A_1f97e16953,A_6b3a8b213d,A_e95b2c5030",MOODENGUSDT.PERP,LONG,0.3821361989575624,1.0,0.0,0.0,-49069.028370951506,Mixed/Other
"A_1f97e16953,A_6b3a8b213d,A_e95b2c5030",MOODENGUSDT.PERP,LONG,0.3821361989575624,1.0,0.0,0.0,-49069.028370951506,Mixed/Other
"A_1f97e16953,A_6b3a8b213d,A_e95b2c5030",PROVEUSDT.PERP,LONG,0.3821361989575624,1.0,0.0,0.0,-49069.028370951506,Mixed/Other
"A_1f97e16953,A_6b3a8b213d,A_e95b2c5030",PROVEUSDT.PERP,LONG,0.3821361989575624,1.0,0.0,0.0,-49069.028370951506,Mixed/Other
"A_1f97e16953,A_6b3a8b213d,A_e95b2c5030",PROVEUSDT.PERP,LONG,0.3821361989575624,1.0,0.0,0.0,-49069.028370951506,Mixed/Other
"A_1f97e16953,A_6b3a8b213d,A_e95b2c5030",PROVEUSDT.PERP,LONG,0.3821361989575624,1.0,0.0,0.0,-49069.028370951506,Mixed/Other
"A_1f97e16953,A_6b3a8b213d,A_e95b2c5030",SYRUPUSDT.PERP,LONG,0.3821361989575624,1.0,0.0,0.0,-49069.028370951506,Mixed/Other
"A_1f97e16953,A_6b3a8b213d,A_e95b2c5030",SYRUPUSDT.PERP,LONG,0.3821361989575624,1.0,0.0,0.0,-49069.028370951506,Mixed/Other
"A_1f97e16953,A_6b3a8b213d,A_e95b2c5030",SYRUPUSDT.PERP,LONG,0.3821361989575624,1.0,0.0,0.0,-49069.028370951506,Mixed/Other
"A_1f97e16953,A_6b3a8b213d,A_e95b2c5030",TREEUSDT.PERP,LONG,0.3821361989575624,1.0,0.0,0.0,-49069.028370951506,Mixed/Other
"A_1f97e16953,A_6b3a8b213d,A_e95b2c5030",TREEUSDT.PERP,LONG,0.3821361989575624,1.0,0.0,0.0,-49069.028370951506,Mixed/Other
"A_0bfb0b4311,A_26ffea8fd9,A_7e27164ab6",BTCUSDT.PERP,LONG,0.38213619895756235,0.3333333333333333,0.0,0.6666666666666666,59538308.133514225,Reward Abuse
"A_0bfb0b4311,A_26ffea8fd9,A_7e27164ab6",BTCUSDT.PERP,LONG,0.38213619895756235,0.3333333333333333,0.0,0.6666666666666666,59538308.133514225,Reward Abuse
"A_0bfb0b4311,A_26ffea8fd9,A_7e27164ab6",BTCUSDT.PERP,LONG,0.38213619895756235,0.3333333333333333,0.0,0.6666666666666666,59538308.133514225,Reward Abuse
"A_0bfb0b4311,A_26ffea8fd9,A_7e27164ab6",BTCUSDT.PERP,LONG,0.38213619895756235,0.3333333333333333,0.0,0.6666666666666666,59538308.133514225,Reward Abuse
"A_0bfb0b4311,A_26ffea8fd9,A_7e27164ab6",BTCUSDT.PERP,LONG,0.38213619895756235,0.3333333333333333,0.0,0.6666666666666666,59538308.133514225,Reward Abuse
"A_0bfb0b4311,A_26ffea8fd9,A_7e27164ab6",BTCUSDT.PERP,LONG,0.38213619895756235,0.3333333333333333,0.0,0.6666666666666666,59538308.133514225,Reward Abuse
"A_0bfb0b4311,A_26ffea8fd9,A_7e27164ab6",BTCUSDT.PERP,LONG,0.38213619895756235,0.3333333333333333,0.0,0.6666666666666666,59538308.133514225,Reward Abuse
"A_0bfb0b4311,A_26ffea8fd9,A_7e27164ab6",BTCUSDT.PERP,LONG,0.38213619895756235,0.3333333333333333,0.0,0.6666666666666666,59538308.133514225,Reward Abuse
"A_0bfb0b4311,A_26ffea8fd9,A_7e27164ab6",BTCUSDT.PERP,LONG,0.38213619895756235,0.3333333333333333,0.0,0.6666666666666666,59538308.133514225,Reward Abuse
"A_0bfb0b4311,A_26ffea8fd9,A_7e27164ab6",BTCUSDT.PERP,LONG,0.38213619895756235,0.3333333333333333,0.0,0.6666666666666666,59538308.133514225,Reward Abuse
"A_0bfb0b4311,A_89cf7b96c2,A_cab220ef3c",BTCUSDT.PERP,LONG,0.38213619895756235,0.3333333333333333,0.3333333333333333,0.3333333333333333,51130994.975463055,Mixed/Other
"A_0bfb0b4311,A_89cf7b96c2,A_cab220ef3c",BTCUSDT.PERP,LONG,0.38213619895756235,0.3333333333333333,0.3333333333333333,0.3333333333333333,51130994.975463055,Mixed/Other
"A_0bfb0b4311,A_89cf7b96c2,A_cab220ef3c",BTCUSDT.PERP,LONG,0.38213619895756235,0.3333333333333333,0.3333333333333333,0.3333333333333333,51130994.975463055,Mixed/Other
"A_0bfb0b4311,A_2ba62f7b20,A_cab220ef3c",BTCUSDT.PERP,SHORT,0.38213619895756235,0.3333333333333333,0.3333333333333333,0.3333333333333333,51081723.70046796,Mixed/Other
"A_0bfb0b4311,A_78e950c1a2,A_7e27164ab6",BTCUSDT.PERP,LONG,0.38213619895756235,0.3333333333333333,0.0,0.6666666666666666,51073420.017910704,Reward Abuse
"A_0bfb0b4311,A_78e950c1a2,A_7e27164ab6",BTCUSDT.PERP,LONG,0.38213619895756235,0.3333333333333333,0.0,0.6666666666666666,51073420.017910704,Reward Abuse
"A_0bfb0b4311,A_78e950c1a2,A_7e27164ab6",BTCUSDT.PERP,LONG,0.38213619895756235,0.3333333333333333,0.0,0.6666666666666666,51073420.017910704,Reward Abuse
"A_4943ad62b4,A_ace0a74506,A_cab220ef3c",BTCUSDT.PERP,LONG,0.38213619895756235,0.3333333333333333,0.3333333333333333,0.3333333333333333,47137554.48105767,Mixed/Other
"A_4943ad62b4,A_ace0a74506,A_cab220ef3c",BTCUSDT.PERP,LONG,0.38213619895756235,0.3333333333333333,0.3333333333333333,0.3333333333333333,47137554.48105767,Mixed/Other
"A_4943ad62b4,A_ace0a74506,A_cab220ef3c",BTCUSDT.PERP,LONG,0.38213619895756235,0.3333333333333333,0.3333333333333333,0.3333333333333333,47137554.48105767,Mixed/Other
"A_507a86d368,A_6960c2ee08,A_cab220ef3c",BTCUSDT.PERP,LONG,0.38213619895756235,0.3333333333333333,0.3333333333333333,0.3333333333333333,46721605.06449034,Mixed/Other
"A_7e27164ab6,A_dcd87c6c96,A_e7205c325a",BTCUSDT.PERP,LONG,0.38213619895756235,0.3333333333333333,0.0,0.6666666666666666,45929019.41499929,Reward Abuse
"A_7e27164ab6,A_dcd87c6c96,A_e7205c325a",BTCUSDT.PERP,LONG,0.38213619895756235,0.3333333333333333,0.0,0.6666666666666666,45929019.41499929,Reward Abuse
"A_7e27164ab6,A_dcd87c6c96,A_e7205c325a",BTCUSDT.PERP,LONG,0.38213619895756235,0.3333333333333333,0.0,0.6666666666666666,45929019.41499929,Reward Abuse
"A_7e27164ab6,A_dcd87c6c96,A_e7205c325a",BTCUSDT.PERP,LONG,0.38213619895756235,0.3333333333333333,0.0,0.6666666666666666,45929019.41499929,Reward Abuse
"A_7e27164ab6,A_dcd87c6c96,A_e7205c325a",BTCUSDT.PERP,LONG,0.38213619895756235,0.3333333333333333,0.0,0.6666666666666666,45929019.41499929,Reward Abuse
"A_0bfb0b4311,A_4081f88bb0,A_c668740478",BTCUSDT.PERP,LONG,0.38213619895756235,0.3333333333333333,0.3333333333333333,0.3333333333333333,34571109.08418818,Mixed/Other
"A_0bfb0b4311,A_4081f88bb0,A_89cf7b96c2",BTCUSDT.PERP,LONG,0.38213619895756235,0.3333333333333333,0.3333333333333333,0.3333333333333333,32644708.794757426,Mixed/Other
"A_3943c4c480,A_4081f88bb0,A_9788666227",ETHUSDT.PERP,LONG,0.38213619895756235,0.3333333333333333,0.3333333333333333,0.3333333333333333,29108845.789683994,Mixed/Other
"A_3943c4c480,A_4081f88bb0,A_9788666227",ETHUSDT.PERP,LONG,0.38213619895756235,0.3333333333333333,0.3333333333333333,0.3333333333333333,29108845.789683994,Mixed/Other
"A_4081f88bb0,A_6960c2ee08,A_e27beda014",BTCUSDT.PERP,LONG,0.38213619895756235,0.3333333333333333,0.3333333333333333,0.3333333333333333,28654388.090444263,Mixed/Other
"A_0bfb0b4311,A_26ffea8fd9,A_f2ab53d645",BTCUSDT.PERP,LONG,0.38213619895756235,0.3333333333333333,0.0,0.6666666666666666,11900343.980692398,Reward Abuse
"A_26ffea8fd9,A_dcd87c6c96,A_e7205c325a",BTCUSDT.PERP,LONG,0.38213619895756235,0.3333333333333333,0.0,0.6666666666666666,7309674.6306546265,Reward Abuse
"A_0bfb0b4311,A_27fd29fd55,A_9788666227",BTCUSDT.PERP,SHORT,0.38213619895756235,0.3333333333333333,0.3333333333333333,0.3333333333333333,5199905.084619955,Mixed/Other
"A_0bfb0b4311,A_27fd29fd55,A_9788666227",BTCUSDT.PERP,SHORT,0.38213619895756235,0.3333333333333333,0.3333333333333333,0.3333333333333333,5199905.084619955,Mixed/Other
"A_0bfb0b4311,A_5cd5d675fd,A_9788666227",BTCUSDT.PERP,SHORT,0.38213619895756235,0.3333333333333333,0.3333333333333333,0.3333333333333333,4444550.358934087,Mixed/Other
"A_0bfb0b4311,A_5cd5d675fd,A_9788666227",BTCUSDT.PERP,SHORT,0.38213619895756235,0.3333333333333333,0.3333333333333333,0.3333333333333333,4444550.358934087,Mixed/Other
"A_06d5bd3da9,A_5cd5d675fd,A_9788666227",ETHUSDT.PERP,SHORT,0.38213619895756235,0.3333333333333333,0.3333333333333333,0.3333333333333333,1367008.5359328217,Mixed/Other
"A_68f6513965,A_9788666227,A_c462ca9c6b",ETHUSDT.PERP,SHORT,0.38213619895756235,0.3333333333333333,0.3333333333333333,0.3333333333333333,481193.09866367694,Mixed/Other
"A_9788666227,A_c462ca9c6b,A_dae7cf0dd9",ETHUSDT.PERP,LONG,0.38213619895756235,0.3333333333333333,0.3333333333333333,0.3333333333333333,481007.3247404081,Mixed/Other
"A_9788666227,A_c462ca9c6b,A_dae7cf0dd9",ETHUSDT.PERP,LONG,0.38213619895756235,0.3333333333333333,0.3333333333333333,0.3333333333333333,481007.3247404081,Mixed/Other
"A_9788666227,A_c462ca9c6b,A_dae7cf0dd9",ETHUSDT.PERP,LONG,0.38213619895756235,0.3333333333333333,0.3333333333333333,0.3333333333333333,481007.3247404081,Mixed/Other
"A_3cab2969e5,A_9788666227,A_c462ca9c6b",ETHUSDT.PERP,SHORT,0.38213619895756235,0.3333333333333333,0.3333333333333333,0.3333333333333333,480647.30067702004,Mixed/Other
"A_64a414bc30,A_9788666227,A_c462ca9c6b",ETHUSDT.PERP,SHORT,0.38213619895756235,0.3333333333333333,0.3333333333333333,0.3333333333333333,476607.2661547229,Mixed/Other
"A_3943c4c480,A_68f6513965,A_9788666227",ETHUSDT.PERP,LONG,0.38213619895756235,0.3333333333333333,0.3333333333333333,0.3333333333333333,462746.73706366174,Mixed/Other
"A_3943c4c480,A_68f6513965,A_9788666227",ETHUSDT.PERP,LONG,0.38213619895756235,0.3333333333333333,0.3333333333333333,0.3333333333333333,462746.73706366174,Mixed/Other
"A_3943c4c480,A_68f6513965,A_9788666227",ETHUSDT.PERP,LONG,0.38213619895756235,0.3333333333333333,0.3333333333333333,0.3333333333333333,462746.73706366174,Mixed/Other
"A_68f6513965,A_9788666227,A_9a5e1e7fac",ETHUSDT.PERP,LONG,0.38213619895756235,0.3333333333333333,0.3333333333333333,0.3333333333333333,462485.73348881735,Mixed/Other
"A_68f6513965,A_9788666227,A_ace0a74506",ETHUSDT.PERP,LONG,0.38213619895756235,0.3333333333333333,0.3333333333333333,0.3333333333333333,459911.15508573584,Mixed/Other
"A_5cd5d675fd,A_64a414bc30,A_9788666227",ETHUSDT.PERP,LONG,0.38213619895756235,0.3333333333333333,0.3333333333333333,0.3333333333333333,458159.5578550376,Mixed/Other
"A_5cd5d675fd,A_64a414bc30,A_9788666227",ETHUSDT.PERP,LONG,0.38213619895756235,0.3333333333333333,0.3333333333333333,0.3333333333333333,458159.5578550376,Mixed/Other
"A_5cd5d675fd,A_64a414bc30,A_9788666227",ETHUSDT.PERP,SHORT,0.38213619895756235,0.3333333333333333,0.3333333333333333,0.3333333333333333,458159.5578550376,Mixed/Other
"A_5cd5d675fd,A_64a414bc30,A_9788666227",ETHUSDT.PERP,SHORT,0.38213619895756235,0.3333333333333333,0.3333333333333333,0.3333333333333333,458159.5578550376,Mixed/Other
"A_5cd5d675fd,A_64a414bc30,A_9788666227",ETHUSDT.PERP,SHORT,0.38213619895756235,0.3333333333333333,0.3333333333333333,0.3333333333333333,458159.5578550376,Mixed/Other
"A_5cd5d675fd,A_64a414bc30,A_9788666227",ETHUSDT.PERP,SHORT,0.38213619895756235,0.3333333333333333,0.3333333333333333,0.3333333333333333,458159.5578550376,Mixed/Other
"A_5cd5d675fd,A_64a414bc30,A_9788666227",ETHUSDT.PERP,SHORT,0.38213619895756235,0.3333333333333333,0.3333333333333333,0.3333333333333333,458159.5578550376,Mixed/Other
"A_5cd5d675fd,A_64a414bc30,A_9788666227",ETHUSDT.PERP,SHORT,0.38213619895756235,0.3333333333333333,0.3333333333333333,0.3333333333333333,458159.5578550376,Mixed/Other
"A_5cd5d675fd,A_64a414bc30,A_9788666227",ETHUSDT.PERP,SHORT,0.38213619895756235,0.3333333333333333,0.3333333333333333,0.3333333333333333,458159.5578550376,Mixed/Other
"A_5cd5d675fd,A_64a414bc30,A_9788666227",ETHUSDT.PERP,SHORT,0.38213619895756235,0.3333333333333333,0.3333333333333333,0.3333333333333333,458159.5578550376,Mixed/Other
"A_5cd5d675fd,A_64a414bc30,A_9788666227",ETHUSDT.PERP,SHORT,0.38213619895756235,0.3333333333333333,0.3333333333333333,0.3333333333333333,458159.5578550376,Mixed/Other
"A_5cd5d675fd,A_64a414bc30,A_9788666227",ETHUSDT.PERP,SHORT,0.38213619895756235,0.3333333333333333,0.3333333333333333,0.3333333333333333,458159.5578550376,Mixed/Other
"A_5cd5d675fd,A_64a414bc30,A_9788666227",ETHUSDT.PERP,SHORT,0.38213619895756235,0.3333333333333333,0.3333333333333333,0.3333333333333333,458159.5578550376,Mixed/Other
"A_64a414bc30,A_9788666227,A_ace0a74506",ETHUSDT.PERP,LONG,0.38213619895756235,0.3333333333333333,0.3333333333333333,0.3333333333333333,455325.3225767818,Mixed/Other
"A_9366ce5043,A_9788666227,A_ace0a74506",ETHUSDT.PERP,LONG,0.38213619895756235,0.3333333333333333,0.3333333333333333,0.3333333333333333,452357.08429650613,Mixed/Other
"A_64a414bc30,A_94cf7bdada,A_e8e9d04acc",ETHUSDT.PERP,SHORT,0.38213619895756235,0.3333333333333333,0.3333333333333333,0.3333333333333333,46016.77239864805,Mixed/Other
"A_64a414bc30,A_94cf7bdada,A_e8e9d04acc",ETHUSDT.PERP,SHORT,0.38213619895756235,0.3333333333333333,0.3333333333333333,0.3333333333333333,46016.77239864805,Mixed/Other
"A_64a414bc30,A_94cf7bdada,A_e8e9d04acc",ETHUSDT.PERP,SHORT,0.38213619895756235,0.3333333333333333,0.3333333333333333,0.3333333333333333,46016.77239864805,Mixed/Other
"A_64a414bc30,A_94cf7bdada,A_e8e9d04acc",ETHUSDT.PERP,SHORT,0.38213619895756235,0.3333333333333333,0.3333333333333333,0.3333333333333333,46016.77239864805,Mixed/Other
"A_64a414bc30,A_94cf7bdada,A_e8e9d04acc",ETHUSDT.PERP,SHORT,0.38213619895756235,0.3333333333333333,0.3333333333333333,0.3333333333333333,46016.77239864805,Mixed/Other
"A_64a414bc30,A_94cf7bdada,A_e8e9d04acc",ETHUSDT.PERP,SHORT,0.38213619895756235,0.3333333333333333,0.3333333333333333,0.3333333333333333,46016.77239864805,Mixed/Other
"A_64a414bc30,A_94cf7bdada,A_e8e9d04acc",ETHUSDT.PERP,SHORT,0.38213619895756235,0.3333333333333333,0.3333333333333333,0.3333333333333333,46016.77239864805,Mixed/Other
"A_5cd5d675fd,A_68f6513965,A_c462ca9c6b",ETHUSDT.PERP,SHORT,0.38213619895756235,0.3333333333333333,0.3333333333333333,0.3333333333333333,26337.965929656024,Mixed/Other
"A_68f6513965,A_9a5e1e7fac,A_c462ca9c6b",ETHUSDT.PERP,LONG,0.38213619895756235,0.3333333333333333,0.3333333333333333,0.3333333333333333,26078.30905448171,Mixed/Other
"A_5cd5d675fd,A_64a414bc30,A_c462ca9c6b",ETHUSDT.PERP,LONG,0.38213619895756235,0.3333333333333333,0.3333333333333333,0.3333333333333333,21752.133420701975,Mixed/Other
"A_5cd5d675fd,A_64a414bc30,A_c462ca9c6b",ETHUSDT.PERP,SHORT,0.38213619895756235,0.3333333333333333,0.3333333333333333,0.3333333333333333,21752.133420701975,Mixed/Other
"A_5cd5d675fd,A_64a414bc30,A_c462ca9c6b",ETHUSDT.PERP,SHORT,0.38213619895756235,0.3333333333333333,0.3333333333333333,0.3333333333333333,21752.133420701975,Mixed/Other
"A_5cd5d675fd,A_64a414bc30,A_c462ca9c6b",ETHUSDT.PERP,SHORT,0.38213619895756235,0.3333333333333333,0.3333333333333333,0.3333333333333333,21752.133420701975,Mixed/Other
"A_5cd5d675fd,A_64a414bc30,A_c462ca9c6b",ETHUSDT.PERP,SHORT,0.38213619895756235,0.3333333333333333,0.3333333333333333,0.3333333333333333,21752.133420701975,Mixed/Other
"A_5cd5d675fd,A_64a414bc30,A_c462ca9c6b",ETHUSDT.PERP,SHORT,0.38213619895756235,0.3333333333333333,0.3333333333333333,0.3333333333333333,21752.133420701975,Mixed/Other
"A_5cd5d675fd,A_64a414bc30,A_c462ca9c6b",ETHUSDT.PERP,SHORT,0.38213619895756235,0.3333333333333333,0.3333333333333333,0.3333333333333333,21752.133420701975,Mixed/Other
"A_5cd5d675fd,A_64a414bc30,A_c462ca9c6b",ETHUSDT.PERP,SHORT,0.38213619895756235,0.3333333333333333,0.3333333333333333,0.3333333333333333,21752.133420701975,Mixed/Other
"A_5cd5d675fd,A_64a414bc30,A_c462ca9c6b",ETHUSDT.PERP,SHORT,0.38213619895756235,0.3333333333333333,0.3333333333333333,0.3333333333333333,21752.133420701975,Mixed/Other
"A_5cd5d675fd,A_64a414bc30,A_c462ca9c6b",ETHUSDT.PERP,SHORT,0.38213619895756235,0.3333333333333333,0.3333333333333333,0.3333333333333333,21752.133420701975,Mixed/Other
"A_3cab2969e5,A_64a414bc30,A_68f6513965",ETHUSDT.PERP,SHORT,0.38213619895756235,0.3333333333333333,0.3333333333333333,0.3333333333333333,17702.401817630205,Mixed/Other
"A_1a7c006b71,A_9366ce5043,A_c462ca9c6b",ETHUSDT.PERP,LONG,0.38213619895756235,0.3333333333333333,0.3333333333333333,0.3333333333333333,15067.845073892795,Mixed/Other
"A_5cd5d675fd,A_64a414bc30,A_68f6513965",ETHUSDT.PERP,LONG,0.38213619895756235,0.3333333333333333,0.3333333333333333,0.3333333333333333,10776.312462651898,Mixed/Other
"A_5cd5d675fd,A_64a414bc30,A_68f6513965",ETHUSDT.PERP,LONG,0.38213619895756235,0.3333333333333333,0.3333333333333333,0.3333333333333333,10776.312462651898,Mixed/Other
"A_5cd5d675fd,A_64a414bc30,A_68f6513965",ETHUSDT.PERP,LONG,0.38213619895756235,0.3333333333333333,0.3333333333333333,0.3333333333333333,10776.312462651898,Mixed/Other
"A_5cd5d675fd,A_64a414bc30,A_68f6513965",ETHUSDT.PERP,LONG,0.38213619895756235,0.3333333333333333,0.3333333333333333,0.3333333333333333,10776.312462651898,Mixed/Other
"A_5cd5d675fd,A_64a414bc30,A_68f6513965",ETHUSDT.PERP,SHORT,0.38213619895756235,0.3333333333333333,0.3333333333333333,0.3333333333333333,10776.312462651898,Mixed/Other
"A_5cd5d675fd,A_64a414bc30,A_68f6513965",ETHUSDT.PERP,SHORT,0.38213619895756235,0.3333333333333333,0.3333333333333333,0.3333333333333333,10776.312462651898,Mixed/Other
"A_5cd5d675fd,A_64a414bc30,A_68f6513965",ETHUSDT.PERP,SHORT,0.38213619895756235,0.3333333333333333,0.3333333333333333,0.3333333333333333,10776.312462651898,Mixed/Other
"A_5cd5d675fd,A_64a414bc30,A_68f6513965",ETHUSDT.PERP,SHORT,0.38213619895756235,0.3333333333333333,0.3333333333333333,0.3333333333333333,10776.312462651898,Mixed/Other
"A_5cd5d675fd,A_64a414bc30,A_68f6513965",ETHUSDT.PERP,SHORT,0.38213619895756235,0.3333333333333333,0.3333333333333333,0.3333333333333333,10776.312462651898,Mixed/Other
"A_64a414bc30,A_68f6513965,A_9a5e1e7fac",ETHUSDT.PERP,SHORT,0.38213619895756235,0.3333333333333333,0.3333333333333333,0.3333333333333333,10516.65558747758,Mixed/Other
"A_64a414bc30,A_68f6513965,A_9a5e1e7fac",ETHUSDT.PERP,SHORT,0.38213619895756235,0.3333333333333333,0.3333333333333333,0.3333333333333333,10516.65558747758,Mixed/Other
"A_64a414bc30,A_68f6513965,A_9a5e1e7fac",ETHUSDT.PERP,SHORT,0.38213619895756235,0.3333333333333333,0.3333333333333333,0.3333333333333333,10516.65558747758,Mixed/Other
"A_1a7c006b71,A_5cd5d675fd,A_68f6513965",ETHUSDT.PERP,SHORT,0.38213619895756235,0.3333333333333333,0.3333333333333333,0.3333333333333333,4174.207563437217,Mixed/Other
"A_1a7c006b71,A_5cd5d675fd,A_68f6513965",ETHUSDT.PERP,SHORT,0.38213619895756235,0.3333333333333333,0.3333333333333333,0.3333333333333333,4174.207563437217,Mixed/Other
"A_4943ad62b4,A_6960c2ee08,A_e27beda014",BTCUSDT.PERP,LONG,0.38213619895756235,0.6666666666666666,0.0,0.3333333333333333,930.3758622938415,Mixed/Other
"A_4943ad62b4,A_b2bc71e131,A_e27beda014",BTCUSDT.PERP,LONG,0.38213619895756235,0.6666666666666666,0.0,0.3333333333333333,-7824.818272710394,Mixed/Other
"A_4943ad62b4,A_b2bc71e131,A_e27beda014",BTCUSDT.PERP,LONG,0.38213619895756235,0.6666666666666666,0.0,0.3333333333333333,-7824.818272710394,Mixed/Other
"A_4943ad62b4,A_b2bc71e131,A_e27beda014",BTCUSDT.PERP,LONG,0.38213619895756235,0.6666666666666666,0.0,0.3333333333333333,-7824.818272710394,Mixed/Other
"A_4943ad62b4,A_b2bc71e131,A_e27beda014",BTCUSDT.PERP,LONG,0.38213619895756235,0.6666666666666666,0.0,0.3333333333333333,-7824.818272710394,Mixed/Other
"A_06d5bd3da9,A_68f6513965,A_ae270b7bf6",ETHUSDT.PERP,SHORT,0.38213619895756235,0.3333333333333333,0.3333333333333333,0.3333333333333333,-253028.2989741281,Mixed/Other
"A_1b6957bd93,A_dcd87c6c96,A_e7205c325a",BTCUSDT.PERP,LONG,0.38213619895756235,0.3333333333333333,0.0,0.6666666666666666,-354439.2327758877,Reward Abuse
"A_1b6957bd93,A_dcd87c6c96,A_e7205c325a",BTCUSDT.PERP,SHORT,0.38213619895756235,0.3333333333333333,0.0,0.6666666666666666,-354439.2327758877,Reward Abuse
"A_68f6513965,A_9788666227,A_ae270b7bf6",ETHUSDT.PERP,LONG,0.38213619895756235,0.3333333333333333,0.3333333333333333,0.3333333333333333,-709908.1991505725,Mixed/Other
"A_68f6513965,A_9788666227,A_ae270b7bf6",ETHUSDT.PERP,LONG,0.38213619895756235,0.3333333333333333,0.3333333333333333,0.3333333333333333,-709908.1991505725,Mixed/Other
"A_68f6513965,A_9788666227,A_ae270b7bf6",ETHUSDT.PERP,LONG,0.38213619895756235,0.3333333333333333,0.3333333333333333,0.3333333333333333,-709908.1991505725,Mixed/Other
"A_3cab2969e5,A_9788666227,A_ae270b7bf6",ETHUSDT.PERP,LONG,0.38213619895756235,0.3333333333333333,0.3333333333333333,0.3333333333333333,-710453.9971372294,Mixed/Other
"A_3cab2969e5,A_9788666227,A_ae270b7bf6",ETHUSDT.PERP,LONG,0.38213619895756235,0.3333333333333333,0.3333333333333333,0.3333333333333333,-710453.9971372294,Mixed/Other
"A_3cab2969e5,A_9788666227,A_ae270b7bf6",ETHUSDT.PERP,LONG,0.38213619895756235,0.3333333333333333,0.3333333333333333,0.3333333333333333,-710453.9971372294,Mixed/Other
"A_5cd5d675fd,A_9788666227,A_ae270b7bf6",ETHUSDT.PERP,LONG,0.38213619895756235,0.3333333333333333,0.3333333333333333,0.3333333333333333,-717380.0864922077,Mixed/Other
"A_64a414bc30,A_68f6513965,A_ae270b7bf6",ETHUSDT.PERP,LONG,0.38213619895756235,0.3333333333333333,0.3333333333333333,0.3333333333333333,-1161877.2770519124,Mixed/Other
"A_06d5bd3da9,A_5cd5d675fd,A_9788666227,A_dae7cf0dd9",ETHUSDT.PERP,SHORT,0.3614535787277792,0.25,0.25,0.25,1374434.1061139666,Mixed/Other
"A_06d5bd3da9,A_5cd5d675fd,A_9788666227,A_dae7cf0dd9",ETHUSDT.PERP,SHORT,0.3614535787277792,0.25,0.25,0.25,1374434.1061139666,Mixed/Other
"A_06d5bd3da9,A_1a7c006b71,A_5cd5d675fd,A_9788666227,A_dae7cf0dd9",ETHUSDT.PERP,SHORT,0.3554076221645933,0.2,0.2,0.2,1370857.5128102116,Mixed/Other
"A_0e72128b0d,A_7e27164ab6",BTCUSDT.PERP,LONG,0.3443395226858121,0.5,0.0,0.5,56562956.498697095,Reward Abuse
"A_0e72128b0d,A_7e27164ab6",BTCUSDT.PERP,LONG,0.3443395226858121,0.5,0.0,0.5,56562956.498697095,Reward Abuse
"A_0e72128b0d,A_7e27164ab6",BTCUSDT.PERP,LONG,0.3443395226858121,0.5,0.0,0.5,56562956.498697095,Reward Abuse
"A_0e72128b0d,A_7e27164ab6",BTCUSDT.PERP,LONG,0.3443395226858121,0.5,0.0,0.5,56562956.498697095,Reward Abuse
"A_0e72128b0d,A_7e27164ab6",BTCUSDT.PERP,LONG,0.3443395226858121,0.5,0.0,0.5,56562956.498697095,Reward Abuse
"A_0e72128b0d,A_7e27164ab6",BTCUSDT.PERP,LONG,0.3443395226858121,0.5,0.0,0.5,56562956.498697095,Reward Abuse
"A_0e72128b0d,A_7e27164ab6",BTCUSDT.PERP,LONG,0.3443395226858121,0.5,0.0,0.5,56562956.498697095,Reward Abuse
"A_0e72128b0d,A_7e27164ab6",BTCUSDT.PERP,LONG,0.3443395226858121,0.5,0.0,0.5,56562956.498697095,Reward Abuse
"A_0e72128b0d,A_7e27164ab6",BTCUSDT.PERP,LONG,0.3443395226858121,0.5,0.0,0.5,56562956.498697095,Reward Abuse
"A_0bfb0b4311,A_7e27164ab6",BTCUSDT.PERP,LONG,0.3443395226858121,0.5,0.0,0.5,51073534.615266696,Reward Abuse
"A_0bfb0b4311,A_7e27164ab6",BTCUSDT.PERP,LONG,0.3443395226858121,0.5,0.0,0.5,51073534.615266696,Reward Abuse
"A_0bfb0b4311,A_7e27164ab6",BTCUSDT.PERP,LONG,0.3443395226858121,0.5,0.0,0.5,51073534.615266696,Reward Abuse
"A_0bfb0b4311,A_7e27164ab6",BTCUSDT.PERP,LONG,0.3443395226858121,0.5,0.0,0.5,51073534.615266696,Reward Abuse
"A_0bfb0b4311,A_7e27164ab6",BTCUSDT.PERP,LONG,0.3443395226858121,0.5,0.0,0.5,51073534.615266696,Reward Abuse
"A_0bfb0b4311,A_7e27164ab6",BTCUSDT.PERP,LONG,0.3443395226858121,0.5,0.0,0.5,51073534.615266696,Reward Abuse
"A_0bfb0b4311,A_7e27164ab6",BTCUSDT.PERP,LONG,0.3443395226858121,0.5,0.0,0.5,51073534.615266696,Reward Abuse
"A_0bfb0b4311,A_7e27164ab6",BTCUSDT.PERP,LONG,0.3443395226858121,0.5,0.0,0.5,51073534.615266696,Reward Abuse
"A_0bfb0b4311,A_7e27164ab6",BTCUSDT.PERP,LONG,0.3443395226858121,0.5,0.0,0.5,51073534.615266696,Reward Abuse
"A_0bfb0b4311,A_7e27164ab6",BTCUSDT.PERP,LONG,0.3443395226858121,0.5,0.0,0.5,51073534.615266696,Reward Abuse
"A_0bfb0b4311,A_7e27164ab6",BTCUSDT.PERP,LONG,0.3443395226858121,0.5,0.0,0.5,51073534.615266696,Reward Abuse
"A_0bfb0b4311,A_7e27164ab6",BTCUSDT.PERP,LONG,0.3443395226858121,0.5,0.0,0.5,51073534.615266696,Reward Abuse
"A_0bfb0b4311,A_7e27164ab6",BTCUSDT.PERP,LONG,0.3443395226858121,0.5,0.0,0.5,51073534.615266696,Reward Abuse
"A_0bfb0b4311,A_7e27164ab6",BTCUSDT.PERP,LONG,0.3443395226858121,0.5,0.0,0.5,51073534.615266696,Reward Abuse
"A_0bfb0b4311,A_7e27164ab6",BTCUSDT.PERP,LONG,0.3443395226858121,0.5,0.0,0.5,51073534.615266696,Reward Abuse
"A_0bfb0b4311,A_7e27164ab6",BTCUSDT.PERP,LONG,0.3443395226858121,0.5,0.0,0.5,51073534.615266696,Reward Abuse
"A_0bfb0b4311,A_7e27164ab6",BTCUSDT.PERP,LONG,0.3443395226858121,0.5,0.0,0.5,51073534.615266696,Reward Abuse
"A_0bfb0b4311,A_7e27164ab6",BTCUSDT.PERP,LONG,0.3443395226858121,0.5,0.0,0.5,51073534.615266696,Reward Abuse
"A_0bfb0b4311,A_7e27164ab6",BTCUSDT.PERP,LONG,0.3443395226858121,0.5,0.0,0.5,51073534.615266696,Reward Abuse
"A_0bfb0b4311,A_7e27164ab6",BTCUSDT.PERP,LONG,0.3443395226858121,0.5,0.0,0.5,51073534.615266696,Reward Abuse
"A_0bfb0b4311,A_7e27164ab6",BTCUSDT.PERP,LONG,0.3443395226858121,0.5,0.0,0.5,51073534.615266696,Reward Abuse
"A_0bfb0b4311,A_7e27164ab6",BTCUSDT.PERP,LONG,0.3443395226858121,0.5,0.0,0.5,51073534.615266696,Reward Abuse
"A_0bfb0b4311,A_7e27164ab6",BTCUSDT.PERP,LONG,0.3443395226858121,0.5,0.0,0.5,51073534.615266696,Reward Abuse
"A_0bfb0b4311,A_7e27164ab6",BTCUSDT.PERP,LONG,0.3443395226858121,0.5,0.0,0.5,51073534.615266696,Reward Abuse
"A_0bfb0b4311,A_7e27164ab6",BTCUSDT.PERP,LONG,0.3443395226858121,0.5,0.0,0.5,51073534.615266696,Reward Abuse
"A_0bfb0b4311,A_7e27164ab6",BTCUSDT.PERP,LONG,0.3443395226858121,0.5,0.0,0.5,51073534.615266696,Reward Abuse
"A_0bfb0b4311,A_7e27164ab6",BTCUSDT.PERP,LONG,0.3443395226858121,0.5,0.0,0.5,51073534.615266696,Reward Abuse
"A_0bfb0b4311,A_7e27164ab6",BTCUSDT.PERP,LONG,0.3443395226858121,0.5,0.0,0.5,51073534.615266696,Reward Abuse
"A_0bfb0b4311,A_7e27164ab6",BTCUSDT.PERP,LONG,0.3443395226858121,0.5,0.0,0.5,51073534.615266696,Reward Abuse
"A_0bfb0b4311,A_7e27164ab6",BTCUSDT.PERP,LONG,0.3443395226858121,0.5,0.0,0.5,51073534.615266696,Reward Abuse
"A_0bfb0b4311,A_7e27164ab6",BTCUSDT.PERP,LONG,0.3443395226858121,0.5,0.0,0.5,51073534.615266696,Reward Abuse
"A_0bfb0b4311,A_7e27164ab6",BTCUSDT.PERP,LONG,0.3443395226858121,0.5,0.0,0.5,51073534.615266696,Reward Abuse
"A_0bfb0b4311,A_7e27164ab6",BTCUSDT.PERP,LONG,0.3443395226858121,0.5,0.0,0.5,51073534.615266696,Reward Abuse
"A_0bfb0b4311,A_7e27164ab6",BTCUSDT.PERP,LONG,0.3443395226858121,0.5,0.0,0.5,51073534.615266696,Reward Abuse
"A_0bfb0b4311,A_7e27164ab6",BTCUSDT.PERP,LONG,0.3443395226858121,0.5,0.0,0.5,51073534.615266696,Reward Abuse
"A_0bfb0b4311,A_7e27164ab6",BTCUSDT.PERP,LONG,0.3443395226858121,0.5,0.0,0.5,51073534.615266696,Reward Abuse
"A_0bfb0b4311,A_7e27164ab6",BTCUSDT.PERP,LONG,0.3443395226858121,0.5,0.0,0.5,51073534.615266696,Reward Abuse
"A_0bfb0b4311,A_7e27164ab6",BTCUSDT.PERP,LONG,0.3443395226858121,0.5,0.0,0.5,51073534.615266696,Reward Abuse
"A_0bfb0b4311,A_7e27164ab6",BTCUSDT.PERP,LONG,0.3443395226858121,0.5,0.0,0.5,51073534.615266696,Reward Abuse
"A_0bfb0b4311,A_7e27164ab6",BTCUSDT.PERP,LONG,0.3443395226858121,0.5,0.0,0.5,51073534.615266696,Reward Abuse
"A_0bfb0b4311,A_7e27164ab6",BTCUSDT.PERP,LONG,0.3443395226858121,0.5,0.0,0.5,51073534.615266696,Reward Abuse
"A_0bfb0b4311,A_7e27164ab6",BTCUSDT.PERP,LONG,0.3443395226858121,0.5,0.0,0.5,51073534.615266696,Reward Abuse
"A_0bfb0b4311,A_7e27164ab6",BTCUSDT.PERP,LONG,0.3443395226858121,0.5,0.0,0.5,51073534.615266696,Reward Abuse
"A_0bfb0b4311,A_7e27164ab6",BTCUSDT.PERP,LONG,0.3443395226858121,0.5,0.0,0.5,51073534.615266696,Reward Abuse
"A_0bfb0b4311,A_7e27164ab6",BTCUSDT.PERP,LONG,0.3443395226858121,0.5,0.0,0.5,51073534.615266696,Reward Abuse
"A_0bfb0b4311,A_7e27164ab6",BTCUSDT.PERP,LONG,0.3443395226858121,0.5,0.0,0.5,51073534.615266696,Reward Abuse
"A_0bfb0b4311,A_7e27164ab6",BTCUSDT.PERP,LONG,0.3443395226858121,0.5,0.0,0.5,51073534.615266696,Reward Abuse
"A_0bfb0b4311,A_7e27164ab6",BTCUSDT.PERP,LONG,0.3443395226858121,0.5,0.0,0.5,51073534.615266696,Reward Abuse
"A_0bfb0b4311,A_7e27164ab6",BTCUSDT.PERP,LONG,0.3443395226858121,0.5,0.0,0.5,51073534.615266696,Reward Abuse
"A_0bfb0b4311,A_7e27164ab6",BTCUSDT.PERP,LONG,0.3443395226858121,0.5,0.0,0.5,51073534.615266696,Reward Abuse
"A_0bfb0b4311,A_7e27164ab6",BTCUSDT.PERP,LONG,0.3443395226858121,0.5,0.0,0.5,51073534.615266696,Reward Abuse
"A_0bfb0b4311,A_7e27164ab6",BTCUSDT.PERP,LONG,0.3443395226858121,0.5,0.0,0.5,51073534.615266696,Reward Abuse
"A_0bfb0b4311,A_7e27164ab6",BTCUSDT.PERP,LONG,0.3443395226858121,0.5,0.0,0.5,51073534.615266696,Reward Abuse
"A_0bfb0b4311,A_7e27164ab6",BTCUSDT.PERP,LONG,0.3443395226858121,0.5,0.0,0.5,51073534.615266696,Reward Abuse
"A_0bfb0b4311,A_7e27164ab6",BTCUSDT.PERP,LONG,0.3443395226858121,0.5,0.0,0.5,51073534.615266696,Reward Abuse
"A_0bfb0b4311,A_7e27164ab6",BTCUSDT.PERP,LONG,0.3443395226858121,0.5,0.0,0.5,51073534.615266696,Reward Abuse
"A_0bfb0b4311,A_7e27164ab6",BTCUSDT.PERP,LONG,0.3443395226858121,0.5,0.0,0.5,51073534.615266696,Reward Abuse
"A_0bfb0b4311,A_7e27164ab6",BTCUSDT.PERP,LONG,0.3443395226858121,0.5,0.0,0.5,51073534.615266696,Reward Abuse
"A_0bfb0b4311,A_7e27164ab6",BTCUSDT.PERP,LONG,0.3443395226858121,0.5,0.0,0.5,51073534.615266696,Reward Abuse
"A_0bfb0b4311,A_7e27164ab6",BTCUSDT.PERP,LONG,0.3443395226858121,0.5,0.0,0.5,51073534.615266696,Reward Abuse
"A_0bfb0b4311,A_7e27164ab6",BTCUSDT.PERP,LONG,0.3443395226858121,0.5,0.0,0.5,51073534.615266696,Reward Abuse
"A_0bfb0b4311,A_7e27164ab6",BTCUSDT.PERP,LONG,0.3443395226858121,0.5,0.0,0.5,51073534.615266696,Reward Abuse
"A_0bfb0b4311,A_7e27164ab6",BTCUSDT.PERP,LONG,0.3443395226858121,0.5,0.0,0.5,51073534.615266696,Reward Abuse
"A_0bfb0b4311,A_7e27164ab6",BTCUSDT.PERP,LONG,0.3443395226858121,0.5,0.0,0.5,51073534.615266696,Reward Abuse
"A_0bfb0b4311,A_7e27164ab6",BTCUSDT.PERP,LONG,0.3443395226858121,0.5,0.0,0.5,51073534.615266696,Reward Abuse
"A_0bfb0b4311,A_7e27164ab6",BTCUSDT.PERP,LONG,0.3443395226858121,0.5,0.0,0.5,51073534.615266696,Reward Abuse
"A_0bfb0b4311,A_7e27164ab6",BTCUSDT.PERP,LONG,0.3443395226858121,0.5,0.0,0.5,51073534.615266696,Reward Abuse
"A_0bfb0b4311,A_7e27164ab6",BTCUSDT.PERP,LONG,0.3443395226858121,0.5,0.0,0.5,51073534.615266696,Reward Abuse
"A_0bfb0b4311,A_7e27164ab6",BTCUSDT.PERP,LONG,0.3443395226858121,0.5,0.0,0.5,51073534.615266696,Reward Abuse
"A_0bfb0b4311,A_7e27164ab6",BTCUSDT.PERP,LONG,0.3443395226858121,0.5,0.0,0.5,51073534.615266696,Reward Abuse
"A_0bfb0b4311,A_7e27164ab6",BTCUSDT.PERP,LONG,0.3443395226858121,0.5,0.0,0.5,51073534.615266696,Reward Abuse
"A_0bfb0b4311,A_7e27164ab6",BTCUSDT.PERP,LONG,0.3443395226858121,0.5,0.0,0.5,51073534.615266696,Reward Abuse
"A_0bfb0b4311,A_7e27164ab6",BTCUSDT.PERP,LONG,0.3443395226858121,0.5,0.0,0.5,51073534.615266696,Reward Abuse
"A_0bfb0b4311,A_7e27164ab6",BTCUSDT.PERP,LONG,0.3443395226858121,0.5,0.0,0.5,51073534.615266696,Reward Abuse
"A_0bfb0b4311,A_7e27164ab6",BTCUSDT.PERP,LONG,0.3443395226858121,0.5,0.0,0.5,51073534.615266696,Reward Abuse
"A_0bfb0b4311,A_7e27164ab6",BTCUSDT.PERP,LONG,0.3443395226858121,0.5,0.0,0.5,51073534.615266696,Reward Abuse
"A_0bfb0b4311,A_7e27164ab6",BTCUSDT.PERP,LONG,0.3443395226858121,0.5,0.0,0.5,51073534.615266696,Reward Abuse
"A_0bfb0b4311,A_7e27164ab6",BTCUSDT.PERP,LONG,0.3443395226858121,0.5,0.0,0.5,51073534.615266696,Reward Abuse
"A_0bfb0b4311,A_7e27164ab6",BTCUSDT.PERP,LONG,0.3443395226858121,0.5,0.0,0.5,51073534.615266696,Reward Abuse
"A_0bfb0b4311,A_7e27164ab6",BTCUSDT.PERP,LONG,0.3443395226858121,0.5,0.0,0.5,51073534.615266696,Reward Abuse
"A_0bfb0b4311,A_7e27164ab6",BTCUSDT.PERP,LONG,0.3443395226858121,0.5,0.0,0.5,51073534.615266696,Reward Abuse
"A_0bfb0b4311,A_7e27164ab6",BTCUSDT.PERP,LONG,0.3443395226858121,0.5,0.0,0.5,51073534.615266696,Reward Abuse
"A_0bfb0b4311,A_7e27164ab6",BTCUSDT.PERP,LONG,0.3443395226858121,0.5,0.0,0.5,51073534.615266696,Reward Abuse
"A_0bfb0b4311,A_7e27164ab6",BTCUSDT.PERP,LONG,0.3443395226858121,0.5,0.0,0.5,51073534.615266696,Reward Abuse
"A_0bfb0b4311,A_7e27164ab6",BTCUSDT.PERP,LONG,0.3443395226858121,0.5,0.0,0.5,51073534.615266696,Reward Abuse
"A_0bfb0b4311,A_7e27164ab6",BTCUSDT.PERP,LONG,0.3443395226858121,0.5,0.0,0.5,51073534.615266696,Reward Abuse
"A_0bfb0b4311,A_7e27164ab6",BTCUSDT.PERP,LONG,0.3443395226858121,0.5,0.0,0.5,51073534.615266696,Reward Abuse
"A_0bfb0b4311,A_7e27164ab6",BTCUSDT.PERP,LONG,0.3443395226858121,0.5,0.0,0.5,51073534.615266696,Reward Abuse
"A_0bfb0b4311,A_7e27164ab6",BTCUSDT.PERP,LONG,0.3443395226858121,0.5,0.0,0.5,51073534.615266696,Reward Abuse
"A_0bfb0b4311,A_7e27164ab6",BTCUSDT.PERP,LONG,0.3443395226858121,0.5,0.0,0.5,51073534.615266696,Reward Abuse
"A_0bfb0b4311,A_7e27164ab6",BTCUSDT.PERP,LONG,0.3443395226858121,0.5,0.0,0.5,51073534.615266696,Reward Abuse
"A_0bfb0b4311,A_7e27164ab6",BTCUSDT.PERP,LONG,0.3443395226858121,0.5,0.0,0.5,51073534.615266696,Reward Abuse
"A_0bfb0b4311,A_7e27164ab6",BTCUSDT.PERP,LONG,0.3443395226858121,0.5,0.0,0.5,51073534.615266696,Reward Abuse
"A_0bfb0b4311,A_7e27164ab6",BTCUSDT.PERP,LONG,0.3443395226858121,0.5,0.0,0.5,51073534.615266696,Reward Abuse
"A_0bfb0b4311,A_7e27164ab6",BTCUSDT.PERP,LONG,0.3443395226858121,0.5,0.0,0.5,51073534.615266696,Reward Abuse
"A_0bfb0b4311,A_7e27164ab6",BTCUSDT.PERP,LONG,0.3443395226858121,0.5,0.0,0.5,51073534.615266696,Reward Abuse
"A_0bfb0b4311,A_7e27164ab6",BTCUSDT.PERP,LONG,0.3443395226858121,0.5,0.0,0.5,51073534.615266696,Reward Abuse
"A_0bfb0b4311,A_7e27164ab6",BTCUSDT.PERP,LONG,0.3443395226858121,0.5,0.0,0.5,51073534.615266696,Reward Abuse
"A_0bfb0b4311,A_7e27164ab6",BTCUSDT.PERP,LONG,0.3443395226858121,0.5,0.0,0.5,51073534.615266696,Reward Abuse
"A_0bfb0b4311,A_7e27164ab6",BTCUSDT.PERP,LONG,0.3443395226858121,0.5,0.0,0.5,51073534.615266696,Reward Abuse
"A_0bfb0b4311,A_7e27164ab6",BTCUSDT.PERP,LONG,0.3443395226858121,0.5,0.0,0.5,51073534.615266696,Reward Abuse
"A_0bfb0b4311,A_7e27164ab6",BTCUSDT.PERP,LONG,0.3443395226858121,0.5,0.0,0.5,51073534.615266696,Reward Abuse
"A_0bfb0b4311,A_7e27164ab6",BTCUSDT.PERP,LONG,0.3443395226858121,0.5,0.0,0.5,51073534.615266696,Reward Abuse
"A_0bfb0b4311,A_7e27164ab6",BTCUSDT.PERP,LONG,0.3443395226858121,0.5,0.0,0.5,51073534.615266696,Reward Abuse
"A_0bfb0b4311,A_7e27164ab6",BTCUSDT.PERP,LONG,0.3443395226858121,0.5,0.0,0.5,51073534.615266696,Reward Abuse
"A_0bfb0b4311,A_7e27164ab6",BTCUSDT.PERP,LONG,0.3443395226858121,0.5,0.0,0.5,51073534.615266696,Reward Abuse
"A_0bfb0b4311,A_7e27164ab6",BTCUSDT.PERP,LONG,0.3443395226858121,0.5,0.0,0.5,51073534.615266696,Reward Abuse
"A_0bfb0b4311,A_7e27164ab6",BTCUSDT.PERP,LONG,0.3443395226858121,0.5,0.0,0.5,51073534.615266696,Reward Abuse
"A_0bfb0b4311,A_7e27164ab6",BTCUSDT.PERP,LONG,0.3443395226858121,0.5,0.0,0.5,51073534.615266696,Reward Abuse
"A_0bfb0b4311,A_7e27164ab6",BTCUSDT.PERP,LONG,0.3443395226858121,0.5,0.0,0.5,51073534.615266696,Reward Abuse
"A_0bfb0b4311,A_7e27164ab6",BTCUSDT.PERP,LONG,0.3443395226858121,0.5,0.0,0.5,51073534.615266696,Reward Abuse
"A_0bfb0b4311,A_7e27164ab6",BTCUSDT.PERP,LONG,0.3443395226858121,0.5,0.0,0.5,51073534.615266696,Reward Abuse
"A_0bfb0b4311,A_7e27164ab6",BTCUSDT.PERP,LONG,0.3443395226858121,0.5,0.0,0.5,51073534.615266696,Reward Abuse
"A_0bfb0b4311,A_7e27164ab6",BTCUSDT.PERP,LONG,0.3443395226858121,0.5,0.0,0.5,51073534.615266696,Reward Abuse
"A_0bfb0b4311,A_7e27164ab6",BTCUSDT.PERP,LONG,0.3443395226858121,0.5,0.0,0.5,51073534.615266696,Reward Abuse
"A_0bfb0b4311,A_7e27164ab6",BTCUSDT.PERP,LONG,0.3443395226858121,0.5,0.0,0.5,51073534.615266696,Reward Abuse
"A_0bfb0b4311,A_7e27164ab6",BTCUSDT.PERP,LONG,0.3443395226858121,0.5,0.0,0.5,51073534.615266696,Reward Abuse
"A_0bfb0b4311,A_7e27164ab6",BTCUSDT.PERP,LONG,0.3443395226858121,0.5,0.0,0.5,51073534.615266696,Reward Abuse
"A_0bfb0b4311,A_7e27164ab6",BTCUSDT.PERP,LONG,0.3443395226858121,0.5,0.0,0.5,51073534.615266696,Reward Abuse
"A_0bfb0b4311,A_7e27164ab6",BTCUSDT.PERP,LONG,0.3443395226858121,0.5,0.0,0.5,51073534.615266696,Reward Abuse
"A_0bfb0b4311,A_7e27164ab6",BTCUSDT.PERP,LONG,0.3443395226858121,0.5,0.0,0.5,51073534.615266696,Reward Abuse
"A_0bfb0b4311,A_7e27164ab6",BTCUSDT.PERP,LONG,0.3443395226858121,0.5,0.0,0.5,51073534.615266696,Reward Abuse
"A_0bfb0b4311,A_7e27164ab6",BTCUSDT.PERP,LONG,0.3443395226858121,0.5,0.0,0.5,51073534.615266696,Reward Abuse
"A_0bfb0b4311,A_7e27164ab6",BTCUSDT.PERP,LONG,0.3443395226858121,0.5,0.0,0.5,51073534.615266696,Reward Abuse
"A_0bfb0b4311,A_7e27164ab6",BTCUSDT.PERP,LONG,0.3443395226858121,0.5,0.0,0.5,51073534.615266696,Reward Abuse
"A_0bfb0b4311,A_7e27164ab6",BTCUSDT.PERP,LONG,0.3443395226858121,0.5,0.0,0.5,51073534.615266696,Reward Abuse
"A_0bfb0b4311,A_7e27164ab6",BTCUSDT.PERP,LONG,0.3443395226858121,0.5,0.0,0.5,51073534.615266696,Reward Abuse
"A_0bfb0b4311,A_7e27164ab6",BTCUSDT.PERP,LONG,0.3443395226858121,0.5,0.0,0.5,51073534.615266696,Reward Abuse
"A_0bfb0b4311,A_7e27164ab6",BTCUSDT.PERP,LONG,0.3443395226858121,0.5,0.0,0.5,51073534.615266696,Reward Abuse
"A_0bfb0b4311,A_7e27164ab6",BTCUSDT.PERP,LONG,0.3443395226858121,0.5,0.0,0.5,51073534.615266696,Reward Abuse
"A_0bfb0b4311,A_7e27164ab6",BTCUSDT.PERP,LONG,0.3443395226858121,0.5,0.0,0.5,51073534.615266696,Reward Abuse
"A_0bfb0b4311,A_7e27164ab6",BTCUSDT.PERP,LONG,0.3443395226858121,0.5,0.0,0.5,51073534.615266696,Reward Abuse
"A_0bfb0b4311,A_7e27164ab6",BTCUSDT.PERP,LONG,0.3443395226858121,0.5,0.0,0.5,51073534.615266696,Reward Abuse
"A_0bfb0b4311,A_7e27164ab6",BTCUSDT.PERP,LONG,0.3443395226858121,0.5,0.0,0.5,51073534.615266696,Reward Abuse
"A_0bfb0b4311,A_7e27164ab6",BTCUSDT.PERP,LONG,0.3443395226858121,0.5,0.0,0.5,51073534.615266696,Reward Abuse
"A_0bfb0b4311,A_7e27164ab6",BTCUSDT.PERP,LONG,0.3443395226858121,0.5,0.0,0.5,51073534.615266696,Reward Abuse
"A_0bfb0b4311,A_7e27164ab6",BTCUSDT.PERP,LONG,0.3443395226858121,0.5,0.0,0.5,51073534.615266696,Reward Abuse
"A_0bfb0b4311,A_7e27164ab6",BTCUSDT.PERP,LONG,0.3443395226858121,0.5,0.0,0.5,51073534.615266696,Reward Abuse
"A_0bfb0b4311,A_7e27164ab6",BTCUSDT.PERP,LONG,0.3443395226858121,0.5,0.0,0.5,51073534.615266696,Reward Abuse
"A_0bfb0b4311,A_7e27164ab6",BTCUSDT.PERP,LONG,0.3443395226858121,0.5,0.0,0.5,51073534.615266696,Reward Abuse
"A_0bfb0b4311,A_7e27164ab6",BTCUSDT.PERP,LONG,0.3443395226858121,0.5,0.0,0.5,51073534.615266696,Reward Abuse
"A_0bfb0b4311,A_7e27164ab6",BTCUSDT.PERP,LONG,0.3443395226858121,0.5,0.0,0.5,51073534.615266696,Reward Abuse
"A_0bfb0b4311,A_7e27164ab6",BTCUSDT.PERP,LONG,0.3443395226858121,0.5,0.0,0.5,51073534.615266696,Reward Abuse
"A_0bfb0b4311,A_7e27164ab6",BTCUSDT.PERP,LONG,0.3443395226858121,0.5,0.0,0.5,51073534.615266696,Reward Abuse
"A_0bfb0b4311,A_7e27164ab6",BTCUSDT.PERP,LONG,0.3443395226858121,0.5,0.0,0.5,51073534.615266696,Reward Abuse
"A_0bfb0b4311,A_7e27164ab6",BTCUSDT.PERP,LONG,0.3443395226858121,0.5,0.0,0.5,51073534.615266696,Reward Abuse
"A_0bfb0b4311,A_7e27164ab6",BTCUSDT.PERP,LONG,0.3443395226858121,0.5,0.0,0.5,51073534.615266696,Reward Abuse
"A_0bfb0b4311,A_7e27164ab6",BTCUSDT.PERP,LONG,0.3443395226858121,0.5,0.0,0.5,51073534.615266696,Reward Abuse
"A_0bfb0b4311,A_7e27164ab6",BTCUSDT.PERP,LONG,0.3443395226858121,0.5,0.0,0.5,51073534.615266696,Reward Abuse
"A_0bfb0b4311,A_7e27164ab6",BTCUSDT.PERP,LONG,0.3443395226858121,0.5,0.0,0.5,51073534.615266696,Reward Abuse
"A_0bfb0b4311,A_7e27164ab6",BTCUSDT.PERP,LONG,0.3443395226858121,0.5,0.0,0.5,51073534.615266696,Reward Abuse
"A_0bfb0b4311,A_7e27164ab6",BTCUSDT.PERP,LONG,0.3443395226858121,0.5,0.0,0.5,51073534.615266696,Reward Abuse
"A_0bfb0b4311,A_7e27164ab6",BTCUSDT.PERP,LONG,0.3443395226858121,0.5,0.0,0.5,51073534.615266696,Reward Abuse
"A_0bfb0b4311,A_7e27164ab6",BTCUSDT.PERP,LONG,0.3443395226858121,0.5,0.0,0.5,51073534.615266696,Reward Abuse
"A_0bfb0b4311,A_7e27164ab6",BTCUSDT.PERP,LONG,0.3443395226858121,0.5,0.0,0.5,51073534.615266696,Reward Abuse
"A_0bfb0b4311,A_7e27164ab6",BTCUSDT.PERP,LONG,0.3443395226858121,0.5,0.0,0.5,51073534.615266696,Reward Abuse
"A_0bfb0b4311,A_7e27164ab6",BTCUSDT.PERP,LONG,0.3443395226858121,0.5,0.0,0.5,51073534.615266696,Reward Abuse
"A_0bfb0b4311,A_7e27164ab6",BTCUSDT.PERP,LONG,0.3443395226858121,0.5,0.0,0.5,51073534.615266696,Reward Abuse
"A_7e27164ab6,A_c668740478",BTCUSDT.PERP,LONG,0.3443395226858121,0.5,0.0,0.5,49012100.67738111,Reward Abuse
"A_1b6957bd93,A_7e27164ab6",BTCUSDT.PERP,LONG,0.3443395226858121,0.5,0.0,0.5,47884777.9574092,Reward Abuse
"A_1b6957bd93,A_7e27164ab6",BTCUSDT.PERP,LONG,0.3443395226858121,0.5,0.0,0.5,47884777.9574092,Reward Abuse
"A_9788666227,A_cab220ef3c",BTCUSDT.PERP,SHORT,0.3443395226858121,0.5,0.0,0.5,47594991.166927174,Reward Abuse
"A_9788666227,A_cab220ef3c",BTCUSDT.PERP,SHORT,0.3443395226858121,0.5,0.0,0.5,47594991.166927174,Reward Abuse
"A_9788666227,A_cab220ef3c",BTCUSDT.PERP,SHORT,0.3443395226858121,0.5,0.0,0.5,47594991.166927174,Reward Abuse
"A_60a63690ae,A_7e27164ab6",BTCUSDT.PERP,LONG,0.3443395226858121,0.5,0.0,0.5,47159481.0954469,Reward Abuse
"A_60a63690ae,A_7e27164ab6",BTCUSDT.PERP,LONG,0.3443395226858121,0.5,0.0,0.5,47159481.0954469,Reward Abuse
"A_60a63690ae,A_7e27164ab6",BTCUSDT.PERP,LONG,0.3443395226858121,0.5,0.0,0.5,47159481.0954469,Reward Abuse
"A_60a63690ae,A_7e27164ab6",BTCUSDT.PERP,LONG,0.3443395226858121,0.5,0.0,0.5,47159481.0954469,Reward Abuse
"A_60a63690ae,A_7e27164ab6",BTCUSDT.PERP,LONG,0.3443395226858121,0.5,0.0,0.5,47159481.0954469,Reward Abuse
"A_60a63690ae,A_7e27164ab6",BTCUSDT.PERP,LONG,0.3443395226858121,0.5,0.0,0.5,47159481.0954469,Reward Abuse
"A_68f6513965,A_cab220ef3c",BTCUSDT.PERP,LONG,0.3443395226858121,0.5,0.0,0.5,47147607.92153479,Reward Abuse
"A_68f6513965,A_cab220ef3c",BTCUSDT.PERP,LONG,0.3443395226858121,0.5,0.0,0.5,47147607.92153479,Reward Abuse
"A_78e950c1a2,A_cab220ef3c",BTCUSDT.PERP,LONG,0.3443395226858121,0.5,0.0,0.5,47139881.980074376,Reward Abuse
"A_78e950c1a2,A_cab220ef3c",BTCUSDT.PERP,LONG,0.3443395226858121,0.5,0.0,0.5,47139881.980074376,Reward Abuse
"A_7e27164ab6,A_89cf7b96c2",BTCUSDT.PERP,LONG,0.3443395226858121,0.5,0.0,0.5,47085700.38795036,Reward Abuse
"A_7e27164ab6,A_89cf7b96c2",BTCUSDT.PERP,LONG,0.3443395226858121,0.5,0.0,0.5,47085700.38795036,Reward Abuse
"A_7e27164ab6,A_89cf7b96c2",BTCUSDT.PERP,LONG,0.3443395226858121,0.5,0.0,0.5,47085700.38795036,Reward Abuse
"A_7e27164ab6,A_89cf7b96c2",BTCUSDT.PERP,LONG,0.3443395226858121,0.5,0.0,0.5,47085700.38795036,Reward Abuse
"A_7e27164ab6,A_89cf7b96c2",BTCUSDT.PERP,LONG,0.3443395226858121,0.5,0.0,0.5,47085700.38795036,Reward Abuse
"A_7e27164ab6,A_89cf7b96c2",BTCUSDT.PERP,LONG,0.3443395226858121,0.5,0.0,0.5,47085700.38795036,Reward Abuse
"A_7e27164ab6,A_89cf7b96c2",BTCUSDT.PERP,LONG,0.3443395226858121,0.5,0.0,0.5,47085700.38795036,Reward Abuse
"A_7e27164ab6,A_ebdb869fd3",BTCUSDT.PERP,LONG,0.3443395226858121,0.5,0.0,0.5,47084523.7137118,Reward Abuse
"A_7e27164ab6,A_e27beda014",BTCUSDT.PERP,LONG,0.3443395226858121,0.5,0.0,0.5,47084458.69287614,Reward Abuse
"A_7e27164ab6,A_e27beda014",BTCUSDT.PERP,LONG,0.3443395226858121,0.5,0.0,0.5,47084458.69287614,Reward Abuse
"A_6960c2ee08,A_7e27164ab6",BTCUSDT.PERP,LONG,0.3443395226858121,0.5,0.0,0.5,47084455.60602776,Reward Abuse
"A_6960c2ee08,A_7e27164ab6",BTCUSDT.PERP,LONG,0.3443395226858121,0.5,0.0,0.5,47084455.60602776,Reward Abuse
"A_6960c2ee08,A_7e27164ab6",BTCUSDT.PERP,LONG,0.3443395226858121,0.5,0.0,0.5,47084455.60602776,Reward Abuse
"A_6960c2ee08,A_7e27164ab6",BTCUSDT.PERP,LONG,0.3443395226858121,0.5,0.0,0.5,47084455.60602776,Reward Abuse
"A_6960c2ee08,A_7e27164ab6",BTCUSDT.PERP,LONG,0.3443395226858121,0.5,0.0,0.5,47084455.60602776,Reward Abuse
"A_6960c2ee08,A_7e27164ab6",BTCUSDT.PERP,LONG,0.3443395226858121,0.5,0.0,0.5,47084455.60602776,Reward Abuse
"A_6960c2ee08,A_7e27164ab6",BTCUSDT.PERP,LONG,0.3443395226858121,0.5,0.0,0.5,47084455.60602776,Reward Abuse
"A_6960c2ee08,A_7e27164ab6",BTCUSDT.PERP,LONG,0.3443395226858121,0.5,0.0,0.5,47084455.60602776,Reward Abuse
"A_4943ad62b4,A_7e27164ab6",BTCUSDT.PERP,LONG,0.3443395226858121,0.5,0.0,0.5,47084370.98473497,Reward Abuse
"A_4943ad62b4,A_7e27164ab6",BTCUSDT.PERP,LONG,0.3443395226858121,0.5,0.0,0.5,47084370.98473497,Reward Abuse
"A_3943c4c480,A_7e27164ab6",BTCUSDT.PERP,LONG,0.3443395226858121,0.5,0.0,0.5,47084259.106054634,Reward Abuse
"A_7e27164ab6,A_9366ce5043",BTCUSDT.PERP,LONG,0.3443395226858121,0.5,0.0,0.5,47084175.57590737,Reward Abuse
"A_7e27164ab6,A_9a5e1e7fac",BTCUSDT.PERP,LONG,0.3443395226858121,0.5,0.0,0.5,47083998.10247979,Reward Abuse
"A_7e27164ab6,A_9a5e1e7fac",BTCUSDT.PERP,LONG,0.3443395226858121,0.5,0.0,0.5,47083998.10247979,Reward Abuse
"A_7e27164ab6,A_9a5e1e7fac",BTCUSDT.PERP,LONG,0.3443395226858121,0.5,0.0,0.5,47083998.10247979,Reward Abuse
"A_7e27164ab6,A_9a5e1e7fac",BTCUSDT.PERP,LONG,0.3443395226858121,0.5,0.0,0.5,47083998.10247979,Reward Abuse
"A_7e27164ab6,A_9a5e1e7fac",BTCUSDT.PERP,LONG,0.3443395226858121,0.5,0.0,0.5,47083998.10247979,Reward Abuse
"A_7e27164ab6,A_853f70d58b",BTCUSDT.PERP,LONG,0.3443395226858121,0.5,0.0,0.5,47083541.09913221,Reward Abuse
"A_7e27164ab6,A_853f70d58b",BTCUSDT.PERP,LONG,0.3443395226858121,0.5,0.0,0.5,47083541.09913221,Reward Abuse
"A_2ba62f7b20,A_7e27164ab6",BTCUSDT.PERP,LONG,0.3443395226858121,0.5,0.0,0.5,47036429.112955265,Reward Abuse
"A_2ba62f7b20,A_7e27164ab6",BTCUSDT.PERP,LONG,0.3443395226858121,0.5,0.0,0.5,47036429.112955265,Reward Abuse
"A_2ba62f7b20,A_7e27164ab6",BTCUSDT.PERP,LONG,0.3443395226858121,0.5,0.0,0.5,47036429.112955265,Reward Abuse
"A_2ba62f7b20,A_7e27164ab6",BTCUSDT.PERP,LONG,0.3443395226858121,0.5,0.0,0.5,47036429.112955265,Reward Abuse
"A_2ba62f7b20,A_7e27164ab6",BTCUSDT.PERP,LONG,0.3443395226858121,0.5,0.0,0.5,47036429.112955265,Reward Abuse
"A_2ba62f7b20,A_7e27164ab6",BTCUSDT.PERP,LONG,0.3443395226858121,0.5,0.0,0.5,47036429.112955265,Reward Abuse
"A_2ba62f7b20,A_7e27164ab6",BTCUSDT.PERP,LONG,0.3443395226858121,0.5,0.0,0.5,47036429.112955265,Reward Abuse
"A_2ba62f7b20,A_7e27164ab6",BTCUSDT.PERP,LONG,0.3443395226858121,0.5,0.0,0.5,47036429.112955265,Reward Abuse
"A_522c68dd44,A_7e27164ab6",BTCUSDT.PERP,LONG,0.3443395226858121,0.5,0.0,0.5,46873847.36089328,Reward Abuse
"A_522c68dd44,A_7e27164ab6",BTCUSDT.PERP,LONG,0.3443395226858121,0.5,0.0,0.5,46873847.36089328,Reward Abuse
"A_522c68dd44,A_7e27164ab6",BTCUSDT.PERP,LONG,0.3443395226858121,0.5,0.0,0.5,46873847.36089328,Reward Abuse
"A_522c68dd44,A_7e27164ab6",BTCUSDT.PERP,LONG,0.3443395226858121,0.5,0.0,0.5,46873847.36089328,Reward Abuse
"A_507a86d368,A_7e27164ab6",BTCUSDT.PERP,LONG,0.3443395226858121,0.5,0.0,0.5,46665389.48621658,Reward Abuse
"A_507a86d368,A_7e27164ab6",BTCUSDT.PERP,LONG,0.3443395226858121,0.5,0.0,0.5,46665389.48621658,Reward Abuse
"A_7e27164ab6,A_dcd87c6c96",BTCUSDT.PERP,LONG,0.3443395226858121,0.5,0.0,0.5,44530593.381930985,Reward Abuse
"A_4081f88bb0,A_9788666227",ETHUSDT.PERP,LONG,0.3443395226858121,0.5,0.0,0.5,29108704.986221544,Reward Abuse
"A_4081f88bb0,A_64a414bc30",ETHUSDT.PERP,LONG,0.3443395226858121,0.5,0.0,0.5,28656735.908320207,Reward Abuse
"A_4081f88bb0,A_64a414bc30",ETHUSDT.PERP,LONG,0.3443395226858121,0.5,0.0,0.5,28656735.908320207,Reward Abuse
"A_4081f88bb0,A_78e950c1a2",BTCUSDT.PERP,SHORT,0.3443395226858121,0.5,0.0,0.5,28653595.79936875,Reward Abuse
"A_4081f88bb0,A_78e950c1a2",BTCUSDT.PERP,SHORT,0.3443395226858121,0.5,0.0,0.5,28653595.79936875,Reward Abuse
"A_0ad0445c5a,A_4081f88bb0",4USDT.PERP,LONG,0.3443395226858121,0.5,0.0,0.5,28652830.70537507,Reward Abuse
"A_2db64f326b,A_f96ede8d34",IPUSDT.PERP,LONG,0.3443395226858121,0.5,0.0,0.5,12854186.468014408,Reward Abuse
"A_2db64f326b,A_f96ede8d34",IPUSDT.PERP,LONG,0.3443395226858121,0.5,0.0,0.5,12854186.468014408,Reward Abuse
"A_2db64f326b,A_f96ede8d34",MERLUSDT.PERP,LONG,0.3443395226858121,0.5,0.0,0.5,12854186.468014408,Reward Abuse
"A_2db64f326b,A_f96ede8d34",OMUSDT.PERP,LONG,0.3443395226858121,0.5,0.0,0.5,12854186.468014408,Reward Abuse
"A_2db64f326b,A_f96ede8d34",OMUSDT.PERP,LONG,0.3443395226858121,0.5,0.0,0.5,12854186.468014408,Reward Abuse
"A_2db64f326b,A_f96ede8d34",OMUSDT.PERP,LONG,0.3443395226858121,0.5,0.0,0.5,12854186.468014408,Reward Abuse
"A_0bfb0b4311,A_26ffea8fd9",BTCUSDT.PERP,LONG,0.3443395226858121,0.5,0.0,0.5,12454189.830922034,Reward Abuse
"A_0bfb0b4311,A_26ffea8fd9",BTCUSDT.PERP,LONG,0.3443395226858121,0.5,0.0,0.5,12454189.830922034,Reward Abuse
"A_0bfb0b4311,A_26ffea8fd9",BTCUSDT.PERP,LONG,0.3443395226858121,0.5,0.0,0.5,12454189.830922034,Reward Abuse
"A_0bfb0b4311,A_26ffea8fd9",BTCUSDT.PERP,LONG,0.3443395226858121,0.5,0.0,0.5,12454189.830922034,Reward Abuse
"A_0bfb0b4311,A_26ffea8fd9",BTCUSDT.PERP,LONG,0.3443395226858121,0.5,0.0,0.5,12454189.830922034,Reward Abuse
"A_0bfb0b4311,A_26ffea8fd9",BTCUSDT.PERP,LONG,0.3443395226858121,0.5,0.0,0.5,12454189.830922034,Reward Abuse
"A_0bfb0b4311,A_26ffea8fd9",BTCUSDT.PERP,LONG,0.3443395226858121,0.5,0.0,0.5,12454189.830922034,Reward Abuse
"A_0bfb0b4311,A_26ffea8fd9",BTCUSDT.PERP,SHORT,0.3443395226858121,0.5,0.0,0.5,12454189.830922034,Reward Abuse
"A_0e72128b0d,A_c668740478",BTCUSDT.PERP,LONG,0.3443395226858121,0.5,0.0,0.5,11406820.57089383,Reward Abuse
"A_26ffea8fd9,A_c668740478",BTCUSDT.PERP,LONG,0.3443395226858121,0.5,0.0,0.5,10392755.893036451,Reward Abuse
"A_26ffea8fd9,A_c668740478",BTCUSDT.PERP,LONG,0.3443395226858121,0.5,0.0,0.5,10392755.893036451,Reward Abuse
"A_26ffea8fd9,A_c668740478",BTCUSDT.PERP,LONG,0.3443395226858121,0.5,0.0,0.5,10392755.893036451,Reward Abuse
"A_26ffea8fd9,A_c668740478",BTCUSDT.PERP,SHORT,0.3443395226858121,0.5,0.0,0.5,10392755.893036451,Reward Abuse
"A_26ffea8fd9,A_e7205c325a",BTCUSDT.PERP,LONG,0.3443395226858121,0.5,0.0,0.5,9863199.551315831,Reward Abuse
"A_26ffea8fd9,A_e7205c325a",BTCUSDT.PERP,SHORT,0.3443395226858121,0.5,0.0,0.5,9863199.551315831,Reward Abuse
"A_26ffea8fd9,A_e7205c325a",BTCUSDT.PERP,SHORT,0.3443395226858121,0.5,0.0,0.5,9863199.551315831,Reward Abuse
"A_26ffea8fd9,A_e7205c325a",BTCUSDT.PERP,SHORT,0.3443395226858121,0.5,0.0,0.5,9863199.551315831,Reward Abuse
"A_0e72128b0d,A_4943ad62b4",BTCUSDT.PERP,SHORT,0.3443395226858121,0.5,0.0,0.5,9479090.878247682,Reward Abuse
"A_0e72128b0d,A_3943c4c480",BTCUSDT.PERP,SHORT,0.3443395226858121,0.5,0.0,0.5,9478978.999567354,Reward Abuse
"A_0e72128b0d,A_3943c4c480",BTCUSDT.PERP,SHORT,0.3443395226858121,0.5,0.0,0.5,9478978.999567354,Reward Abuse
"A_0e72128b0d,A_3943c4c480",PIUSDT.PERP,SHORT,0.3443395226858121,0.5,0.0,0.5,9478978.999567354,Reward Abuse
"A_0e72128b0d,A_5cd5d675fd",BTCUSDT.PERP,LONG,0.3443395226858121,0.5,0.0,0.5,9478977.652867682,Reward Abuse
"A_0e72128b0d,A_9366ce5043",BTCUSDT.PERP,SHORT,0.3443395226858121,0.5,0.0,0.5,9478895.469420088,Reward Abuse
"A_0e72128b0d,A_522c68dd44",BTCUSDT.PERP,SHORT,0.3443395226858121,0.5,0.0,0.5,9268567.254405994,Reward Abuse
"A_0e72128b0d,A_48fbd03d61",BTCUSDT.PERP,SHORT,0.3443395226858121,0.5,0.0,0.5,9104597.27673798,Reward Abuse
"A_0e72128b0d,A_48fbd03d61",BTCUSDT.PERP,SHORT,0.3443395226858121,0.5,0.0,0.5,9104597.27673798,Reward Abuse
"A_26ffea8fd9,A_60a63690ae",BTCUSDT.PERP,LONG,0.3443395226858121,0.5,0.0,0.5,8540136.311102236,Reward Abuse
"A_26ffea8fd9,A_60a63690ae",BTCUSDT.PERP,SHORT,0.3443395226858121,0.5,0.0,0.5,8540136.311102236,Reward Abuse
"A_26ffea8fd9,A_c462ca9c6b",ETHUSDT.PERP,SHORT,0.3443395226858121,0.5,0.0,0.5,8483360.683309989,Reward Abuse
"A_26ffea8fd9,A_c462ca9c6b",ETHUSDT.PERP,SHORT,0.3443395226858121,0.5,0.0,0.5,8483360.683309989,Reward Abuse
"A_26ffea8fd9,A_c462ca9c6b",ETHUSDT.PERP,SHORT,0.3443395226858121,0.5,0.0,0.5,8483360.683309989,Reward Abuse
"A_26ffea8fd9,A_ebdb869fd3",XRPUSDT.PERP,LONG,0.3443395226858121,0.5,0.0,0.5,8465178.929367138,Reward Abuse
"A_26ffea8fd9,A_6960c2ee08",BTCUSDT.PERP,LONG,0.3443395226858121,0.5,0.0,0.5,8465110.821683096,Reward Abuse
"A_26ffea8fd9,A_4943ad62b4",BTCUSDT.PERP,LONG,0.3443395226858121,0.5,0.0,0.5,8465026.200390304,Reward Abuse
"A_26ffea8fd9,A_3943c4c480",BTCUSDT.PERP,LONG,0.3443395226858121,0.5,0.0,0.5,8464914.321709976,Reward Abuse
"A_26ffea8fd9,A_3943c4c480",BTCUSDT.PERP,SHORT,0.3443395226858121,0.5,0.0,0.5,8464914.321709976,Reward Abuse
"A_26ffea8fd9,A_5cd5d675fd",ETHUSDT.PERP,LONG,0.3443395226858121,0.5,0.0,0.5,8464912.975010304,Reward Abuse
"A_26ffea8fd9,A_853f70d58b",BTCUSDT.PERP,LONG,0.3443395226858121,0.5,0.0,0.5,8464196.314787548,Reward Abuse
"A_26ffea8fd9,A_853f70d58b",BTCUSDT.PERP,LONG,0.3443395226858121,0.5,0.0,0.5,8464196.314787548,Reward Abuse
"A_26ffea8fd9,A_853f70d58b",BTCUSDT.PERP,LONG,0.3443395226858121,0.5,0.0,0.5,8464196.314787548,Reward Abuse
"A_26ffea8fd9,A_40cfe40ac2",BTCUSDT.PERP,LONG,0.3443395226858121,0.5,0.0,0.5,8303893.017948826,Reward Abuse
"A_26ffea8fd9,A_522c68dd44",BTCUSDT.PERP,LONG,0.3443395226858121,0.5,0.0,0.5,8254502.576548615,Reward Abuse
"A_26ffea8fd9,A_522c68dd44",BTCUSDT.PERP,LONG,0.3443395226858121,0.5,0.0,0.5,8254502.576548615,Reward Abuse
"A_26ffea8fd9,A_522c68dd44",ETHUSDT.PERP,SHORT,0.3443395226858121,0.5,0.0,0.5,8254502.576548615,Reward Abuse
"A_26ffea8fd9,A_522c68dd44",ETHUSDT.PERP,SHORT,0.3443395226858121,0.5,0.0,0.5,8254502.576548615,Reward Abuse
"A_26ffea8fd9,A_507a86d368",BTCUSDT.PERP,LONG,0.3443395226858121,0.5,0.0,0.5,8046044.701871923,Reward Abuse
"A_0e72128b0d,A_33849d660b",BTCUSDT.PERP,SHORT,0.3443395226858121,0.5,0.0,0.5,7681393.756012272,Reward Abuse
"A_0bfb0b4311,A_c668740478",BTCUSDT.PERP,LONG,0.3443395226858121,0.5,0.0,0.5,5917398.6874634335,Reward Abuse
"A_0bfb0b4311,A_c668740478",BTCUSDT.PERP,LONG,0.3443395226858121,0.5,0.0,0.5,5917398.6874634335,Reward Abuse
"A_0bfb0b4311,A_c668740478",BTCUSDT.PERP,LONG,0.3443395226858121,0.5,0.0,0.5,5917398.6874634335,Reward Abuse
"A_0bfb0b4311,A_c668740478",BTCUSDT.PERP,LONG,0.3443395226858121,0.5,0.0,0.5,5917398.6874634335,Reward Abuse
"A_0bfb0b4311,A_c668740478",BTCUSDT.PERP,LONG,0.3443395226858121,0.5,0.0,0.5,5917398.6874634335,Reward Abuse
"A_0bfb0b4311,A_c668740478",BTCUSDT.PERP,LONG,0.3443395226858121,0.5,0.0,0.5,5917398.6874634335,Reward Abuse
"A_0bfb0b4311,A_c668740478",BTCUSDT.PERP,LONG,0.3443395226858121,0.5,0.0,0.5,5917398.6874634335,Reward Abuse
"A_0bfb0b4311,A_c668740478",BTCUSDT.PERP,LONG,0.3443395226858121,0.5,0.0,0.5,5917398.6874634335,Reward Abuse
"A_0bfb0b4311,A_c668740478",BTCUSDT.PERP,LONG,0.3443395226858121,0.5,0.0,0.5,5917398.6874634335,Reward Abuse
"A_0bfb0b4311,A_c668740478",BTCUSDT.PERP,LONG,0.3443395226858121,0.5,0.0,0.5,5917398.6874634335,Reward Abuse
"A_0bfb0b4311,A_c668740478",BTCUSDT.PERP,LONG,0.3443395226858121,0.5,0.0,0.5,5917398.6874634335,Reward Abuse
"A_0bfb0b4311,A_c668740478",BTCUSDT.PERP,LONG,0.3443395226858121,0.5,0.0,0.5,5917398.6874634335,Reward Abuse
"A_0bfb0b4311,A_c668740478",BTCUSDT.PERP,LONG,0.3443395226858121,0.5,0.0,0.5,5917398.6874634335,Reward Abuse
"A_0bfb0b4311,A_c668740478",BTCUSDT.PERP,LONG,0.3443395226858121,0.5,0.0,0.5,5917398.6874634335,Reward Abuse
"A_0bfb0b4311,A_c668740478",BTCUSDT.PERP,LONG,0.3443395226858121,0.5,0.0,0.5,5917398.6874634335,Reward Abuse
"A_0bfb0b4311,A_c668740478",BTCUSDT.PERP,LONG,0.3443395226858121,0.5,0.0,0.5,5917398.6874634335,Reward Abuse
"A_0bfb0b4311,A_c668740478",BTCUSDT.PERP,LONG,0.3443395226858121,0.5,0.0,0.5,5917398.6874634335,Reward Abuse
"A_0bfb0b4311,A_c668740478",BTCUSDT.PERP,LONG,0.3443395226858121,0.5,0.0,0.5,5917398.6874634335,Reward Abuse
"A_0bfb0b4311,A_c668740478",BTCUSDT.PERP,LONG,0.3443395226858121,0.5,0.0,0.5,5917398.6874634335,Reward Abuse
"A_0bfb0b4311,A_c668740478",BTCUSDT.PERP,LONG,0.3443395226858121,0.5,0.0,0.5,5917398.6874634335,Reward Abuse
"A_0bfb0b4311,A_c668740478",BTCUSDT.PERP,LONG,0.3443395226858121,0.5,0.0,0.5,5917398.6874634335,Reward Abuse
"A_0bfb0b4311,A_c668740478",BTCUSDT.PERP,LONG,0.3443395226858121,0.5,0.0,0.5,5917398.6874634335,Reward Abuse
"A_0bfb0b4311,A_c668740478",BTCUSDT.PERP,LONG,0.3443395226858121,0.5,0.0,0.5,5917398.6874634335,Reward Abuse
"A_0bfb0b4311,A_c668740478",BTCUSDT.PERP,LONG,0.3443395226858121,0.5,0.0,0.5,5917398.6874634335,Reward Abuse
"A_0bfb0b4311,A_c668740478",BTCUSDT.PERP,LONG,0.3443395226858121,0.5,0.0,0.5,5917398.6874634335,Reward Abuse
"A_0bfb0b4311,A_c668740478",BTCUSDT.PERP,LONG,0.3443395226858121,0.5,0.0,0.5,5917398.6874634335,Reward Abuse
"A_0bfb0b4311,A_c668740478",BTCUSDT.PERP,LONG,0.3443395226858121,0.5,0.0,0.5,5917398.6874634335,Reward Abuse
"A_0bfb0b4311,A_c668740478",BTCUSDT.PERP,LONG,0.3443395226858121,0.5,0.0,0.5,5917398.6874634335,Reward Abuse
"A_0bfb0b4311,A_c668740478",BTCUSDT.PERP,LONG,0.3443395226858121,0.5,0.0,0.5,5917398.6874634335,Reward Abuse
"A_0bfb0b4311,A_c668740478",BTCUSDT.PERP,LONG,0.3443395226858121,0.5,0.0,0.5,5917398.6874634335,Reward Abuse
"A_0bfb0b4311,A_c668740478",BTCUSDT.PERP,LONG,0.3443395226858121,0.5,0.0,0.5,5917398.6874634335,Reward Abuse
"A_0bfb0b4311,A_c668740478",BTCUSDT.PERP,LONG,0.3443395226858121,0.5,0.0,0.5,5917398.6874634335,Reward Abuse
"A_0bfb0b4311,A_c668740478",BTCUSDT.PERP,LONG,0.3443395226858121,0.5,0.0,0.5,5917398.6874634335,Reward Abuse
"A_0bfb0b4311,A_c668740478",BTCUSDT.PERP,LONG,0.3443395226858121,0.5,0.0,0.5,5917398.6874634335,Reward Abuse
"A_0bfb0b4311,A_c668740478",BTCUSDT.PERP,LONG,0.3443395226858121,0.5,0.0,0.5,5917398.6874634335,Reward Abuse
"A_0bfb0b4311,A_c668740478",BTCUSDT.PERP,LONG,0.3443395226858121,0.5,0.0,0.5,5917398.6874634335,Reward Abuse
"A_0bfb0b4311,A_c668740478",BTCUSDT.PERP,LONG,0.3443395226858121,0.5,0.0,0.5,5917398.6874634335,Reward Abuse
"A_0bfb0b4311,A_c668740478",BTCUSDT.PERP,LONG,0.3443395226858121,0.5,0.0,0.5,5917398.6874634335,Reward Abuse
"A_0bfb0b4311,A_c668740478",BTCUSDT.PERP,LONG,0.3443395226858121,0.5,0.0,0.5,5917398.6874634335,Reward Abuse
"A_0bfb0b4311,A_c668740478",BTCUSDT.PERP,LONG,0.3443395226858121,0.5,0.0,0.5,5917398.6874634335,Reward Abuse
"A_0bfb0b4311,A_c668740478",BTCUSDT.PERP,LONG,0.3443395226858121,0.5,0.0,0.5,5917398.6874634335,Reward Abuse
"A_0bfb0b4311,A_c668740478",BTCUSDT.PERP,LONG,0.3443395226858121,0.5,0.0,0.5,5917398.6874634335,Reward Abuse
"A_0bfb0b4311,A_c668740478",BTCUSDT.PERP,LONG,0.3443395226858121,0.5,0.0,0.5,5917398.6874634335,Reward Abuse
"A_0bfb0b4311,A_c668740478",BTCUSDT.PERP,LONG,0.3443395226858121,0.5,0.0,0.5,5917398.6874634335,Reward Abuse
"A_0bfb0b4311,A_c668740478",BTCUSDT.PERP,LONG,0.3443395226858121,0.5,0.0,0.5,5917398.6874634335,Reward Abuse
"A_0bfb0b4311,A_c668740478",BTCUSDT.PERP,LONG,0.3443395226858121,0.5,0.0,0.5,5917398.6874634335,Reward Abuse
"A_0bfb0b4311,A_c668740478",BTCUSDT.PERP,LONG,0.3443395226858121,0.5,0.0,0.5,5917398.6874634335,Reward Abuse
"A_0bfb0b4311,A_c668740478",BTCUSDT.PERP,LONG,0.3443395226858121,0.5,0.0,0.5,5917398.6874634335,Reward Abuse
"A_0bfb0b4311,A_c668740478",BTCUSDT.PERP,LONG,0.3443395226858121,0.5,0.0,0.5,5917398.6874634335,Reward Abuse
"A_0bfb0b4311,A_c668740478",BTCUSDT.PERP,LONG,0.3443395226858121,0.5,0.0,0.5,5917398.6874634335,Reward Abuse
"A_0bfb0b4311,A_c668740478",BTCUSDT.PERP,LONG,0.3443395226858121,0.5,0.0,0.5,5917398.6874634335,Reward Abuse
"A_0bfb0b4311,A_c668740478",BTCUSDT.PERP,LONG,0.3443395226858121,0.5,0.0,0.5,5917398.6874634335,Reward Abuse
"A_0bfb0b4311,A_c668740478",BTCUSDT.PERP,LONG,0.3443395226858121,0.5,0.0,0.5,5917398.6874634335,Reward Abuse
"A_0bfb0b4311,A_c668740478",BTCUSDT.PERP,LONG,0.3443395226858121,0.5,0.0,0.5,5917398.6874634335,Reward Abuse
"A_0bfb0b4311,A_c668740478",BTCUSDT.PERP,LONG,0.3443395226858121,0.5,0.0,0.5,5917398.6874634335,Reward Abuse
"A_0bfb0b4311,A_c668740478",BTCUSDT.PERP,LONG,0.3443395226858121,0.5,0.0,0.5,5917398.6874634335,Reward Abuse
"A_0bfb0b4311,A_c668740478",BTCUSDT.PERP,LONG,0.3443395226858121,0.5,0.0,0.5,5917398.6874634335,Reward Abuse
"A_0bfb0b4311,A_c668740478",BTCUSDT.PERP,LONG,0.3443395226858121,0.5,0.0,0.5,5917398.6874634335,Reward Abuse
"A_0bfb0b4311,A_c668740478",BTCUSDT.PERP,LONG,0.3443395226858121,0.5,0.0,0.5,5917398.6874634335,Reward Abuse
"A_0bfb0b4311,A_c668740478",BTCUSDT.PERP,LONG,0.3443395226858121,0.5,0.0,0.5,5917398.6874634335,Reward Abuse
"A_0bfb0b4311,A_c668740478",BTCUSDT.PERP,LONG,0.3443395226858121,0.5,0.0,0.5,5917398.6874634335,Reward Abuse
"A_0bfb0b4311,A_c668740478",BTCUSDT.PERP,LONG,0.3443395226858121,0.5,0.0,0.5,5917398.6874634335,Reward Abuse
"A_0bfb0b4311,A_c668740478",BTCUSDT.PERP,LONG,0.3443395226858121,0.5,0.0,0.5,5917398.6874634335,Reward Abuse
"A_0bfb0b4311,A_c668740478",BTCUSDT.PERP,LONG,0.3443395226858121,0.5,0.0,0.5,5917398.6874634335,Reward Abuse
"A_0bfb0b4311,A_c668740478",BTCUSDT.PERP,LONG,0.3443395226858121,0.5,0.0,0.5,5917398.6874634335,Reward Abuse
"A_0bfb0b4311,A_c668740478",BTCUSDT.PERP,LONG,0.3443395226858121,0.5,0.0,0.5,5917398.6874634335,Reward Abuse
"A_0bfb0b4311,A_c668740478",BTCUSDT.PERP,LONG,0.3443395226858121,0.5,0.0,0.5,5917398.6874634335,Reward Abuse
"A_0bfb0b4311,A_c668740478",BTCUSDT.PERP,LONG,0.3443395226858121,0.5,0.0,0.5,5917398.6874634335,Reward Abuse
"A_0bfb0b4311,A_c668740478",BTCUSDT.PERP,LONG,0.3443395226858121,0.5,0.0,0.5,5917398.6874634335,Reward Abuse
"A_0bfb0b4311,A_c668740478",BTCUSDT.PERP,LONG,0.3443395226858121,0.5,0.0,0.5,5917398.6874634335,Reward Abuse
"A_0bfb0b4311,A_c668740478",BTCUSDT.PERP,LONG,0.3443395226858121,0.5,0.0,0.5,5917398.6874634335,Reward Abuse
"A_0bfb0b4311,A_c668740478",BTCUSDT.PERP,LONG,0.3443395226858121,0.5,0.0,0.5,5917398.6874634335,Reward Abuse
"A_0bfb0b4311,A_c668740478",BTCUSDT.PERP,LONG,0.3443395226858121,0.5,0.0,0.5,5917398.6874634335,Reward Abuse
"A_0bfb0b4311,A_c668740478",BTCUSDT.PERP,LONG,0.3443395226858121,0.5,0.0,0.5,5917398.6874634335,Reward Abuse
"A_0bfb0b4311,A_c668740478",BTCUSDT.PERP,LONG,0.3443395226858121,0.5,0.0,0.5,5917398.6874634335,Reward Abuse
"A_0bfb0b4311,A_c668740478",BTCUSDT.PERP,LONG,0.3443395226858121,0.5,0.0,0.5,5917398.6874634335,Reward Abuse
"A_0bfb0b4311,A_c668740478",BTCUSDT.PERP,LONG,0.3443395226858121,0.5,0.0,0.5,5917398.6874634335,Reward Abuse
"A_0bfb0b4311,A_c668740478",BTCUSDT.PERP,LONG,0.3443395226858121,0.5,0.0,0.5,5917398.6874634335,Reward Abuse
"A_0bfb0b4311,A_c668740478",BTCUSDT.PERP,LONG,0.3443395226858121,0.5,0.0,0.5,5917398.6874634335,Reward Abuse
"A_0bfb0b4311,A_c668740478",BTCUSDT.PERP,LONG,0.3443395226858121,0.5,0.0,0.5,5917398.6874634335,Reward Abuse
"A_0bfb0b4311,A_c668740478",BTCUSDT.PERP,LONG,0.3443395226858121,0.5,0.0,0.5,5917398.6874634335,Reward Abuse
"A_0bfb0b4311,A_c668740478",BTCUSDT.PERP,LONG,0.3443395226858121,0.5,0.0,0.5,5917398.6874634335,Reward Abuse
"A_0bfb0b4311,A_c668740478",BTCUSDT.PERP,LONG,0.3443395226858121,0.5,0.0,0.5,5917398.6874634335,Reward Abuse
"A_0bfb0b4311,A_c668740478",BTCUSDT.PERP,LONG,0.3443395226858121,0.5,0.0,0.5,5917398.6874634335,Reward Abuse
"A_0bfb0b4311,A_c668740478",BTCUSDT.PERP,LONG,0.3443395226858121,0.5,0.0,0.5,5917398.6874634335,Reward Abuse
"A_0bfb0b4311,A_c668740478",BTCUSDT.PERP,LONG,0.3443395226858121,0.5,0.0,0.5,5917398.6874634335,Reward Abuse
"A_0bfb0b4311,A_c668740478",BTCUSDT.PERP,LONG,0.3443395226858121,0.5,0.0,0.5,5917398.6874634335,Reward Abuse
"A_0bfb0b4311,A_c668740478",BTCUSDT.PERP,LONG,0.3443395226858121,0.5,0.0,0.5,5917398.6874634335,Reward Abuse
"A_0bfb0b4311,A_c668740478",BTCUSDT.PERP,LONG,0.3443395226858121,0.5,0.0,0.5,5917398.6874634335,Reward Abuse
"A_0bfb0b4311,A_c668740478",BTCUSDT.PERP,LONG,0.3443395226858121,0.5,0.0,0.5,5917398.6874634335,Reward Abuse
"A_0bfb0b4311,A_c668740478",BTCUSDT.PERP,LONG,0.3443395226858121,0.5,0.0,0.5,5917398.6874634335,Reward Abuse
"A_0bfb0b4311,A_c668740478",BTCUSDT.PERP,LONG,0.3443395226858121,0.5,0.0,0.5,5917398.6874634335,Reward Abuse
"A_0bfb0b4311,A_c668740478",BTCUSDT.PERP,LONG,0.3443395226858121,0.5,0.0,0.5,5917398.6874634335,Reward Abuse
"A_0bfb0b4311,A_c668740478",BTCUSDT.PERP,LONG,0.3443395226858121,0.5,0.0,0.5,5917398.6874634335,Reward Abuse
"A_0bfb0b4311,A_c668740478",BTCUSDT.PERP,LONG,0.3443395226858121,0.5,0.0,0.5,5917398.6874634335,Reward Abuse
"A_0bfb0b4311,A_c668740478",BTCUSDT.PERP,LONG,0.3443395226858121,0.5,0.0,0.5,5917398.6874634335,Reward Abuse
"A_0bfb0b4311,A_c668740478",BTCUSDT.PERP,LONG,0.3443395226858121,0.5,0.0,0.5,5917398.6874634335,Reward Abuse
"A_0bfb0b4311,A_c668740478",BTCUSDT.PERP,LONG,0.3443395226858121,0.5,0.0,0.5,5917398.6874634335,Reward Abuse
"A_0bfb0b4311,A_c668740478",BTCUSDT.PERP,LONG,0.3443395226858121,0.5,0.0,0.5,5917398.6874634335,Reward Abuse
"A_0bfb0b4311,A_c668740478",BTCUSDT.PERP,LONG,0.3443395226858121,0.5,0.0,0.5,5917398.6874634335,Reward Abuse
"A_0bfb0b4311,A_c668740478",BTCUSDT.PERP,LONG,0.3443395226858121,0.5,0.0,0.5,5917398.6874634335,Reward Abuse
"A_0bfb0b4311,A_c668740478",BTCUSDT.PERP,LONG,0.3443395226858121,0.5,0.0,0.5,5917398.6874634335,Reward Abuse
"A_0bfb0b4311,A_c668740478",BTCUSDT.PERP,LONG,0.3443395226858121,0.5,0.0,0.5,5917398.6874634335,Reward Abuse
"A_0bfb0b4311,A_c668740478",BTCUSDT.PERP,LONG,0.3443395226858121,0.5,0.0,0.5,5917398.6874634335,Reward Abuse
"A_0bfb0b4311,A_c668740478",BTCUSDT.PERP,LONG,0.3443395226858121,0.5,0.0,0.5,5917398.6874634335,Reward Abuse
"A_0bfb0b4311,A_c668740478",BTCUSDT.PERP,LONG,0.3443395226858121,0.5,0.0,0.5,5917398.6874634335,Reward Abuse
"A_0bfb0b4311,A_c668740478",BTCUSDT.PERP,LONG,0.3443395226858121,0.5,0.0,0.5,5917398.6874634335,Reward Abuse
"A_0bfb0b4311,A_c668740478",BTCUSDT.PERP,LONG,0.3443395226858121,0.5,0.0,0.5,5917398.6874634335,Reward Abuse
"A_0bfb0b4311,A_c668740478",BTCUSDT.PERP,LONG,0.3443395226858121,0.5,0.0,0.5,5917398.6874634335,Reward Abuse
"A_0bfb0b4311,A_c668740478",BTCUSDT.PERP,LONG,0.3443395226858121,0.5,0.0,0.5,5917398.6874634335,Reward Abuse
"A_0bfb0b4311,A_c668740478",BTCUSDT.PERP,LONG,0.3443395226858121,0.5,0.0,0.5,5917398.6874634335,Reward Abuse
"A_0bfb0b4311,A_c668740478",BTCUSDT.PERP,LONG,0.3443395226858121,0.5,0.0,0.5,5917398.6874634335,Reward Abuse
"A_0bfb0b4311,A_c668740478",BTCUSDT.PERP,LONG,0.3443395226858121,0.5,0.0,0.5,5917398.6874634335,Reward Abuse
"A_0bfb0b4311,A_c668740478",BTCUSDT.PERP,LONG,0.3443395226858121,0.5,0.0,0.5,5917398.6874634335,Reward Abuse
"A_0bfb0b4311,A_c668740478",BTCUSDT.PERP,LONG,0.3443395226858121,0.5,0.0,0.5,5917398.6874634335,Reward Abuse
"A_0bfb0b4311,A_c668740478",BTCUSDT.PERP,SHORT,0.3443395226858121,0.5,0.0,0.5,5917398.6874634335,Reward Abuse
"A_26ffea8fd9,A_dcd87c6c96",BTCUSDT.PERP,LONG,0.3443395226858121,0.5,0.0,0.5,5911248.597586322,Reward Abuse
"A_0bfb0b4311,A_e7205c325a",BTCUSDT.PERP,LONG,0.3443395226858121,0.5,0.0,0.5,5387842.345742813,Reward Abuse
"A_0bfb0b4311,A_e7205c325a",BTCUSDT.PERP,LONG,0.3443395226858121,0.5,0.0,0.5,5387842.345742813,Reward Abuse
"A_0bfb0b4311,A_1b6957bd93",BTCUSDT.PERP,LONG,0.3443395226858121,0.5,0.0,0.5,4790075.967491521,Reward Abuse
"A_0bfb0b4311,A_1b6957bd93",BTCUSDT.PERP,LONG,0.3443395226858121,0.5,0.0,0.5,4790075.967491521,Reward Abuse
"A_0bfb0b4311,A_1b6957bd93",BTCUSDT.PERP,LONG,0.3443395226858121,0.5,0.0,0.5,4790075.967491521,Reward Abuse
"A_0bfb0b4311,A_1b6957bd93",BTCUSDT.PERP,LONG,0.3443395226858121,0.5,0.0,0.5,4790075.967491521,Reward Abuse
"A_0bfb0b4311,A_1b6957bd93",BTCUSDT.PERP,LONG,0.3443395226858121,0.5,0.0,0.5,4790075.967491521,Reward Abuse
"A_0bfb0b4311,A_1b6957bd93",BTCUSDT.PERP,LONG,0.3443395226858121,0.5,0.0,0.5,4790075.967491521,Reward Abuse
"A_0bfb0b4311,A_1b6957bd93",BTCUSDT.PERP,LONG,0.3443395226858121,0.5,0.0,0.5,4790075.967491521,Reward Abuse
"A_0bfb0b4311,A_27fd29fd55",BTCUSDT.PERP,LONG,0.3443395226858121,0.5,0.0,0.5,4744910.495123155,Reward Abuse
"A_0bfb0b4311,A_27fd29fd55",BTCUSDT.PERP,LONG,0.3443395226858121,0.5,0.0,0.5,4744910.495123155,Reward Abuse
"A_0bfb0b4311,A_27fd29fd55",BTCUSDT.PERP,LONG,0.3443395226858121,0.5,0.0,0.5,4744910.495123155,Reward Abuse
"A_0bfb0b4311,A_27fd29fd55",BTCUSDT.PERP,LONG,0.3443395226858121,0.5,0.0,0.5,4744910.495123155,Reward Abuse
"A_0bfb0b4311,A_27fd29fd55",BTCUSDT.PERP,SHORT,0.3443395226858121,0.5,0.0,0.5,4744910.495123155,Reward Abuse
"A_0bfb0b4311,A_27fd29fd55",BTCUSDT.PERP,SHORT,0.3443395226858121,0.5,0.0,0.5,4744910.495123155,Reward Abuse
"A_0bfb0b4311,A_60a63690ae",BTCUSDT.PERP,LONG,0.3443395226858121,0.5,0.0,0.5,4064779.1055292175,Reward Abuse
"A_0bfb0b4311,A_60a63690ae",BTCUSDT.PERP,LONG,0.3443395226858121,0.5,0.0,0.5,4064779.1055292175,Reward Abuse
"A_0bfb0b4311,A_60a63690ae",BTCUSDT.PERP,LONG,0.3443395226858121,0.5,0.0,0.5,4064779.1055292175,Reward Abuse
"A_0bfb0b4311,A_60a63690ae",BTCUSDT.PERP,LONG,0.3443395226858121,0.5,0.0,0.5,4064779.1055292175,Reward Abuse
"A_0bfb0b4311,A_60a63690ae",BTCUSDT.PERP,LONG,0.3443395226858121,0.5,0.0,0.5,4064779.1055292175,Reward Abuse
"A_0bfb0b4311,A_60a63690ae",BTCUSDT.PERP,LONG,0.3443395226858121,0.5,0.0,0.5,4064779.1055292175,Reward Abuse
"A_0bfb0b4311,A_60a63690ae",BTCUSDT.PERP,LONG,0.3443395226858121,0.5,0.0,0.5,4064779.1055292175,Reward Abuse
"A_0bfb0b4311,A_60a63690ae",BTCUSDT.PERP,LONG,0.3443395226858121,0.5,0.0,0.5,4064779.1055292175,Reward Abuse
"A_0bfb0b4311,A_60a63690ae",BTCUSDT.PERP,LONG,0.3443395226858121,0.5,0.0,0.5,4064779.1055292175,Reward Abuse
"A_0bfb0b4311,A_60a63690ae",BTCUSDT.PERP,SHORT,0.3443395226858121,0.5,0.0,0.5,4064779.1055292175,Reward Abuse
"A_0bfb0b4311,A_60a63690ae",BTCUSDT.PERP,SHORT,0.3443395226858121,0.5,0.0,0.5,4064779.1055292175,Reward Abuse
"A_0bfb0b4311,A_3cab2969e5",BTCUSDT.PERP,LONG,0.3443395226858121,0.5,0.0,0.5,3996481.8587922654,Reward Abuse
"A_0bfb0b4311,A_89cf7b96c2",BTCUSDT.PERP,LONG,0.3443395226858121,0.5,0.0,0.5,3990998.398032683,Reward Abuse
"A_0bfb0b4311,A_89cf7b96c2",BTCUSDT.PERP,LONG,0.3443395226858121,0.5,0.0,0.5,3990998.398032683,Reward Abuse
"A_0bfb0b4311,A_89cf7b96c2",BTCUSDT.PERP,LONG,0.3443395226858121,0.5,0.0,0.5,3990998.398032683,Reward Abuse
"A_0bfb0b4311,A_89cf7b96c2",BTCUSDT.PERP,LONG,0.3443395226858121,0.5,0.0,0.5,3990998.398032683,Reward Abuse
"A_0bfb0b4311,A_89cf7b96c2",BTCUSDT.PERP,LONG,0.3443395226858121,0.5,0.0,0.5,3990998.398032683,Reward Abuse
"A_0bfb0b4311,A_89cf7b96c2",BTCUSDT.PERP,LONG,0.3443395226858121,0.5,0.0,0.5,3990998.398032683,Reward Abuse
"A_0bfb0b4311,A_89cf7b96c2",BTCUSDT.PERP,LONG,0.3443395226858121,0.5,0.0,0.5,3990998.398032683,Reward Abuse
"A_0bfb0b4311,A_89cf7b96c2",BTCUSDT.PERP,LONG,0.3443395226858121,0.5,0.0,0.5,3990998.398032683,Reward Abuse
"A_0bfb0b4311,A_89cf7b96c2",BTCUSDT.PERP,LONG,0.3443395226858121,0.5,0.0,0.5,3990998.398032683,Reward Abuse
"A_0bfb0b4311,A_89cf7b96c2",BTCUSDT.PERP,LONG,0.3443395226858121,0.5,0.0,0.5,3990998.398032683,Reward Abuse
"A_0bfb0b4311,A_89cf7b96c2",BTCUSDT.PERP,LONG,0.3443395226858121,0.5,0.0,0.5,3990998.398032683,Reward Abuse
"A_0bfb0b4311,A_89cf7b96c2",BTCUSDT.PERP,LONG,0.3443395226858121,0.5,0.0,0.5,3990998.398032683,Reward Abuse
"A_0bfb0b4311,A_89cf7b96c2",BTCUSDT.PERP,LONG,0.3443395226858121,0.5,0.0,0.5,3990998.398032683,Reward Abuse
"A_0bfb0b4311,A_89cf7b96c2",BTCUSDT.PERP,LONG,0.3443395226858121,0.5,0.0,0.5,3990998.398032683,Reward Abuse
"A_0bfb0b4311,A_89cf7b96c2",BTCUSDT.PERP,LONG,0.3443395226858121,0.5,0.0,0.5,3990998.398032683,Reward Abuse
"A_0bfb0b4311,A_ebdb869fd3",BTCUSDT.PERP,LONG,0.3443395226858121,0.5,0.0,0.5,3989821.723794121,Reward Abuse
"A_0bfb0b4311,A_ebdb869fd3",BTCUSDT.PERP,LONG,0.3443395226858121,0.5,0.0,0.5,3989821.723794121,Reward Abuse
"A_0bfb0b4311,A_ebdb869fd3",BTCUSDT.PERP,LONG,0.3443395226858121,0.5,0.0,0.5,3989821.723794121,Reward Abuse
"A_0bfb0b4311,A_ebdb869fd3",BTCUSDT.PERP,LONG,0.3443395226858121,0.5,0.0,0.5,3989821.723794121,Reward Abuse
"A_0bfb0b4311,A_ebdb869fd3",BTCUSDT.PERP,LONG,0.3443395226858121,0.5,0.0,0.5,3989821.723794121,Reward Abuse
"A_0bfb0b4311,A_e27beda014",BTCUSDT.PERP,LONG,0.3443395226858121,0.5,0.0,0.5,3989756.7029584562,Reward Abuse
"A_0bfb0b4311,A_e27beda014",BTCUSDT.PERP,LONG,0.3443395226858121,0.5,0.0,0.5,3989756.7029584562,Reward Abuse
"A_0bfb0b4311,A_e27beda014",BTCUSDT.PERP,LONG,0.3443395226858121,0.5,0.0,0.5,3989756.7029584562,Reward Abuse
"A_0bfb0b4311,A_e27beda014",BTCUSDT.PERP,LONG,0.3443395226858121,0.5,0.0,0.5,3989756.7029584562,Reward Abuse
"A_0bfb0b4311,A_e27beda014",BTCUSDT.PERP,LONG,0.3443395226858121,0.5,0.0,0.5,3989756.7029584562,Reward Abuse
"A_0bfb0b4311,A_e27beda014",BTCUSDT.PERP,LONG,0.3443395226858121,0.5,0.0,0.5,3989756.7029584562,Reward Abuse
"A_0bfb0b4311,A_e27beda014",BTCUSDT.PERP,LONG,0.3443395226858121,0.5,0.0,0.5,3989756.7029584562,Reward Abuse
"A_0bfb0b4311,A_e27beda014",BTCUSDT.PERP,LONG,0.3443395226858121,0.5,0.0,0.5,3989756.7029584562,Reward Abuse
"A_0bfb0b4311,A_e27beda014",BTCUSDT.PERP,SHORT,0.3443395226858121,0.5,0.0,0.5,3989756.7029584562,Reward Abuse
"A_0bfb0b4311,A_e27beda014",BTCUSDT.PERP,SHORT,0.3443395226858121,0.5,0.0,0.5,3989756.7029584562,Reward Abuse
"A_0bfb0b4311,A_e27beda014",BTCUSDT.PERP,SHORT,0.3443395226858121,0.5,0.0,0.5,3989756.7029584562,Reward Abuse
"A_0bfb0b4311,A_e27beda014",BTCUSDT.PERP,SHORT,0.3443395226858121,0.5,0.0,0.5,3989756.7029584562,Reward Abuse
"A_0bfb0b4311,A_e27beda014",BTCUSDT.PERP,SHORT,0.3443395226858121,0.5,0.0,0.5,3989756.7029584562,Reward Abuse
"A_0bfb0b4311,A_e27beda014",BTCUSDT.PERP,SHORT,0.3443395226858121,0.5,0.0,0.5,3989756.7029584562,Reward Abuse
"A_0bfb0b4311,A_e27beda014",BTCUSDT.PERP,SHORT,0.3443395226858121,0.5,0.0,0.5,3989756.7029584562,Reward Abuse
"A_0bfb0b4311,A_e27beda014",BTCUSDT.PERP,SHORT,0.3443395226858121,0.5,0.0,0.5,3989756.7029584562,Reward Abuse
"A_0bfb0b4311,A_e27beda014",BTCUSDT.PERP,SHORT,0.3443395226858121,0.5,0.0,0.5,3989756.7029584562,Reward Abuse
"A_0bfb0b4311,A_e27beda014",BTCUSDT.PERP,SHORT,0.3443395226858121,0.5,0.0,0.5,3989756.7029584562,Reward Abuse
"A_0bfb0b4311,A_e27beda014",BTCUSDT.PERP,SHORT,0.3443395226858121,0.5,0.0,0.5,3989756.7029584562,Reward Abuse
"A_0bfb0b4311,A_6960c2ee08",BTCUSDT.PERP,LONG,0.3443395226858121,0.5,0.0,0.5,3989753.616110077,Reward Abuse
"A_0bfb0b4311,A_6960c2ee08",BTCUSDT.PERP,LONG,0.3443395226858121,0.5,0.0,0.5,3989753.616110077,Reward Abuse
"A_0bfb0b4311,A_6960c2ee08",BTCUSDT.PERP,LONG,0.3443395226858121,0.5,0.0,0.5,3989753.616110077,Reward Abuse
"A_0bfb0b4311,A_6960c2ee08",BTCUSDT.PERP,LONG,0.3443395226858121,0.5,0.0,0.5,3989753.616110077,Reward Abuse
"A_0bfb0b4311,A_6960c2ee08",BTCUSDT.PERP,LONG,0.3443395226858121,0.5,0.0,0.5,3989753.616110077,Reward Abuse
"A_0bfb0b4311,A_6960c2ee08",BTCUSDT.PERP,LONG,0.3443395226858121,0.5,0.0,0.5,3989753.616110077,Reward Abuse
"A_0bfb0b4311,A_6960c2ee08",BTCUSDT.PERP,LONG,0.3443395226858121,0.5,0.0,0.5,3989753.616110077,Reward Abuse
"A_0bfb0b4311,A_6960c2ee08",BTCUSDT.PERP,LONG,0.3443395226858121,0.5,0.0,0.5,3989753.616110077,Reward Abuse
"A_0bfb0b4311,A_6960c2ee08",BTCUSDT.PERP,LONG,0.3443395226858121,0.5,0.0,0.5,3989753.616110077,Reward Abuse
"A_0bfb0b4311,A_6960c2ee08",BTCUSDT.PERP,LONG,0.3443395226858121,0.5,0.0,0.5,3989753.616110077,Reward Abuse
"A_0bfb0b4311,A_6960c2ee08",BTCUSDT.PERP,LONG,0.3443395226858121,0.5,0.0,0.5,3989753.616110077,Reward Abuse
"A_0bfb0b4311,A_6960c2ee08",BTCUSDT.PERP,LONG,0.3443395226858121,0.5,0.0,0.5,3989753.616110077,Reward Abuse
"A_0bfb0b4311,A_6960c2ee08",BTCUSDT.PERP,LONG,0.3443395226858121,0.5,0.0,0.5,3989753.616110077,Reward Abuse
"A_0bfb0b4311,A_6960c2ee08",BTCUSDT.PERP,LONG,0.3443395226858121,0.5,0.0,0.5,3989753.616110077,Reward Abuse
"A_0bfb0b4311,A_6960c2ee08",BTCUSDT.PERP,LONG,0.3443395226858121,0.5,0.0,0.5,3989753.616110077,Reward Abuse
"A_0bfb0b4311,A_6960c2ee08",BTCUSDT.PERP,LONG,0.3443395226858121,0.5,0.0,0.5,3989753.616110077,Reward Abuse
"A_0bfb0b4311,A_6960c2ee08",BTCUSDT.PERP,LONG,0.3443395226858121,0.5,0.0,0.5,3989753.616110077,Reward Abuse
"A_0bfb0b4311,A_6960c2ee08",BTCUSDT.PERP,SHORT,0.3443395226858121,0.5,0.0,0.5,3989753.616110077,Reward Abuse
"A_0bfb0b4311,A_6960c2ee08",BTCUSDT.PERP,SHORT,0.3443395226858121,0.5,0.0,0.5,3989753.616110077,Reward Abuse
"A_0bfb0b4311,A_6960c2ee08",BTCUSDT.PERP,SHORT,0.3443395226858121,0.5,0.0,0.5,3989753.616110077,Reward Abuse
"A_0bfb0b4311,A_6960c2ee08",BTCUSDT.PERP,SHORT,0.3443395226858121,0.5,0.0,0.5,3989753.616110077,Reward Abuse
"A_0bfb0b4311,A_6960c2ee08",BTCUSDT.PERP,SHORT,0.3443395226858121,0.5,0.0,0.5,3989753.616110077,Reward Abuse
"A_0bfb0b4311,A_6960c2ee08",BTCUSDT.PERP,SHORT,0.3443395226858121,0.5,0.0,0.5,3989753.616110077,Reward Abuse
"A_0bfb0b4311,A_6960c2ee08",BTCUSDT.PERP,SHORT,0.3443395226858121,0.5,0.0,0.5,3989753.616110077,Reward Abuse
"A_0bfb0b4311,A_4943ad62b4",BTCUSDT.PERP,LONG,0.3443395226858121,0.5,0.0,0.5,3989668.9948172853,Reward Abuse
"A_0bfb0b4311,A_4943ad62b4",BTCUSDT.PERP,LONG,0.3443395226858121,0.5,0.0,0.5,3989668.9948172853,Reward Abuse
"A_0bfb0b4311,A_4943ad62b4",BTCUSDT.PERP,LONG,0.3443395226858121,0.5,0.0,0.5,3989668.9948172853,Reward Abuse
"A_0bfb0b4311,A_4943ad62b4",BTCUSDT.PERP,SHORT,0.3443395226858121,0.5,0.0,0.5,3989668.9948172853,Reward Abuse
"A_0bfb0b4311,A_4943ad62b4",BTCUSDT.PERP,SHORT,0.3443395226858121,0.5,0.0,0.5,3989668.9948172853,Reward Abuse
"A_0bfb0b4311,A_4943ad62b4",BTCUSDT.PERP,SHORT,0.3443395226858121,0.5,0.0,0.5,3989668.9948172853,Reward Abuse
"A_0bfb0b4311,A_4943ad62b4",BTCUSDT.PERP,SHORT,0.3443395226858121,0.5,0.0,0.5,3989668.9948172853,Reward Abuse
"A_0bfb0b4311,A_4943ad62b4",BTCUSDT.PERP,SHORT,0.3443395226858121,0.5,0.0,0.5,3989668.9948172853,Reward Abuse
"A_0bfb0b4311,A_4943ad62b4",BTCUSDT.PERP,SHORT,0.3443395226858121,0.5,0.0,0.5,3989668.9948172853,Reward Abuse
"A_0bfb0b4311,A_3943c4c480",BTCUSDT.PERP,LONG,0.3443395226858121,0.5,0.0,0.5,3989557.116136957,Reward Abuse
"A_0bfb0b4311,A_3943c4c480",BTCUSDT.PERP,LONG,0.3443395226858121,0.5,0.0,0.5,3989557.116136957,Reward Abuse
"A_0bfb0b4311,A_3943c4c480",BTCUSDT.PERP,LONG,0.3443395226858121,0.5,0.0,0.5,3989557.116136957,Reward Abuse
"A_0bfb0b4311,A_3943c4c480",BTCUSDT.PERP,LONG,0.3443395226858121,0.5,0.0,0.5,3989557.116136957,Reward Abuse
"A_0bfb0b4311,A_3943c4c480",BTCUSDT.PERP,LONG,0.3443395226858121,0.5,0.0,0.5,3989557.116136957,Reward Abuse
"A_0bfb0b4311,A_3943c4c480",BTCUSDT.PERP,LONG,0.3443395226858121,0.5,0.0,0.5,3989557.116136957,Reward Abuse
"A_0bfb0b4311,A_3943c4c480",BTCUSDT.PERP,LONG,0.3443395226858121,0.5,0.0,0.5,3989557.116136957,Reward Abuse
"A_0bfb0b4311,A_3943c4c480",BTCUSDT.PERP,LONG,0.3443395226858121,0.5,0.0,0.5,3989557.116136957,Reward Abuse
"A_0bfb0b4311,A_3943c4c480",BTCUSDT.PERP,LONG,0.3443395226858121,0.5,0.0,0.5,3989557.116136957,Reward Abuse
"A_0bfb0b4311,A_3943c4c480",BTCUSDT.PERP,LONG,0.3443395226858121,0.5,0.0,0.5,3989557.116136957,Reward Abuse
"A_0bfb0b4311,A_3943c4c480",BTCUSDT.PERP,LONG,0.3443395226858121,0.5,0.0,0.5,3989557.116136957,Reward Abuse
"A_0bfb0b4311,A_3943c4c480",BTCUSDT.PERP,LONG,0.3443395226858121,0.5,0.0,0.5,3989557.116136957,Reward Abuse
"A_0bfb0b4311,A_3943c4c480",BTCUSDT.PERP,LONG,0.3443395226858121,0.5,0.0,0.5,3989557.116136957,Reward Abuse
"A_0bfb0b4311,A_3943c4c480",BTCUSDT.PERP,LONG,0.3443395226858121,0.5,0.0,0.5,3989557.116136957,Reward Abuse
"A_0bfb0b4311,A_3943c4c480",BTCUSDT.PERP,SHORT,0.3443395226858121,0.5,0.0,0.5,3989557.116136957,Reward Abuse
"A_0bfb0b4311,A_3943c4c480",BTCUSDT.PERP,SHORT,0.3443395226858121,0.5,0.0,0.5,3989557.116136957,Reward Abuse
"A_0bfb0b4311,A_3943c4c480",BTCUSDT.PERP,SHORT,0.3443395226858121,0.5,0.0,0.5,3989557.116136957,Reward Abuse
"A_0bfb0b4311,A_3943c4c480",BTCUSDT.PERP,SHORT,0.3443395226858121,0.5,0.0,0.5,3989557.116136957,Reward Abuse
"A_0bfb0b4311,A_3943c4c480",BTCUSDT.PERP,SHORT,0.3443395226858121,0.5,0.0,0.5,3989557.116136957,Reward Abuse
"A_0bfb0b4311,A_3943c4c480",BTCUSDT.PERP,SHORT,0.3443395226858121,0.5,0.0,0.5,3989557.116136957,Reward Abuse
"A_0bfb0b4311,A_3943c4c480",BTCUSDT.PERP,SHORT,0.3443395226858121,0.5,0.0,0.5,3989557.116136957,Reward Abuse
"A_0bfb0b4311,A_3943c4c480",BTCUSDT.PERP,SHORT,0.3443395226858121,0.5,0.0,0.5,3989557.116136957,Reward Abuse
"A_0bfb0b4311,A_3943c4c480",BTCUSDT.PERP,SHORT,0.3443395226858121,0.5,0.0,0.5,3989557.116136957,Reward Abuse
"A_0bfb0b4311,A_5cd5d675fd",BTCUSDT.PERP,SHORT,0.3443395226858121,0.5,0.0,0.5,3989555.769437287,Reward Abuse
"A_0bfb0b4311,A_5cd5d675fd",BTCUSDT.PERP,SHORT,0.3443395226858121,0.5,0.0,0.5,3989555.769437287,Reward Abuse
"A_0bfb0b4311,A_5cd5d675fd",BTCUSDT.PERP,SHORT,0.3443395226858121,0.5,0.0,0.5,3989555.769437287,Reward Abuse
"A_0bfb0b4311,A_5cd5d675fd",BTCUSDT.PERP,SHORT,0.3443395226858121,0.5,0.0,0.5,3989555.769437287,Reward Abuse
"A_0bfb0b4311,A_5cd5d675fd",BTCUSDT.PERP,SHORT,0.3443395226858121,0.5,0.0,0.5,3989555.769437287,Reward Abuse
"A_0bfb0b4311,A_5cd5d675fd",BTCUSDT.PERP,SHORT,0.3443395226858121,0.5,0.0,0.5,3989555.769437287,Reward Abuse
"A_0bfb0b4311,A_5cd5d675fd",BTCUSDT.PERP,SHORT,0.3443395226858121,0.5,0.0,0.5,3989555.769437287,Reward Abuse
"A_0bfb0b4311,A_9366ce5043",BTCUSDT.PERP,LONG,0.3443395226858121,0.5,0.0,0.5,3989473.5859896922,Reward Abuse
"A_0bfb0b4311,A_9366ce5043",BTCUSDT.PERP,LONG,0.3443395226858121,0.5,0.0,0.5,3989473.5859896922,Reward Abuse
"A_0bfb0b4311,A_9366ce5043",BTCUSDT.PERP,LONG,0.3443395226858121,0.5,0.0,0.5,3989473.5859896922,Reward Abuse
"A_0bfb0b4311,A_9366ce5043",BTCUSDT.PERP,LONG,0.3443395226858121,0.5,0.0,0.5,3989473.5859896922,Reward Abuse
"A_0bfb0b4311,A_9366ce5043",BTCUSDT.PERP,LONG,0.3443395226858121,0.5,0.0,0.5,3989473.5859896922,Reward Abuse
"A_0bfb0b4311,A_9366ce5043",BTCUSDT.PERP,LONG,0.3443395226858121,0.5,0.0,0.5,3989473.5859896922,Reward Abuse
"A_0bfb0b4311,A_9366ce5043",BTCUSDT.PERP,LONG,0.3443395226858121,0.5,0.0,0.5,3989473.5859896922,Reward Abuse
"A_0bfb0b4311,A_9366ce5043",BTCUSDT.PERP,LONG,0.3443395226858121,0.5,0.0,0.5,3989473.5859896922,Reward Abuse
"A_0bfb0b4311,A_9366ce5043",BTCUSDT.PERP,LONG,0.3443395226858121,0.5,0.0,0.5,3989473.5859896922,Reward Abuse
"A_0bfb0b4311,A_9366ce5043",BTCUSDT.PERP,SHORT,0.3443395226858121,0.5,0.0,0.5,3989473.5859896922,Reward Abuse
"A_0bfb0b4311,A_9a5e1e7fac",BTCUSDT.PERP,LONG,0.3443395226858121,0.5,0.0,0.5,3989296.1125621125,Reward Abuse
"A_0bfb0b4311,A_9a5e1e7fac",BTCUSDT.PERP,LONG,0.3443395226858121,0.5,0.0,0.5,3989296.1125621125,Reward Abuse
"A_0bfb0b4311,A_9a5e1e7fac",BTCUSDT.PERP,SHORT,0.3443395226858121,0.5,0.0,0.5,3989296.1125621125,Reward Abuse
"A_0bfb0b4311,A_9a5e1e7fac",BTCUSDT.PERP,SHORT,0.3443395226858121,0.5,0.0,0.5,3989296.1125621125,Reward Abuse
"A_0bfb0b4311,A_9a5e1e7fac",BTCUSDT.PERP,SHORT,0.3443395226858121,0.5,0.0,0.5,3989296.1125621125,Reward Abuse
"A_0bfb0b4311,A_9a5e1e7fac",BTCUSDT.PERP,SHORT,0.3443395226858121,0.5,0.0,0.5,3989296.1125621125,Reward Abuse
"A_0bfb0b4311,A_9a5e1e7fac",BTCUSDT.PERP,SHORT,0.3443395226858121,0.5,0.0,0.5,3989296.1125621125,Reward Abuse
"A_0bfb0b4311,A_9a5e1e7fac",BTCUSDT.PERP,SHORT,0.3443395226858121,0.5,0.0,0.5,3989296.1125621125,Reward Abuse
"A_0bfb0b4311,A_9a5e1e7fac",BTCUSDT.PERP,SHORT,0.3443395226858121,0.5,0.0,0.5,3989296.1125621125,Reward Abuse
"A_0bfb0b4311,A_9a5e1e7fac",BTCUSDT.PERP,SHORT,0.3443395226858121,0.5,0.0,0.5,3989296.1125621125,Reward Abuse
"A_0bfb0b4311,A_9a5e1e7fac",BTCUSDT.PERP,SHORT,0.3443395226858121,0.5,0.0,0.5,3989296.1125621125,Reward Abuse
"A_0bfb0b4311,A_9a5e1e7fac",BTCUSDT.PERP,SHORT,0.3443395226858121,0.5,0.0,0.5,3989296.1125621125,Reward Abuse
"A_0bfb0b4311,A_9a5e1e7fac",BTCUSDT.PERP,SHORT,0.3443395226858121,0.5,0.0,0.5,3989296.1125621125,Reward Abuse
"A_0bfb0b4311,A_9a5e1e7fac",BTCUSDT.PERP,SHORT,0.3443395226858121,0.5,0.0,0.5,3989296.1125621125,Reward Abuse
"A_0bfb0b4311,A_9a5e1e7fac",BTCUSDT.PERP,SHORT,0.3443395226858121,0.5,0.0,0.5,3989296.1125621125,Reward Abuse
"A_0bfb0b4311,A_9a5e1e7fac",BTCUSDT.PERP,SHORT,0.3443395226858121,0.5,0.0,0.5,3989296.1125621125,Reward Abuse
"A_0bfb0b4311,A_9a5e1e7fac",BTCUSDT.PERP,SHORT,0.3443395226858121,0.5,0.0,0.5,3989296.1125621125,Reward Abuse
"A_0bfb0b4311,A_9a5e1e7fac",BTCUSDT.PERP,SHORT,0.3443395226858121,0.5,0.0,0.5,3989296.1125621125,Reward Abuse
"A_0bfb0b4311,A_9a5e1e7fac",BTCUSDT.PERP,SHORT,0.3443395226858121,0.5,0.0,0.5,3989296.1125621125,Reward Abuse
"A_0bfb0b4311,A_9a5e1e7fac",BTCUSDT.PERP,SHORT,0.3443395226858121,0.5,0.0,0.5,3989296.1125621125,Reward Abuse
"A_0bfb0b4311,A_9a5e1e7fac",BTCUSDT.PERP,SHORT,0.3443395226858121,0.5,0.0,0.5,3989296.1125621125,Reward Abuse
"A_0bfb0b4311,A_9a5e1e7fac",BTCUSDT.PERP,SHORT,0.3443395226858121,0.5,0.0,0.5,3989296.1125621125,Reward Abuse
"A_0bfb0b4311,A_9a5e1e7fac",BTCUSDT.PERP,SHORT,0.3443395226858121,0.5,0.0,0.5,3989296.1125621125,Reward Abuse
"A_0bfb0b4311,A_9a5e1e7fac",BTCUSDT.PERP,SHORT,0.3443395226858121,0.5,0.0,0.5,3989296.1125621125,Reward Abuse
"A_0bfb0b4311,A_9a5e1e7fac",BTCUSDT.PERP,SHORT,0.3443395226858121,0.5,0.0,0.5,3989296.1125621125,Reward Abuse
"A_0bfb0b4311,A_853f70d58b",BTCUSDT.PERP,LONG,0.3443395226858121,0.5,0.0,0.5,3988839.10921453,Reward Abuse
"A_0bfb0b4311,A_853f70d58b",BTCUSDT.PERP,LONG,0.3443395226858121,0.5,0.0,0.5,3988839.10921453,Reward Abuse
"A_0bfb0b4311,A_853f70d58b",BTCUSDT.PERP,LONG,0.3443395226858121,0.5,0.0,0.5,3988839.10921453,Reward Abuse
"A_0bfb0b4311,A_853f70d58b",BTCUSDT.PERP,LONG,0.3443395226858121,0.5,0.0,0.5,3988839.10921453,Reward Abuse
"A_0bfb0b4311,A_853f70d58b",BTCUSDT.PERP,LONG,0.3443395226858121,0.5,0.0,0.5,3988839.10921453,Reward Abuse
"A_0bfb0b4311,A_853f70d58b",BTCUSDT.PERP,LONG,0.3443395226858121,0.5,0.0,0.5,3988839.10921453,Reward Abuse
"A_0bfb0b4311,A_853f70d58b",BTCUSDT.PERP,SHORT,0.3443395226858121,0.5,0.0,0.5,3988839.10921453,Reward Abuse
"A_0bfb0b4311,A_853f70d58b",BTCUSDT.PERP,SHORT,0.3443395226858121,0.5,0.0,0.5,3988839.10921453,Reward Abuse
"A_0bfb0b4311,A_853f70d58b",BTCUSDT.PERP,SHORT,0.3443395226858121,0.5,0.0,0.5,3988839.10921453,Reward Abuse
"A_0bfb0b4311,A_ace0a74506",BTCUSDT.PERP,LONG,0.3443395226858121,0.5,0.0,0.5,3986721.534159031,Reward Abuse
"A_0bfb0b4311,A_ace0a74506",BTCUSDT.PERP,LONG,0.3443395226858121,0.5,0.0,0.5,3986721.534159031,Reward Abuse
"A_0bfb0b4311,A_ace0a74506",BTCUSDT.PERP,LONG,0.3443395226858121,0.5,0.0,0.5,3986721.534159031,Reward Abuse
"A_0bfb0b4311,A_ace0a74506",BTCUSDT.PERP,LONG,0.3443395226858121,0.5,0.0,0.5,3986721.534159031,Reward Abuse
"A_0bfb0b4311,A_ace0a74506",BTCUSDT.PERP,LONG,0.3443395226858121,0.5,0.0,0.5,3986721.534159031,Reward Abuse
"A_0bfb0b4311,A_ace0a74506",BTCUSDT.PERP,LONG,0.3443395226858121,0.5,0.0,0.5,3986721.534159031,Reward Abuse
"A_0bfb0b4311,A_ace0a74506",BTCUSDT.PERP,LONG,0.3443395226858121,0.5,0.0,0.5,3986721.534159031,Reward Abuse
"A_0bfb0b4311,A_ace0a74506",BTCUSDT.PERP,LONG,0.3443395226858121,0.5,0.0,0.5,3986721.534159031,Reward Abuse
"A_0bfb0b4311,A_ace0a74506",BTCUSDT.PERP,LONG,0.3443395226858121,0.5,0.0,0.5,3986721.534159031,Reward Abuse
"A_0bfb0b4311,A_ace0a74506",BTCUSDT.PERP,LONG,0.3443395226858121,0.5,0.0,0.5,3986721.534159031,Reward Abuse
"A_0bfb0b4311,A_ace0a74506",BTCUSDT.PERP,LONG,0.3443395226858121,0.5,0.0,0.5,3986721.534159031,Reward Abuse
"A_0bfb0b4311,A_ace0a74506",BTCUSDT.PERP,LONG,0.3443395226858121,0.5,0.0,0.5,3986721.534159031,Reward Abuse
"A_0bfb0b4311,A_ace0a74506",BTCUSDT.PERP,LONG,0.3443395226858121,0.5,0.0,0.5,3986721.534159031,Reward Abuse
"A_0bfb0b4311,A_ace0a74506",BTCUSDT.PERP,LONG,0.3443395226858121,0.5,0.0,0.5,3986721.534159031,Reward Abuse
"A_0bfb0b4311,A_ace0a74506",BTCUSDT.PERP,LONG,0.3443395226858121,0.5,0.0,0.5,3986721.534159031,Reward Abuse
"A_0bfb0b4311,A_ace0a74506",BTCUSDT.PERP,LONG,0.3443395226858121,0.5,0.0,0.5,3986721.534159031,Reward Abuse
"A_0bfb0b4311,A_ace0a74506",BTCUSDT.PERP,LONG,0.3443395226858121,0.5,0.0,0.5,3986721.534159031,Reward Abuse
"A_0bfb0b4311,A_ace0a74506",BTCUSDT.PERP,LONG,0.3443395226858121,0.5,0.0,0.5,3986721.534159031,Reward Abuse
"A_0bfb0b4311,A_ace0a74506",BTCUSDT.PERP,LONG,0.3443395226858121,0.5,0.0,0.5,3986721.534159031,Reward Abuse
"A_0bfb0b4311,A_ace0a74506",BTCUSDT.PERP,LONG,0.3443395226858121,0.5,0.0,0.5,3986721.534159031,Reward Abuse
"A_0bfb0b4311,A_ace0a74506",BTCUSDT.PERP,LONG,0.3443395226858121,0.5,0.0,0.5,3986721.534159031,Reward Abuse
"A_0bfb0b4311,A_ace0a74506",BTCUSDT.PERP,LONG,0.3443395226858121,0.5,0.0,0.5,3986721.534159031,Reward Abuse
"A_0bfb0b4311,A_ace0a74506",BTCUSDT.PERP,LONG,0.3443395226858121,0.5,0.0,0.5,3986721.534159031,Reward Abuse
"A_0bfb0b4311,A_ace0a74506",BTCUSDT.PERP,LONG,0.3443395226858121,0.5,0.0,0.5,3986721.534159031,Reward Abuse
"A_0bfb0b4311,A_ace0a74506",BTCUSDT.PERP,LONG,0.3443395226858121,0.5,0.0,0.5,3986721.534159031,Reward Abuse
"A_0bfb0b4311,A_ace0a74506",BTCUSDT.PERP,LONG,0.3443395226858121,0.5,0.0,0.5,3986721.534159031,Reward Abuse
"A_0bfb0b4311,A_ace0a74506",BTCUSDT.PERP,LONG,0.3443395226858121,0.5,0.0,0.5,3986721.534159031,Reward Abuse
"A_0bfb0b4311,A_2ba62f7b20",BTCUSDT.PERP,LONG,0.3443395226858121,0.5,0.0,0.5,3941727.123037585,Reward Abuse
"A_0bfb0b4311,A_2ba62f7b20",BTCUSDT.PERP,LONG,0.3443395226858121,0.5,0.0,0.5,3941727.123037585,Reward Abuse
"A_0bfb0b4311,A_2ba62f7b20",BTCUSDT.PERP,LONG,0.3443395226858121,0.5,0.0,0.5,3941727.123037585,Reward Abuse
"A_0bfb0b4311,A_2ba62f7b20",BTCUSDT.PERP,LONG,0.3443395226858121,0.5,0.0,0.5,3941727.123037585,Reward Abuse
"A_0bfb0b4311,A_2ba62f7b20",BTCUSDT.PERP,LONG,0.3443395226858121,0.5,0.0,0.5,3941727.123037585,Reward Abuse
"A_0bfb0b4311,A_2ba62f7b20",BTCUSDT.PERP,LONG,0.3443395226858121,0.5,0.0,0.5,3941727.123037585,Reward Abuse
"A_0bfb0b4311,A_2ba62f7b20",BTCUSDT.PERP,LONG,0.3443395226858121,0.5,0.0,0.5,3941727.123037585,Reward Abuse
"A_0bfb0b4311,A_2ba62f7b20",BTCUSDT.PERP,LONG,0.3443395226858121,0.5,0.0,0.5,3941727.123037585,Reward Abuse
"A_0bfb0b4311,A_2ba62f7b20",BTCUSDT.PERP,LONG,0.3443395226858121,0.5,0.0,0.5,3941727.123037585,Reward Abuse
"A_0bfb0b4311,A_2ba62f7b20",BTCUSDT.PERP,LONG,0.3443395226858121,0.5,0.0,0.5,3941727.123037585,Reward Abuse
"A_0bfb0b4311,A_2ba62f7b20",BTCUSDT.PERP,LONG,0.3443395226858121,0.5,0.0,0.5,3941727.123037585,Reward Abuse
"A_0bfb0b4311,A_2ba62f7b20",BTCUSDT.PERP,LONG,0.3443395226858121,0.5,0.0,0.5,3941727.123037585,Reward Abuse
"A_0bfb0b4311,A_2ba62f7b20",BTCUSDT.PERP,LONG,0.3443395226858121,0.5,0.0,0.5,3941727.123037585,Reward Abuse
"A_0bfb0b4311,A_2ba62f7b20",BTCUSDT.PERP,LONG,0.3443395226858121,0.5,0.0,0.5,3941727.123037585,Reward Abuse
"A_0bfb0b4311,A_2ba62f7b20",BTCUSDT.PERP,LONG,0.3443395226858121,0.5,0.0,0.5,3941727.123037585,Reward Abuse
"A_0bfb0b4311,A_2ba62f7b20",BTCUSDT.PERP,LONG,0.3443395226858121,0.5,0.0,0.5,3941727.123037585,Reward Abuse
"A_0bfb0b4311,A_2ba62f7b20",BTCUSDT.PERP,LONG,0.3443395226858121,0.5,0.0,0.5,3941727.123037585,Reward Abuse
"A_0bfb0b4311,A_2ba62f7b20",BTCUSDT.PERP,LONG,0.3443395226858121,0.5,0.0,0.5,3941727.123037585,Reward Abuse
"A_0bfb0b4311,A_2ba62f7b20",BTCUSDT.PERP,LONG,0.3443395226858121,0.5,0.0,0.5,3941727.123037585,Reward Abuse
"A_0bfb0b4311,A_2ba62f7b20",BTCUSDT.PERP,LONG,0.3443395226858121,0.5,0.0,0.5,3941727.123037585,Reward Abuse
"A_0bfb0b4311,A_2ba62f7b20",BTCUSDT.PERP,LONG,0.3443395226858121,0.5,0.0,0.5,3941727.123037585,Reward Abuse
"A_0bfb0b4311,A_2ba62f7b20",BTCUSDT.PERP,LONG,0.3443395226858121,0.5,0.0,0.5,3941727.123037585,Reward Abuse
"A_0bfb0b4311,A_2ba62f7b20",BTCUSDT.PERP,LONG,0.3443395226858121,0.5,0.0,0.5,3941727.123037585,Reward Abuse
"A_0bfb0b4311,A_2ba62f7b20",BTCUSDT.PERP,LONG,0.3443395226858121,0.5,0.0,0.5,3941727.123037585,Reward Abuse
"A_0bfb0b4311,A_2ba62f7b20",BTCUSDT.PERP,LONG,0.3443395226858121,0.5,0.0,0.5,3941727.123037585,Reward Abuse
"A_0bfb0b4311,A_2ba62f7b20",BTCUSDT.PERP,LONG,0.3443395226858121,0.5,0.0,0.5,3941727.123037585,Reward Abuse
"A_0bfb0b4311,A_2ba62f7b20",BTCUSDT.PERP,LONG,0.3443395226858121,0.5,0.0,0.5,3941727.123037585,Reward Abuse
"A_0bfb0b4311,A_2ba62f7b20",BTCUSDT.PERP,SHORT,0.3443395226858121,0.5,0.0,0.5,3941727.123037585,Reward Abuse
"A_0bfb0b4311,A_2ba62f7b20",BTCUSDT.PERP,SHORT,0.3443395226858121,0.5,0.0,0.5,3941727.123037585,Reward Abuse
"A_0bfb0b4311,A_2ba62f7b20",BTCUSDT.PERP,SHORT,0.3443395226858121,0.5,0.0,0.5,3941727.123037585,Reward Abuse
"A_0bfb0b4311,A_2ba62f7b20",BTCUSDT.PERP,SHORT,0.3443395226858121,0.5,0.0,0.5,3941727.123037585,Reward Abuse
"A_0bfb0b4311,A_2ba62f7b20",BTCUSDT.PERP,SHORT,0.3443395226858121,0.5,0.0,0.5,3941727.123037585,Reward Abuse
"A_0bfb0b4311,A_2ba62f7b20",BTCUSDT.PERP,SHORT,0.3443395226858121,0.5,0.0,0.5,3941727.123037585,Reward Abuse
"A_0bfb0b4311,A_2ba62f7b20",BTCUSDT.PERP,SHORT,0.3443395226858121,0.5,0.0,0.5,3941727.123037585,Reward Abuse
"A_0bfb0b4311,A_2ba62f7b20",BTCUSDT.PERP,SHORT,0.3443395226858121,0.5,0.0,0.5,3941727.123037585,Reward Abuse
"A_0bfb0b4311,A_2ba62f7b20",BTCUSDT.PERP,SHORT,0.3443395226858121,0.5,0.0,0.5,3941727.123037585,Reward Abuse
"A_0bfb0b4311,A_59b90616d6",BTCUSDT.PERP,LONG,0.3443395226858121,0.5,0.0,0.5,3825114.0006683655,Reward Abuse
"A_0bfb0b4311,A_59b90616d6",BTCUSDT.PERP,LONG,0.3443395226858121,0.5,0.0,0.5,3825114.0006683655,Reward Abuse
"A_0bfb0b4311,A_59b90616d6",BTCUSDT.PERP,LONG,0.3443395226858121,0.5,0.0,0.5,3825114.0006683655,Reward Abuse
"A_0bfb0b4311,A_59b90616d6",BTCUSDT.PERP,LONG,0.3443395226858121,0.5,0.0,0.5,3825114.0006683655,Reward Abuse
"A_0bfb0b4311,A_59b90616d6",BTCUSDT.PERP,LONG,0.3443395226858121,0.5,0.0,0.5,3825114.0006683655,Reward Abuse
"A_0bfb0b4311,A_59b90616d6",BTCUSDT.PERP,LONG,0.3443395226858121,0.5,0.0,0.5,3825114.0006683655,Reward Abuse
"A_0bfb0b4311,A_59b90616d6",BTCUSDT.PERP,LONG,0.3443395226858121,0.5,0.0,0.5,3825114.0006683655,Reward Abuse
"A_0bfb0b4311,A_59b90616d6",BTCUSDT.PERP,LONG,0.3443395226858121,0.5,0.0,0.5,3825114.0006683655,Reward Abuse
"A_0bfb0b4311,A_59b90616d6",BTCUSDT.PERP,LONG,0.3443395226858121,0.5,0.0,0.5,3825114.0006683655,Reward Abuse
"A_0bfb0b4311,A_59b90616d6",BTCUSDT.PERP,LONG,0.3443395226858121,0.5,0.0,0.5,3825114.0006683655,Reward Abuse
"A_0bfb0b4311,A_59b90616d6",BTCUSDT.PERP,LONG,0.3443395226858121,0.5,0.0,0.5,3825114.0006683655,Reward Abuse
"A_0bfb0b4311,A_59b90616d6",BTCUSDT.PERP,LONG,0.3443395226858121,0.5,0.0,0.5,3825114.0006683655,Reward Abuse
"A_0bfb0b4311,A_59b90616d6",BTCUSDT.PERP,LONG,0.3443395226858121,0.5,0.0,0.5,3825114.0006683655,Reward Abuse
"A_0bfb0b4311,A_59b90616d6",BTCUSDT.PERP,LONG,0.3443395226858121,0.5,0.0,0.5,3825114.0006683655,Reward Abuse
"A_0bfb0b4311,A_59b90616d6",BTCUSDT.PERP,LONG,0.3443395226858121,0.5,0.0,0.5,3825114.0006683655,Reward Abuse
"A_0bfb0b4311,A_59b90616d6",BTCUSDT.PERP,LONG,0.3443395226858121,0.5,0.0,0.5,3825114.0006683655,Reward Abuse
"A_0bfb0b4311,A_59b90616d6",BTCUSDT.PERP,LONG,0.3443395226858121,0.5,0.0,0.5,3825114.0006683655,Reward Abuse
"A_0bfb0b4311,A_59b90616d6",BTCUSDT.PERP,LONG,0.3443395226858121,0.5,0.0,0.5,3825114.0006683655,Reward Abuse
"A_0bfb0b4311,A_59b90616d6",BTCUSDT.PERP,LONG,0.3443395226858121,0.5,0.0,0.5,3825114.0006683655,Reward Abuse
"A_0bfb0b4311,A_59b90616d6",BTCUSDT.PERP,LONG,0.3443395226858121,0.5,0.0,0.5,3825114.0006683655,Reward Abuse
"A_0bfb0b4311,A_59b90616d6",BTCUSDT.PERP,LONG,0.3443395226858121,0.5,0.0,0.5,3825114.0006683655,Reward Abuse
"A_0bfb0b4311,A_59b90616d6",BTCUSDT.PERP,LONG,0.3443395226858121,0.5,0.0,0.5,3825114.0006683655,Reward Abuse
"A_0bfb0b4311,A_59b90616d6",BTCUSDT.PERP,LONG,0.3443395226858121,0.5,0.0,0.5,3825114.0006683655,Reward Abuse
"A_0bfb0b4311,A_59b90616d6",BTCUSDT.PERP,LONG,0.3443395226858121,0.5,0.0,0.5,3825114.0006683655,Reward Abuse
"A_0bfb0b4311,A_59b90616d6",BTCUSDT.PERP,LONG,0.3443395226858121,0.5,0.0,0.5,3825114.0006683655,Reward Abuse
"A_0bfb0b4311,A_59b90616d6",BTCUSDT.PERP,LONG,0.3443395226858121,0.5,0.0,0.5,3825114.0006683655,Reward Abuse
"A_0bfb0b4311,A_59b90616d6",BTCUSDT.PERP,LONG,0.3443395226858121,0.5,0.0,0.5,3825114.0006683655,Reward Abuse
"A_0bfb0b4311,A_59b90616d6",BTCUSDT.PERP,LONG,0.3443395226858121,0.5,0.0,0.5,3825114.0006683655,Reward Abuse
"A_0bfb0b4311,A_59b90616d6",BTCUSDT.PERP,LONG,0.3443395226858121,0.5,0.0,0.5,3825114.0006683655,Reward Abuse
"A_0bfb0b4311,A_59b90616d6",BTCUSDT.PERP,LONG,0.3443395226858121,0.5,0.0,0.5,3825114.0006683655,Reward Abuse
"A_0bfb0b4311,A_59b90616d6",BTCUSDT.PERP,LONG,0.3443395226858121,0.5,0.0,0.5,3825114.0006683655,Reward Abuse
"A_0bfb0b4311,A_59b90616d6",BTCUSDT.PERP,LONG,0.3443395226858121,0.5,0.0,0.5,3825114.0006683655,Reward Abuse
"A_0bfb0b4311,A_59b90616d6",BTCUSDT.PERP,LONG,0.3443395226858121,0.5,0.0,0.5,3825114.0006683655,Reward Abuse
"A_0bfb0b4311,A_59b90616d6",BTCUSDT.PERP,LONG,0.3443395226858121,0.5,0.0,0.5,3825114.0006683655,Reward Abuse
"A_0bfb0b4311,A_59b90616d6",BTCUSDT.PERP,LONG,0.3443395226858121,0.5,0.0,0.5,3825114.0006683655,Reward Abuse
"A_0bfb0b4311,A_59b90616d6",BTCUSDT.PERP,LONG,0.3443395226858121,0.5,0.0,0.5,3825114.0006683655,Reward Abuse
"A_0bfb0b4311,A_59b90616d6",BTCUSDT.PERP,SHORT,0.3443395226858121,0.5,0.0,0.5,3825114.0006683655,Reward Abuse
"A_0bfb0b4311,A_59b90616d6",BTCUSDT.PERP,SHORT,0.3443395226858121,0.5,0.0,0.5,3825114.0006683655,Reward Abuse
"A_0bfb0b4311,A_59b90616d6",BTCUSDT.PERP,SHORT,0.3443395226858121,0.5,0.0,0.5,3825114.0006683655,Reward Abuse
"A_0bfb0b4311,A_59b90616d6",BTCUSDT.PERP,SHORT,0.3443395226858121,0.5,0.0,0.5,3825114.0006683655,Reward Abuse
"A_0bfb0b4311,A_59b90616d6",BTCUSDT.PERP,SHORT,0.3443395226858121,0.5,0.0,0.5,3825114.0006683655,Reward Abuse
"A_0bfb0b4311,A_59b90616d6",BTCUSDT.PERP,SHORT,0.3443395226858121,0.5,0.0,0.5,3825114.0006683655,Reward Abuse
"A_0bfb0b4311,A_59b90616d6",BTCUSDT.PERP,SHORT,0.3443395226858121,0.5,0.0,0.5,3825114.0006683655,Reward Abuse
"A_0bfb0b4311,A_59b90616d6",BTCUSDT.PERP,SHORT,0.3443395226858121,0.5,0.0,0.5,3825114.0006683655,Reward Abuse
"A_0bfb0b4311,A_59b90616d6",BTCUSDT.PERP,SHORT,0.3443395226858121,0.5,0.0,0.5,3825114.0006683655,Reward Abuse
"A_0bfb0b4311,A_59b90616d6",BTCUSDT.PERP,SHORT,0.3443395226858121,0.5,0.0,0.5,3825114.0006683655,Reward Abuse
"A_0bfb0b4311,A_59b90616d6",BTCUSDT.PERP,SHORT,0.3443395226858121,0.5,0.0,0.5,3825114.0006683655,Reward Abuse
"A_0bfb0b4311,A_59b90616d6",BTCUSDT.PERP,SHORT,0.3443395226858121,0.5,0.0,0.5,3825114.0006683655,Reward Abuse
"A_0bfb0b4311,A_522c68dd44",BTCUSDT.PERP,LONG,0.3443395226858121,0.5,0.0,0.5,3779145.370975597,Reward Abuse
"A_0bfb0b4311,A_522c68dd44",BTCUSDT.PERP,LONG,0.3443395226858121,0.5,0.0,0.5,3779145.370975597,Reward Abuse
"A_0bfb0b4311,A_522c68dd44",BTCUSDT.PERP,LONG,0.3443395226858121,0.5,0.0,0.5,3779145.370975597,Reward Abuse
"A_0bfb0b4311,A_522c68dd44",BTCUSDT.PERP,LONG,0.3443395226858121,0.5,0.0,0.5,3779145.370975597,Reward Abuse
"A_0bfb0b4311,A_522c68dd44",BTCUSDT.PERP,LONG,0.3443395226858121,0.5,0.0,0.5,3779145.370975597,Reward Abuse
"A_0bfb0b4311,A_522c68dd44",BTCUSDT.PERP,LONG,0.3443395226858121,0.5,0.0,0.5,3779145.370975597,Reward Abuse
"A_0bfb0b4311,A_522c68dd44",BTCUSDT.PERP,LONG,0.3443395226858121,0.5,0.0,0.5,3779145.370975597,Reward Abuse
"A_0bfb0b4311,A_48fbd03d61",BTCUSDT.PERP,LONG,0.3443395226858121,0.5,0.0,0.5,3615175.3933075834,Reward Abuse
"A_0bfb0b4311,A_48fbd03d61",BTCUSDT.PERP,LONG,0.3443395226858121,0.5,0.0,0.5,3615175.3933075834,Reward Abuse
"A_0bfb0b4311,A_48fbd03d61",BTCUSDT.PERP,LONG,0.3443395226858121,0.5,0.0,0.5,3615175.3933075834,Reward Abuse
"A_0bfb0b4311,A_48fbd03d61",BTCUSDT.PERP,LONG,0.3443395226858121,0.5,0.0,0.5,3615175.3933075834,Reward Abuse
"A_0bfb0b4311,A_507a86d368",BTCUSDT.PERP,LONG,0.3443395226858121,0.5,0.0,0.5,3570687.4962989055,Reward Abuse
"A_0bfb0b4311,A_507a86d368",BTCUSDT.PERP,LONG,0.3443395226858121,0.5,0.0,0.5,3570687.4962989055,Reward Abuse
"A_0bfb0b4311,A_507a86d368",BTCUSDT.PERP,LONG,0.3443395226858121,0.5,0.0,0.5,3570687.4962989055,Reward Abuse
"A_0bfb0b4311,A_507a86d368",BTCUSDT.PERP,LONG,0.3443395226858121,0.5,0.0,0.5,3570687.4962989055,Reward Abuse
"A_0bfb0b4311,A_507a86d368",BTCUSDT.PERP,LONG,0.3443395226858121,0.5,0.0,0.5,3570687.4962989055,Reward Abuse
"A_0bfb0b4311,A_507a86d368",BTCUSDT.PERP,LONG,0.3443395226858121,0.5,0.0,0.5,3570687.4962989055,Reward Abuse
"A_0bfb0b4311,A_507a86d368",BTCUSDT.PERP,LONG,0.3443395226858121,0.5,0.0,0.5,3570687.4962989055,Reward Abuse
"A_0bfb0b4311,A_507a86d368",BTCUSDT.PERP,LONG,0.3443395226858121,0.5,0.0,0.5,3570687.4962989055,Reward Abuse
"A_0bfb0b4311,A_507a86d368",BTCUSDT.PERP,SHORT,0.3443395226858121,0.5,0.0,0.5,3570687.4962989055,Reward Abuse
"A_0bfb0b4311,A_507a86d368",BTCUSDT.PERP,SHORT,0.3443395226858121,0.5,0.0,0.5,3570687.4962989055,Reward Abuse
"A_0bfb0b4311,A_507a86d368",BTCUSDT.PERP,SHORT,0.3443395226858121,0.5,0.0,0.5,3570687.4962989055,Reward Abuse
"A_0bfb0b4311,A_f2ab53d645",BTCUSDT.PERP,LONG,0.3443395226858121,0.5,0.0,0.5,3435570.4624448735,Reward Abuse
"A_0bfb0b4311,A_f2ab53d645",BTCUSDT.PERP,LONG,0.3443395226858121,0.5,0.0,0.5,3435570.4624448735,Reward Abuse
"A_0bfb0b4311,A_f2ab53d645",BTCUSDT.PERP,LONG,0.3443395226858121,0.5,0.0,0.5,3435570.4624448735,Reward Abuse
"A_0bfb0b4311,A_f2ab53d645",BTCUSDT.PERP,LONG,0.3443395226858121,0.5,0.0,0.5,3435570.4624448735,Reward Abuse
"A_0bfb0b4311,A_f2ab53d645",BTCUSDT.PERP,LONG,0.3443395226858121,0.5,0.0,0.5,3435570.4624448735,Reward Abuse
"A_0bfb0b4311,A_f2ab53d645",BTCUSDT.PERP,LONG,0.3443395226858121,0.5,0.0,0.5,3435570.4624448735,Reward Abuse
"A_0bfb0b4311,A_f2ab53d645",BTCUSDT.PERP,LONG,0.3443395226858121,0.5,0.0,0.5,3435570.4624448735,Reward Abuse
"A_0bfb0b4311,A_f2ab53d645",BTCUSDT.PERP,LONG,0.3443395226858121,0.5,0.0,0.5,3435570.4624448735,Reward Abuse
"A_0bfb0b4311,A_f2ab53d645",BTCUSDT.PERP,LONG,0.3443395226858121,0.5,0.0,0.5,3435570.4624448735,Reward Abuse
"A_0bfb0b4311,A_f2ab53d645",BTCUSDT.PERP,LONG,0.3443395226858121,0.5,0.0,0.5,3435570.4624448735,Reward Abuse
"A_0bfb0b4311,A_f2ab53d645",BTCUSDT.PERP,LONG,0.3443395226858121,0.5,0.0,0.5,3435570.4624448735,Reward Abuse
"A_0bfb0b4311,A_f2ab53d645",BTCUSDT.PERP,LONG,0.3443395226858121,0.5,0.0,0.5,3435570.4624448735,Reward Abuse
"A_0bfb0b4311,A_f2ab53d645",BTCUSDT.PERP,LONG,0.3443395226858121,0.5,0.0,0.5,3435570.4624448735,Reward Abuse
"A_0bfb0b4311,A_f2ab53d645",BTCUSDT.PERP,LONG,0.3443395226858121,0.5,0.0,0.5,3435570.4624448735,Reward Abuse
"A_0bfb0b4311,A_f2ab53d645",BTCUSDT.PERP,LONG,0.3443395226858121,0.5,0.0,0.5,3435570.4624448735,Reward Abuse
"A_c668740478,A_e7205c325a",BTCUSDT.PERP,LONG,0.3443395226858121,0.5,0.0,0.5,3326408.4078572295,Reward Abuse
"A_0bfb0b4311,A_ae270b7bf6",BTCUSDT.PERP,LONG,0.3443395226858121,0.5,0.0,0.5,2816902.1799227227,Reward Abuse
"A_0bfb0b4311,A_ae270b7bf6",BTCUSDT.PERP,LONG,0.3443395226858121,0.5,0.0,0.5,2816902.1799227227,Reward Abuse
"A_0bfb0b4311,A_ae270b7bf6",BTCUSDT.PERP,LONG,0.3443395226858121,0.5,0.0,0.5,2816902.1799227227,Reward Abuse
"A_0bfb0b4311,A_ae270b7bf6",BTCUSDT.PERP,LONG,0.3443395226858121,0.5,0.0,0.5,2816902.1799227227,Reward Abuse
"A_0bfb0b4311,A_ae270b7bf6",BTCUSDT.PERP,LONG,0.3443395226858121,0.5,0.0,0.5,2816902.1799227227,Reward Abuse
"A_0bfb0b4311,A_ae270b7bf6",BTCUSDT.PERP,LONG,0.3443395226858121,0.5,0.0,0.5,2816902.1799227227,Reward Abuse
"A_0bfb0b4311,A_ae270b7bf6",BTCUSDT.PERP,LONG,0.3443395226858121,0.5,0.0,0.5,2816902.1799227227,Reward Abuse
"A_0bfb0b4311,A_ae270b7bf6",BTCUSDT.PERP,LONG,0.3443395226858121,0.5,0.0,0.5,2816902.1799227227,Reward Abuse
"A_0bfb0b4311,A_ae270b7bf6",BTCUSDT.PERP,LONG,0.3443395226858121,0.5,0.0,0.5,2816902.1799227227,Reward Abuse
"A_0bfb0b4311,A_ae270b7bf6",BTCUSDT.PERP,LONG,0.3443395226858121,0.5,0.0,0.5,2816902.1799227227,Reward Abuse
"A_0bfb0b4311,A_ae270b7bf6",BTCUSDT.PERP,LONG,0.3443395226858121,0.5,0.0,0.5,2816902.1799227227,Reward Abuse
"A_1b6957bd93,A_c668740478",BTCUSDT.PERP,SHORT,0.3443395226858121,0.5,0.0,0.5,2728642.029605937,Reward Abuse
"A_1b6957bd93,A_e7205c325a",BTCUSDT.PERP,LONG,0.3443395226858121,0.5,0.0,0.5,2199085.687885317,Reward Abuse
"A_1b6957bd93,A_e7205c325a",BTCUSDT.PERP,SHORT,0.3443395226858121,0.5,0.0,0.5,2199085.687885317,Reward Abuse
"A_0bfb0b4311,A_33849d660b",BTCUSDT.PERP,LONG,0.3443395226858121,0.5,0.0,0.5,2191971.8725818754,Reward Abuse
"A_0bfb0b4311,A_33849d660b",BTCUSDT.PERP,LONG,0.3443395226858121,0.5,0.0,0.5,2191971.8725818754,Reward Abuse
"A_0bfb0b4311,A_33849d660b",BTCUSDT.PERP,LONG,0.3443395226858121,0.5,0.0,0.5,2191971.8725818754,Reward Abuse
"A_0bfb0b4311,A_33849d660b",BTCUSDT.PERP,LONG,0.3443395226858121,0.5,0.0,0.5,2191971.8725818754,Reward Abuse
"A_0bfb0b4311,A_33849d660b",BTCUSDT.PERP,LONG,0.3443395226858121,0.5,0.0,0.5,2191971.8725818754,Reward Abuse
"A_0bfb0b4311,A_33849d660b",BTCUSDT.PERP,LONG,0.3443395226858121,0.5,0.0,0.5,2191971.8725818754,Reward Abuse
"A_0bfb0b4311,A_33849d660b",BTCUSDT.PERP,LONG,0.3443395226858121,0.5,0.0,0.5,2191971.8725818754,Reward Abuse
"A_0bfb0b4311,A_33849d660b",BTCUSDT.PERP,LONG,0.3443395226858121,0.5,0.0,0.5,2191971.8725818754,Reward Abuse
"A_0bfb0b4311,A_33849d660b",BTCUSDT.PERP,LONG,0.3443395226858121,0.5,0.0,0.5,2191971.8725818754,Reward Abuse
"A_0bfb0b4311,A_33849d660b",BTCUSDT.PERP,LONG,0.3443395226858121,0.5,0.0,0.5,2191971.8725818754,Reward Abuse
"A_c668740478,A_e27beda014",BTCUSDT.PERP,LONG,0.3443395226858121,0.5,0.0,0.5,1928322.7650728729,Reward Abuse
"A_c668740478,A_e27beda014",BTCUSDT.PERP,LONG,0.3443395226858121,0.5,0.0,0.5,1928322.7650728729,Reward Abuse
"A_c668740478,A_e27beda014",BTCUSDT.PERP,LONG,0.3443395226858121,0.5,0.0,0.5,1928322.7650728729,Reward Abuse
"A_c668740478,A_e27beda014",BTCUSDT.PERP,SHORT,0.3443395226858121,0.5,0.0,0.5,1928322.7650728729,Reward Abuse
"A_c668740478,A_e27beda014",BTCUSDT.PERP,SHORT,0.3443395226858121,0.5,0.0,0.5,1928322.7650728729,Reward Abuse
"A_6960c2ee08,A_c668740478",BTCUSDT.PERP,LONG,0.3443395226858121,0.5,0.0,0.5,1928319.6782244935,Reward Abuse
"A_6960c2ee08,A_c668740478",BTCUSDT.PERP,LONG,0.3443395226858121,0.5,0.0,0.5,1928319.6782244935,Reward Abuse
"A_3943c4c480,A_c668740478",BTCUSDT.PERP,LONG,0.3443395226858121,0.5,0.0,0.5,1928123.1782513733,Reward Abuse
"A_9a5e1e7fac,A_c668740478",BTCUSDT.PERP,SHORT,0.3443395226858121,0.5,0.0,0.5,1927862.174676529,Reward Abuse
"A_9a5e1e7fac,A_c668740478",BTCUSDT.PERP,SHORT,0.3443395226858121,0.5,0.0,0.5,1927862.174676529,Reward Abuse
"A_9a5e1e7fac,A_c668740478",BTCUSDT.PERP,SHORT,0.3443395226858121,0.5,0.0,0.5,1927862.174676529,Reward Abuse
"A_9a5e1e7fac,A_c668740478",BTCUSDT.PERP,SHORT,0.3443395226858121,0.5,0.0,0.5,1927862.174676529,Reward Abuse
"A_9a5e1e7fac,A_c668740478",BTCUSDT.PERP,SHORT,0.3443395226858121,0.5,0.0,0.5,1927862.174676529,Reward Abuse
"A_3cfd9478f0,A_c668740478",BTCUSDT.PERP,LONG,0.3443395226858121,0.5,0.0,0.5,1926450.086362505,Reward Abuse
"A_3cfd9478f0,A_c668740478",BTCUSDT.PERP,SHORT,0.3443395226858121,0.5,0.0,0.5,1926450.086362505,Reward Abuse
"A_2ba62f7b20,A_c668740478",BTCUSDT.PERP,LONG,0.3443395226858121,0.5,0.0,0.5,1880293.1851520017,Reward Abuse
"A_2ba62f7b20,A_c668740478",BTCUSDT.PERP,SHORT,0.3443395226858121,0.5,0.0,0.5,1880293.1851520017,Reward Abuse
"A_0bfb0b4311,A_dcd87c6c96",BTCUSDT.PERP,LONG,0.3443395226858121,0.5,0.0,0.5,1435891.392013304,Reward Abuse
"A_0bfb0b4311,A_dcd87c6c96",BTCUSDT.PERP,LONG,0.3443395226858121,0.5,0.0,0.5,1435891.392013304,Reward Abuse
"A_0bfb0b4311,A_dcd87c6c96",BTCUSDT.PERP,LONG,0.3443395226858121,0.5,0.0,0.5,1435891.392013304,Reward Abuse
"A_0bfb0b4311,A_dcd87c6c96",BTCUSDT.PERP,LONG,0.3443395226858121,0.5,0.0,0.5,1435891.392013304,Reward Abuse
"A_3943c4c480,A_e7205c325a",BTCUSDT.PERP,LONG,0.3443395226858121,0.5,0.0,0.5,1398566.8365307532,Reward Abuse
"A_3943c4c480,A_e7205c325a",BTCUSDT.PERP,LONG,0.3443395226858121,0.5,0.0,0.5,1398566.8365307532,Reward Abuse
"A_06d5bd3da9,A_9788666227",ETHUSDT.PERP,LONG,0.3443395226858121,0.5,0.0,0.5,1366869.0791700433,Reward Abuse
"A_06d5bd3da9,A_9788666227",ETHUSDT.PERP,LONG,0.3443395226858121,0.5,0.0,0.5,1366869.0791700433,Reward Abuse
"A_06d5bd3da9,A_9788666227",ETHUSDT.PERP,LONG,0.3443395226858121,0.5,0.0,0.5,1366869.0791700433,Reward Abuse
"A_06d5bd3da9,A_9788666227",ETHUSDT.PERP,LONG,0.3443395226858121,0.5,0.0,0.5,1366869.0791700433,Reward Abuse
"A_06d5bd3da9,A_9788666227",ETHUSDT.PERP,LONG,0.3443395226858121,0.5,0.0,0.5,1366869.0791700433,Reward Abuse
"A_06d5bd3da9,A_9788666227",ETHUSDT.PERP,SHORT,0.3443395226858121,0.5,0.0,0.5,1366869.0791700433,Reward Abuse
"A_06d5bd3da9,A_9788666227",ETHUSDT.PERP,SHORT,0.3443395226858121,0.5,0.0,0.5,1366869.0791700433,Reward Abuse
"A_59b90616d6,A_e7205c325a",BTCUSDT.PERP,LONG,0.3443395226858121,0.5,0.0,0.5,1234123.721062162,Reward Abuse
"A_59b90616d6,A_e7205c325a",BTCUSDT.PERP,LONG,0.3443395226858121,0.5,0.0,0.5,1234123.721062162,Reward Abuse
"A_522c68dd44,A_e7205c325a",BTCUSDT.PERP,LONG,0.3443395226858121,0.5,0.0,0.5,1188155.0913693933,Reward Abuse
"A_06d5bd3da9,A_e8e9d04acc",ETHUSDT.PERP,LONG,0.3443395226858121,0.5,0.0,0.5,954852.2372697974,Reward Abuse
"A_06d5bd3da9,A_e8e9d04acc",ETHUSDT.PERP,LONG,0.3443395226858121,0.5,0.0,0.5,954852.2372697974,Reward Abuse
"A_06d5bd3da9,A_e8e9d04acc",ETHUSDT.PERP,LONG,0.3443395226858121,0.5,0.0,0.5,954852.2372697974,Reward Abuse
"A_06d5bd3da9,A_e8e9d04acc",ETHUSDT.PERP,LONG,0.3443395226858121,0.5,0.0,0.5,954852.2372697974,Reward Abuse
"A_06d5bd3da9,A_68f6513965",ETHUSDT.PERP,LONG,0.3443395226858121,0.5,0.0,0.5,919485.8337776576,Reward Abuse
"A_06d5bd3da9,A_68f6513965",ETHUSDT.PERP,LONG,0.3443395226858121,0.5,0.0,0.5,919485.8337776576,Reward Abuse
"A_06d5bd3da9,A_68f6513965",ETHUSDT.PERP,LONG,0.3443395226858121,0.5,0.0,0.5,919485.8337776576,Reward Abuse
"A_06d5bd3da9,A_68f6513965",ETHUSDT.PERP,LONG,0.3443395226858121,0.5,0.0,0.5,919485.8337776576,Reward Abuse
"A_06d5bd3da9,A_68f6513965",ETHUSDT.PERP,LONG,0.3443395226858121,0.5,0.0,0.5,919485.8337776576,Reward Abuse
"A_06d5bd3da9,A_68f6513965",ETHUSDT.PERP,SHORT,0.3443395226858121,0.5,0.0,0.5,919485.8337776576,Reward Abuse
"A_06d5bd3da9,A_68f6513965",ETHUSDT.PERP,SHORT,0.3443395226858121,0.5,0.0,0.5,919485.8337776576,Reward Abuse
"A_06d5bd3da9,A_68f6513965",ETHUSDT.PERP,SHORT,0.3443395226858121,0.5,0.0,0.5,919485.8337776576,Reward Abuse
"A_06d5bd3da9,A_68f6513965",ETHUSDT.PERP,SHORT,0.3443395226858121,0.5,0.0,0.5,919485.8337776576,Reward Abuse
"A_06d5bd3da9,A_68f6513965",ETHUSDT.PERP,SHORT,0.3443395226858121,0.5,0.0,0.5,919485.8337776576,Reward Abuse
"A_06d5bd3da9,A_68f6513965",ETHUSDT.PERP,SHORT,0.3443395226858121,0.5,0.0,0.5,919485.8337776576,Reward Abuse
"A_06d5bd3da9,A_dae7cf0dd9",ETHUSDT.PERP,LONG,0.3443395226858121,0.5,0.0,0.5,919300.0598543887,Reward Abuse
"A_06d5bd3da9,A_dae7cf0dd9",ETHUSDT.PERP,SHORT,0.3443395226858121,0.5,0.0,0.5,919300.0598543887,Reward Abuse
"A_06d5bd3da9,A_dae7cf0dd9",ETHUSDT.PERP,SHORT,0.3443395226858121,0.5,0.0,0.5,919300.0598543887,Reward Abuse
"A_06d5bd3da9,A_dae7cf0dd9",ETHUSDT.PERP,SHORT,0.3443395226858121,0.5,0.0,0.5,919300.0598543887,Reward Abuse
"A_06d5bd3da9,A_64a414bc30",ETHUSDT.PERP,SHORT,0.3443395226858121,0.5,0.0,0.5,914900.0012687035,Reward Abuse
"A_06d5bd3da9,A_1a7c006b71",ETHUSDT.PERP,LONG,0.3443395226858121,0.5,0.0,0.5,908297.8963694888,Reward Abuse
"A_06d5bd3da9,A_1a7c006b71",ETHUSDT.PERP,LONG,0.3443395226858121,0.5,0.0,0.5,908297.8963694888,Reward Abuse
"A_06d5bd3da9,A_1a7c006b71",ETHUSDT.PERP,LONG,0.3443395226858121,0.5,0.0,0.5,908297.8963694888,Reward Abuse
"A_06d5bd3da9,A_1a7c006b71",ETHUSDT.PERP,SHORT,0.3443395226858121,0.5,0.0,0.5,908297.8963694888,Reward Abuse
"A_06d5bd3da9,A_1a7c006b71",ETHUSDT.PERP,SHORT,0.3443395226858121,0.5,0.0,0.5,908297.8963694888,Reward Abuse
"A_06d5bd3da9,A_1a7c006b71",ETHUSDT.PERP,SHORT,0.3443395226858121,0.5,0.0,0.5,908297.8963694888,Reward Abuse
"A_06d5bd3da9,A_1a7c006b71",ETHUSDT.PERP,SHORT,0.3443395226858121,0.5,0.0,0.5,908297.8963694888,Reward Abuse
"A_06d5bd3da9,A_1a7c006b71",ETHUSDT.PERP,SHORT,0.3443395226858121,0.5,0.0,0.5,908297.8963694888,Reward Abuse
"A_06d5bd3da9,A_1a7c006b71",ETHUSDT.PERP,SHORT,0.3443395226858121,0.5,0.0,0.5,908297.8963694888,Reward Abuse
"A_1b6957bd93,A_60a63690ae",BTCUSDT.PERP,SHORT,0.3443395226858121,0.5,0.0,0.5,876022.4476717212,Reward Abuse
"A_27fd29fd55,A_60a63690ae",BTCUSDT.PERP,LONG,0.3443395226858121,0.5,0.0,0.5,830856.9753033561,Reward Abuse
"A_1b6957bd93,A_e27beda014",BTCUSDT.PERP,LONG,0.3443395226858121,0.5,0.0,0.5,801000.0451009602,Reward Abuse
"A_1b6957bd93,A_6960c2ee08",BTCUSDT.PERP,LONG,0.3443395226858121,0.5,0.0,0.5,800996.958252581,Reward Abuse
"A_1b6957bd93,A_4943ad62b4",BTCUSDT.PERP,LONG,0.3443395226858121,0.5,0.0,0.5,800912.3369597892,Reward Abuse
"A_1b6957bd93,A_3943c4c480",BTCUSDT.PERP,LONG,0.3443395226858121,0.5,0.0,0.5,800800.4582794607,Reward Abuse
"A_1b6957bd93,A_3943c4c480",BTCUSDT.PERP,LONG,0.3443395226858121,0.5,0.0,0.5,800800.4582794607,Reward Abuse
"A_1b6957bd93,A_3943c4c480",BTCUSDT.PERP,SHORT,0.3443395226858121,0.5,0.0,0.5,800800.4582794607,Reward Abuse
"A_1b6957bd93,A_3943c4c480",BTCUSDT.PERP,SHORT,0.3443395226858121,0.5,0.0,0.5,800800.4582794607,Reward Abuse
"A_1b6957bd93,A_3943c4c480",BTCUSDT.PERP,SHORT,0.3443395226858121,0.5,0.0,0.5,800800.4582794607,Reward Abuse
"A_1b6957bd93,A_9366ce5043",BTCUSDT.PERP,SHORT,0.3443395226858121,0.5,0.0,0.5,800716.9281321961,Reward Abuse
"A_1b6957bd93,A_9366ce5043",BTCUSDT.PERP,SHORT,0.3443395226858121,0.5,0.0,0.5,800716.9281321961,Reward Abuse
"A_1b6957bd93,A_ace0a74506",BTCUSDT.PERP,LONG,0.3443395226858121,0.5,0.0,0.5,797964.8763015348,Reward Abuse
"A_1b6957bd93,A_ace0a74506",BTCUSDT.PERP,LONG,0.3443395226858121,0.5,0.0,0.5,797964.8763015348,Reward Abuse
"A_1b6957bd93,A_ace0a74506",BTCUSDT.PERP,LONG,0.3443395226858121,0.5,0.0,0.5,797964.8763015348,Reward Abuse
"A_27fd29fd55,A_3cab2969e5",BTCUSDT.PERP,LONG,0.3443395226858121,0.5,0.0,0.5,762559.7285664037,Reward Abuse
"A_27fd29fd55,A_3cab2969e5",BTCUSDT.PERP,LONG,0.3443395226858121,0.5,0.0,0.5,762559.7285664037,Reward Abuse
"A_27fd29fd55,A_3cab2969e5",BTCUSDT.PERP,LONG,0.3443395226858121,0.5,0.0,0.5,762559.7285664037,Reward Abuse
"A_27fd29fd55,A_3cab2969e5",BTCUSDT.PERP,LONG,0.3443395226858121,0.5,0.0,0.5,762559.7285664037,Reward Abuse
"A_27fd29fd55,A_3cab2969e5",BTCUSDT.PERP,LONG,0.3443395226858121,0.5,0.0,0.5,762559.7285664037,Reward Abuse
"A_27fd29fd55,A_6960c2ee08",BTCUSDT.PERP,LONG,0.3443395226858121,0.5,0.0,0.5,755831.4858842158,Reward Abuse
"A_27fd29fd55,A_6960c2ee08",BTCUSDT.PERP,LONG,0.3443395226858121,0.5,0.0,0.5,755831.4858842158,Reward Abuse
"A_27fd29fd55,A_6960c2ee08",BTCUSDT.PERP,LONG,0.3443395226858121,0.5,0.0,0.5,755831.4858842158,Reward Abuse
"A_ae270b7bf6,A_c668740478",BTCUSDT.PERP,LONG,0.3443395226858121,0.5,0.0,0.5,755468.2420371391,Reward Abuse
"A_ae270b7bf6,A_c668740478",BTCUSDT.PERP,LONG,0.3443395226858121,0.5,0.0,0.5,755468.2420371391,Reward Abuse
"A_1b6957bd93,A_2ba62f7b20",BTCUSDT.PERP,LONG,0.3443395226858121,0.5,0.0,0.5,752970.465180089,Reward Abuse
"A_1b6957bd93,A_2ba62f7b20",BTCUSDT.PERP,SHORT,0.3443395226858121,0.5,0.0,0.5,752970.465180089,Reward Abuse
"A_1b6957bd93,A_2ba62f7b20",BTCUSDT.PERP,SHORT,0.3443395226858121,0.5,0.0,0.5,752970.465180089,Reward Abuse
"A_27fd29fd55,A_2ba62f7b20",SOLUSDT.PERP,SHORT,0.3443395226858121,0.5,0.0,0.5,707804.9928117238,Reward Abuse
"A_9788666227,A_e8e9d04acc",ETHUSDT.PERP,SHORT,0.3443395226858121,0.5,0.0,0.5,497972.337093353,Reward Abuse
"A_9788666227,A_e8e9d04acc",ETHUSDT.PERP,SHORT,0.3443395226858121,0.5,0.0,0.5,497972.337093353,Reward Abuse
"A_9788666227,A_e8e9d04acc",ETHUSDT.PERP,SHORT,0.3443395226858121,0.5,0.0,0.5,497972.337093353,Reward Abuse
"A_9788666227,A_e8e9d04acc",ETHUSDT.PERP,SHORT,0.3443395226858121,0.5,0.0,0.5,497972.337093353,Reward Abuse
"A_9788666227,A_e8e9d04acc",ETHUSDT.PERP,SHORT,0.3443395226858121,0.5,0.0,0.5,497972.337093353,Reward Abuse
"A_9788666227,A_e8e9d04acc",ETHUSDT.PERP,SHORT,0.3443395226858121,0.5,0.0,0.5,497972.337093353,Reward Abuse
"A_9788666227,A_e8e9d04acc",ETHUSDT.PERP,SHORT,0.3443395226858121,0.5,0.0,0.5,497972.337093353,Reward Abuse
"A_9788666227,A_e8e9d04acc",ETHUSDT.PERP,SHORT,0.3443395226858121,0.5,0.0,0.5,497972.337093353,Reward Abuse
"A_9788666227,A_e8e9d04acc",ETHUSDT.PERP,SHORT,0.3443395226858121,0.5,0.0,0.5,497972.337093353,Reward Abuse
"A_9788666227,A_e8e9d04acc",ETHUSDT.PERP,SHORT,0.3443395226858121,0.5,0.0,0.5,497972.337093353,Reward Abuse
"A_68f6513965,A_9788666227",ETHUSDT.PERP,LONG,0.3443395226858121,0.5,0.0,0.5,462605.93360121315,Reward Abuse
"A_68f6513965,A_9788666227",ETHUSDT.PERP,LONG,0.3443395226858121,0.5,0.0,0.5,462605.93360121315,Reward Abuse
"A_68f6513965,A_9788666227",ETHUSDT.PERP,LONG,0.3443395226858121,0.5,0.0,0.5,462605.93360121315,Reward Abuse
"A_68f6513965,A_9788666227",ETHUSDT.PERP,LONG,0.3443395226858121,0.5,0.0,0.5,462605.93360121315,Reward Abuse
"A_68f6513965,A_9788666227",ETHUSDT.PERP,LONG,0.3443395226858121,0.5,0.0,0.5,462605.93360121315,Reward Abuse
"A_68f6513965,A_9788666227",ETHUSDT.PERP,LONG,0.3443395226858121,0.5,0.0,0.5,462605.93360121315,Reward Abuse
"A_68f6513965,A_9788666227",ETHUSDT.PERP,LONG,0.3443395226858121,0.5,0.0,0.5,462605.93360121315,Reward Abuse
"A_68f6513965,A_9788666227",ETHUSDT.PERP,LONG,0.3443395226858121,0.5,0.0,0.5,462605.93360121315,Reward Abuse
"A_68f6513965,A_9788666227",ETHUSDT.PERP,LONG,0.3443395226858121,0.5,0.0,0.5,462605.93360121315,Reward Abuse
"A_68f6513965,A_9788666227",ETHUSDT.PERP,LONG,0.3443395226858121,0.5,0.0,0.5,462605.93360121315,Reward Abuse
"A_68f6513965,A_9788666227",ETHUSDT.PERP,LONG,0.3443395226858121,0.5,0.0,0.5,462605.93360121315,Reward Abuse
"A_68f6513965,A_9788666227",ETHUSDT.PERP,LONG,0.3443395226858121,0.5,0.0,0.5,462605.93360121315,Reward Abuse
"A_68f6513965,A_9788666227",ETHUSDT.PERP,LONG,0.3443395226858121,0.5,0.0,0.5,462605.93360121315,Reward Abuse
"A_68f6513965,A_9788666227",ETHUSDT.PERP,LONG,0.3443395226858121,0.5,0.0,0.5,462605.93360121315,Reward Abuse
"A_68f6513965,A_9788666227",ETHUSDT.PERP,LONG,0.3443395226858121,0.5,0.0,0.5,462605.93360121315,Reward Abuse
"A_68f6513965,A_9788666227",ETHUSDT.PERP,LONG,0.3443395226858121,0.5,0.0,0.5,462605.93360121315,Reward Abuse
"A_68f6513965,A_9788666227",ETHUSDT.PERP,LONG,0.3443395226858121,0.5,0.0,0.5,462605.93360121315,Reward Abuse
"A_68f6513965,A_9788666227",ETHUSDT.PERP,LONG,0.3443395226858121,0.5,0.0,0.5,462605.93360121315,Reward Abuse
"A_68f6513965,A_9788666227",ETHUSDT.PERP,LONG,0.3443395226858121,0.5,0.0,0.5,462605.93360121315,Reward Abuse
"A_68f6513965,A_9788666227",ETHUSDT.PERP,LONG,0.3443395226858121,0.5,0.0,0.5,462605.93360121315,Reward Abuse
"A_68f6513965,A_9788666227",ETHUSDT.PERP,LONG,0.3443395226858121,0.5,0.0,0.5,462605.93360121315,Reward Abuse
"A_68f6513965,A_9788666227",ETHUSDT.PERP,LONG,0.3443395226858121,0.5,0.0,0.5,462605.93360121315,Reward Abuse
"A_68f6513965,A_9788666227",ETHUSDT.PERP,LONG,0.3443395226858121,0.5,0.0,0.5,462605.93360121315,Reward Abuse
"A_68f6513965,A_9788666227",ETHUSDT.PERP,LONG,0.3443395226858121,0.5,0.0,0.5,462605.93360121315,Reward Abuse
"A_68f6513965,A_9788666227",ETHUSDT.PERP,LONG,0.3443395226858121,0.5,0.0,0.5,462605.93360121315,Reward Abuse
"A_68f6513965,A_9788666227",ETHUSDT.PERP,LONG,0.3443395226858121,0.5,0.0,0.5,462605.93360121315,Reward Abuse
"A_68f6513965,A_9788666227",ETHUSDT.PERP,LONG,0.3443395226858121,0.5,0.0,0.5,462605.93360121315,Reward Abuse
"A_68f6513965,A_9788666227",ETHUSDT.PERP,LONG,0.3443395226858121,0.5,0.0,0.5,462605.93360121315,Reward Abuse
"A_68f6513965,A_9788666227",ETHUSDT.PERP,LONG,0.3443395226858121,0.5,0.0,0.5,462605.93360121315,Reward Abuse
"A_68f6513965,A_9788666227",ETHUSDT.PERP,LONG,0.3443395226858121,0.5,0.0,0.5,462605.93360121315,Reward Abuse
"A_68f6513965,A_9788666227",ETHUSDT.PERP,LONG,0.3443395226858121,0.5,0.0,0.5,462605.93360121315,Reward Abuse
"A_68f6513965,A_9788666227",ETHUSDT.PERP,LONG,0.3443395226858121,0.5,0.0,0.5,462605.93360121315,Reward Abuse
"A_68f6513965,A_9788666227",ETHUSDT.PERP,SHORT,0.3443395226858121,0.5,0.0,0.5,462605.93360121315,Reward Abuse
"A_68f6513965,A_9788666227",ETHUSDT.PERP,SHORT,0.3443395226858121,0.5,0.0,0.5,462605.93360121315,Reward Abuse
"A_68f6513965,A_9788666227",ETHUSDT.PERP,SHORT,0.3443395226858121,0.5,0.0,0.5,462605.93360121315,Reward Abuse
"A_68f6513965,A_9788666227",ETHUSDT.PERP,SHORT,0.3443395226858121,0.5,0.0,0.5,462605.93360121315,Reward Abuse
"A_68f6513965,A_9788666227",ETHUSDT.PERP,SHORT,0.3443395226858121,0.5,0.0,0.5,462605.93360121315,Reward Abuse
"A_68f6513965,A_9788666227",ETHUSDT.PERP,SHORT,0.3443395226858121,0.5,0.0,0.5,462605.93360121315,Reward Abuse
"A_68f6513965,A_9788666227",ETHUSDT.PERP,SHORT,0.3443395226858121,0.5,0.0,0.5,462605.93360121315,Reward Abuse
"A_68f6513965,A_9788666227",ETHUSDT.PERP,SHORT,0.3443395226858121,0.5,0.0,0.5,462605.93360121315,Reward Abuse
"A_9788666227,A_dae7cf0dd9",ETHUSDT.PERP,LONG,0.3443395226858121,0.5,0.0,0.5,462420.1596779443,Reward Abuse
"A_9788666227,A_dae7cf0dd9",ETHUSDT.PERP,LONG,0.3443395226858121,0.5,0.0,0.5,462420.1596779443,Reward Abuse
"A_9788666227,A_dae7cf0dd9",ETHUSDT.PERP,SHORT,0.3443395226858121,0.5,0.0,0.5,462420.1596779443,Reward Abuse
"A_64a414bc30,A_9788666227",ETHUSDT.PERP,LONG,0.3443395226858121,0.5,0.0,0.5,458020.1010922591,Reward Abuse
"A_64a414bc30,A_9788666227",ETHUSDT.PERP,LONG,0.3443395226858121,0.5,0.0,0.5,458020.1010922591,Reward Abuse
"A_64a414bc30,A_9788666227",ETHUSDT.PERP,LONG,0.3443395226858121,0.5,0.0,0.5,458020.1010922591,Reward Abuse
"A_64a414bc30,A_9788666227",ETHUSDT.PERP,LONG,0.3443395226858121,0.5,0.0,0.5,458020.1010922591,Reward Abuse
"A_64a414bc30,A_9788666227",ETHUSDT.PERP,LONG,0.3443395226858121,0.5,0.0,0.5,458020.1010922591,Reward Abuse
"A_64a414bc30,A_9788666227",ETHUSDT.PERP,LONG,0.3443395226858121,0.5,0.0,0.5,458020.1010922591,Reward Abuse
"A_64a414bc30,A_9788666227",ETHUSDT.PERP,LONG,0.3443395226858121,0.5,0.0,0.5,458020.1010922591,Reward Abuse
"A_64a414bc30,A_9788666227",ETHUSDT.PERP,LONG,0.3443395226858121,0.5,0.0,0.5,458020.1010922591,Reward Abuse
"A_64a414bc30,A_9788666227",ETHUSDT.PERP,LONG,0.3443395226858121,0.5,0.0,0.5,458020.1010922591,Reward Abuse
"A_64a414bc30,A_9788666227",ETHUSDT.PERP,LONG,0.3443395226858121,0.5,0.0,0.5,458020.1010922591,Reward Abuse
"A_64a414bc30,A_9788666227",ETHUSDT.PERP,LONG,0.3443395226858121,0.5,0.0,0.5,458020.1010922591,Reward Abuse
"A_64a414bc30,A_9788666227",ETHUSDT.PERP,LONG,0.3443395226858121,0.5,0.0,0.5,458020.1010922591,Reward Abuse
"A_64a414bc30,A_9788666227",ETHUSDT.PERP,LONG,0.3443395226858121,0.5,0.0,0.5,458020.1010922591,Reward Abuse
"A_64a414bc30,A_9788666227",ETHUSDT.PERP,LONG,0.3443395226858121,0.5,0.0,0.5,458020.1010922591,Reward Abuse
"A_64a414bc30,A_9788666227",ETHUSDT.PERP,LONG,0.3443395226858121,0.5,0.0,0.5,458020.1010922591,Reward Abuse
"A_64a414bc30,A_9788666227",ETHUSDT.PERP,LONG,0.3443395226858121,0.5,0.0,0.5,458020.1010922591,Reward Abuse
"A_64a414bc30,A_9788666227",ETHUSDT.PERP,LONG,0.3443395226858121,0.5,0.0,0.5,458020.1010922591,Reward Abuse
"A_64a414bc30,A_9788666227",ETHUSDT.PERP,LONG,0.3443395226858121,0.5,0.0,0.5,458020.1010922591,Reward Abuse
"A_64a414bc30,A_9788666227",ETHUSDT.PERP,LONG,0.3443395226858121,0.5,0.0,0.5,458020.1010922591,Reward Abuse
"A_64a414bc30,A_9788666227",ETHUSDT.PERP,LONG,0.3443395226858121,0.5,0.0,0.5,458020.1010922591,Reward Abuse
"A_64a414bc30,A_9788666227",ETHUSDT.PERP,LONG,0.3443395226858121,0.5,0.0,0.5,458020.1010922591,Reward Abuse
"A_64a414bc30,A_9788666227",ETHUSDT.PERP,LONG,0.3443395226858121,0.5,0.0,0.5,458020.1010922591,Reward Abuse
"A_64a414bc30,A_9788666227",ETHUSDT.PERP,LONG,0.3443395226858121,0.5,0.0,0.5,458020.1010922591,Reward Abuse
"A_64a414bc30,A_9788666227",ETHUSDT.PERP,LONG,0.3443395226858121,0.5,0.0,0.5,458020.1010922591,Reward Abuse
"A_64a414bc30,A_9788666227",ETHUSDT.PERP,LONG,0.3443395226858121,0.5,0.0,0.5,458020.1010922591,Reward Abuse
"A_64a414bc30,A_9788666227",ETHUSDT.PERP,LONG,0.3443395226858121,0.5,0.0,0.5,458020.1010922591,Reward Abuse
"A_64a414bc30,A_9788666227",ETHUSDT.PERP,LONG,0.3443395226858121,0.5,0.0,0.5,458020.1010922591,Reward Abuse
"A_64a414bc30,A_9788666227",ETHUSDT.PERP,LONG,0.3443395226858121,0.5,0.0,0.5,458020.1010922591,Reward Abuse
"A_64a414bc30,A_9788666227",ETHUSDT.PERP,LONG,0.3443395226858121,0.5,0.0,0.5,458020.1010922591,Reward Abuse
"A_64a414bc30,A_9788666227",ETHUSDT.PERP,LONG,0.3443395226858121,0.5,0.0,0.5,458020.1010922591,Reward Abuse
"A_64a414bc30,A_9788666227",ETHUSDT.PERP,LONG,0.3443395226858121,0.5,0.0,0.5,458020.1010922591,Reward Abuse
"A_64a414bc30,A_9788666227",ETHUSDT.PERP,LONG,0.3443395226858121,0.5,0.0,0.5,458020.1010922591,Reward Abuse
"A_64a414bc30,A_9788666227",ETHUSDT.PERP,LONG,0.3443395226858121,0.5,0.0,0.5,458020.1010922591,Reward Abuse
"A_64a414bc30,A_9788666227",ETHUSDT.PERP,LONG,0.3443395226858121,0.5,0.0,0.5,458020.1010922591,Reward Abuse
"A_64a414bc30,A_9788666227",ETHUSDT.PERP,LONG,0.3443395226858121,0.5,0.0,0.5,458020.1010922591,Reward Abuse
"A_64a414bc30,A_9788666227",ETHUSDT.PERP,LONG,0.3443395226858121,0.5,0.0,0.5,458020.1010922591,Reward Abuse
"A_64a414bc30,A_9788666227",ETHUSDT.PERP,LONG,0.3443395226858121,0.5,0.0,0.5,458020.1010922591,Reward Abuse
"A_64a414bc30,A_9788666227",ETHUSDT.PERP,LONG,0.3443395226858121,0.5,0.0,0.5,458020.1010922591,Reward Abuse
"A_64a414bc30,A_9788666227",ETHUSDT.PERP,LONG,0.3443395226858121,0.5,0.0,0.5,458020.1010922591,Reward Abuse
"A_64a414bc30,A_9788666227",ETHUSDT.PERP,LONG,0.3443395226858121,0.5,0.0,0.5,458020.1010922591,Reward Abuse
"A_64a414bc30,A_9788666227",ETHUSDT.PERP,LONG,0.3443395226858121,0.5,0.0,0.5,458020.1010922591,Reward Abuse
"A_64a414bc30,A_9788666227",ETHUSDT.PERP,LONG,0.3443395226858121,0.5,0.0,0.5,458020.1010922591,Reward Abuse
"A_64a414bc30,A_9788666227",ETHUSDT.PERP,LONG,0.3443395226858121,0.5,0.0,0.5,458020.1010922591,Reward Abuse
"A_64a414bc30,A_9788666227",ETHUSDT.PERP,LONG,0.3443395226858121,0.5,0.0,0.5,458020.1010922591,Reward Abuse
"A_64a414bc30,A_9788666227",ETHUSDT.PERP,LONG,0.3443395226858121,0.5,0.0,0.5,458020.1010922591,Reward Abuse
"A_64a414bc30,A_9788666227",ETHUSDT.PERP,LONG,0.3443395226858121,0.5,0.0,0.5,458020.1010922591,Reward Abuse
"A_64a414bc30,A_9788666227",ETHUSDT.PERP,LONG,0.3443395226858121,0.5,0.0,0.5,458020.1010922591,Reward Abuse
"A_64a414bc30,A_9788666227",ETHUSDT.PERP,LONG,0.3443395226858121,0.5,0.0,0.5,458020.1010922591,Reward Abuse
"A_64a414bc30,A_9788666227",ETHUSDT.PERP,LONG,0.3443395226858121,0.5,0.0,0.5,458020.1010922591,Reward Abuse
"A_64a414bc30,A_9788666227",ETHUSDT.PERP,LONG,0.3443395226858121,0.5,0.0,0.5,458020.1010922591,Reward Abuse
"A_64a414bc30,A_9788666227",ETHUSDT.PERP,LONG,0.3443395226858121,0.5,0.0,0.5,458020.1010922591,Reward Abuse
"A_64a414bc30,A_9788666227",ETHUSDT.PERP,LONG,0.3443395226858121,0.5,0.0,0.5,458020.1010922591,Reward Abuse
"A_64a414bc30,A_9788666227",ETHUSDT.PERP,LONG,0.3443395226858121,0.5,0.0,0.5,458020.1010922591,Reward Abuse
"A_64a414bc30,A_9788666227",ETHUSDT.PERP,LONG,0.3443395226858121,0.5,0.0,0.5,458020.1010922591,Reward Abuse
"A_64a414bc30,A_9788666227",ETHUSDT.PERP,LONG,0.3443395226858121,0.5,0.0,0.5,458020.1010922591,Reward Abuse
"A_64a414bc30,A_9788666227",ETHUSDT.PERP,LONG,0.3443395226858121,0.5,0.0,0.5,458020.1010922591,Reward Abuse
"A_64a414bc30,A_9788666227",ETHUSDT.PERP,LONG,0.3443395226858121,0.5,0.0,0.5,458020.1010922591,Reward Abuse
"A_64a414bc30,A_9788666227",ETHUSDT.PERP,LONG,0.3443395226858121,0.5,0.0,0.5,458020.1010922591,Reward Abuse
"A_64a414bc30,A_9788666227",ETHUSDT.PERP,LONG,0.3443395226858121,0.5,0.0,0.5,458020.1010922591,Reward Abuse
"A_64a414bc30,A_9788666227",ETHUSDT.PERP,LONG,0.3443395226858121,0.5,0.0,0.5,458020.1010922591,Reward Abuse
"A_64a414bc30,A_9788666227",ETHUSDT.PERP,LONG,0.3443395226858121,0.5,0.0,0.5,458020.1010922591,Reward Abuse
"A_64a414bc30,A_9788666227",ETHUSDT.PERP,LONG,0.3443395226858121,0.5,0.0,0.5,458020.1010922591,Reward Abuse
"A_64a414bc30,A_9788666227",ETHUSDT.PERP,LONG,0.3443395226858121,0.5,0.0,0.5,458020.1010922591,Reward Abuse
"A_64a414bc30,A_9788666227",ETHUSDT.PERP,LONG,0.3443395226858121,0.5,0.0,0.5,458020.1010922591,Reward Abuse
"A_64a414bc30,A_9788666227",ETHUSDT.PERP,LONG,0.3443395226858121,0.5,0.0,0.5,458020.1010922591,Reward Abuse
"A_64a414bc30,A_9788666227",ETHUSDT.PERP,LONG,0.3443395226858121,0.5,0.0,0.5,458020.1010922591,Reward Abuse
"A_64a414bc30,A_9788666227",ETHUSDT.PERP,LONG,0.3443395226858121,0.5,0.0,0.5,458020.1010922591,Reward Abuse
"A_64a414bc30,A_9788666227",ETHUSDT.PERP,SHORT,0.3443395226858121,0.5,0.0,0.5,458020.1010922591,Reward Abuse
"A_64a414bc30,A_9788666227",ETHUSDT.PERP,SHORT,0.3443395226858121,0.5,0.0,0.5,458020.1010922591,Reward Abuse
"A_64a414bc30,A_9788666227",ETHUSDT.PERP,SHORT,0.3443395226858121,0.5,0.0,0.5,458020.1010922591,Reward Abuse
"A_64a414bc30,A_9788666227",ETHUSDT.PERP,SHORT,0.3443395226858121,0.5,0.0,0.5,458020.1010922591,Reward Abuse
"A_64a414bc30,A_9788666227",ETHUSDT.PERP,SHORT,0.3443395226858121,0.5,0.0,0.5,458020.1010922591,Reward Abuse
"A_64a414bc30,A_9788666227",ETHUSDT.PERP,SHORT,0.3443395226858121,0.5,0.0,0.5,458020.1010922591,Reward Abuse
"A_64a414bc30,A_9788666227",ETHUSDT.PERP,SHORT,0.3443395226858121,0.5,0.0,0.5,458020.1010922591,Reward Abuse
"A_64a414bc30,A_9788666227",ETHUSDT.PERP,SHORT,0.3443395226858121,0.5,0.0,0.5,458020.1010922591,Reward Abuse
"A_64a414bc30,A_9788666227",ETHUSDT.PERP,SHORT,0.3443395226858121,0.5,0.0,0.5,458020.1010922591,Reward Abuse
"A_64a414bc30,A_9788666227",ETHUSDT.PERP,SHORT,0.3443395226858121,0.5,0.0,0.5,458020.1010922591,Reward Abuse
"A_64a414bc30,A_9788666227",ETHUSDT.PERP,SHORT,0.3443395226858121,0.5,0.0,0.5,458020.1010922591,Reward Abuse
"A_64a414bc30,A_9788666227",ETHUSDT.PERP,SHORT,0.3443395226858121,0.5,0.0,0.5,458020.1010922591,Reward Abuse
"A_64a414bc30,A_9788666227",ETHUSDT.PERP,SHORT,0.3443395226858121,0.5,0.0,0.5,458020.1010922591,Reward Abuse
"A_64a414bc30,A_9788666227",ETHUSDT.PERP,SHORT,0.3443395226858121,0.5,0.0,0.5,458020.1010922591,Reward Abuse
"A_64a414bc30,A_9788666227",ETHUSDT.PERP,SHORT,0.3443395226858121,0.5,0.0,0.5,458020.1010922591,Reward Abuse
"A_64a414bc30,A_9788666227",ETHUSDT.PERP,SHORT,0.3443395226858121,0.5,0.0,0.5,458020.1010922591,Reward Abuse
"A_64a414bc30,A_9788666227",ETHUSDT.PERP,SHORT,0.3443395226858121,0.5,0.0,0.5,458020.1010922591,Reward Abuse
"A_64a414bc30,A_9788666227",ETHUSDT.PERP,SHORT,0.3443395226858121,0.5,0.0,0.5,458020.1010922591,Reward Abuse
"A_64a414bc30,A_9788666227",ETHUSDT.PERP,SHORT,0.3443395226858121,0.5,0.0,0.5,458020.1010922591,Reward Abuse
"A_64a414bc30,A_9788666227",ETHUSDT.PERP,SHORT,0.3443395226858121,0.5,0.0,0.5,458020.1010922591,Reward Abuse
"A_64a414bc30,A_9788666227",ETHUSDT.PERP,SHORT,0.3443395226858121,0.5,0.0,0.5,458020.1010922591,Reward Abuse
"A_64a414bc30,A_9788666227",ETHUSDT.PERP,SHORT,0.3443395226858121,0.5,0.0,0.5,458020.1010922591,Reward Abuse
"A_64a414bc30,A_9788666227",ETHUSDT.PERP,SHORT,0.3443395226858121,0.5,0.0,0.5,458020.1010922591,Reward Abuse
"A_64a414bc30,A_9788666227",ETHUSDT.PERP,SHORT,0.3443395226858121,0.5,0.0,0.5,458020.1010922591,Reward Abuse
"A_64a414bc30,A_9788666227",ETHUSDT.PERP,SHORT,0.3443395226858121,0.5,0.0,0.5,458020.1010922591,Reward Abuse
"A_64a414bc30,A_9788666227",ETHUSDT.PERP,SHORT,0.3443395226858121,0.5,0.0,0.5,458020.1010922591,Reward Abuse
"A_64a414bc30,A_9788666227",ETHUSDT.PERP,SHORT,0.3443395226858121,0.5,0.0,0.5,458020.1010922591,Reward Abuse
"A_64a414bc30,A_9788666227",ETHUSDT.PERP,SHORT,0.3443395226858121,0.5,0.0,0.5,458020.1010922591,Reward Abuse
"A_64a414bc30,A_9788666227",ETHUSDT.PERP,SHORT,0.3443395226858121,0.5,0.0,0.5,458020.1010922591,Reward Abuse
"A_64a414bc30,A_9788666227",ETHUSDT.PERP,SHORT,0.3443395226858121,0.5,0.0,0.5,458020.1010922591,Reward Abuse
"A_64a414bc30,A_9788666227",ETHUSDT.PERP,SHORT,0.3443395226858121,0.5,0.0,0.5,458020.1010922591,Reward Abuse
"A_64a414bc30,A_9788666227",ETHUSDT.PERP,SHORT,0.3443395226858121,0.5,0.0,0.5,458020.1010922591,Reward Abuse
"A_64a414bc30,A_9788666227",ETHUSDT.PERP,SHORT,0.3443395226858121,0.5,0.0,0.5,458020.1010922591,Reward Abuse
"A_64a414bc30,A_9788666227",ETHUSDT.PERP,SHORT,0.3443395226858121,0.5,0.0,0.5,458020.1010922591,Reward Abuse
"A_64a414bc30,A_9788666227",ETHUSDT.PERP,SHORT,0.3443395226858121,0.5,0.0,0.5,458020.1010922591,Reward Abuse
"A_64a414bc30,A_9788666227",ETHUSDT.PERP,SHORT,0.3443395226858121,0.5,0.0,0.5,458020.1010922591,Reward Abuse
"A_64a414bc30,A_9788666227",ETHUSDT.PERP,SHORT,0.3443395226858121,0.5,0.0,0.5,458020.1010922591,Reward Abuse
"A_64a414bc30,A_9788666227",ETHUSDT.PERP,SHORT,0.3443395226858121,0.5,0.0,0.5,458020.1010922591,Reward Abuse
"A_64a414bc30,A_9788666227",ETHUSDT.PERP,SHORT,0.3443395226858121,0.5,0.0,0.5,458020.1010922591,Reward Abuse
"A_64a414bc30,A_9788666227",ETHUSDT.PERP,SHORT,0.3443395226858121,0.5,0.0,0.5,458020.1010922591,Reward Abuse
"A_64a414bc30,A_9788666227",ETHUSDT.PERP,SHORT,0.3443395226858121,0.5,0.0,0.5,458020.1010922591,Reward Abuse
"A_64a414bc30,A_9788666227",ETHUSDT.PERP,SHORT,0.3443395226858121,0.5,0.0,0.5,458020.1010922591,Reward Abuse
"A_64a414bc30,A_9788666227",ETHUSDT.PERP,SHORT,0.3443395226858121,0.5,0.0,0.5,458020.1010922591,Reward Abuse
"A_64a414bc30,A_9788666227",ETHUSDT.PERP,SHORT,0.3443395226858121,0.5,0.0,0.5,458020.1010922591,Reward Abuse
"A_64a414bc30,A_9788666227",ETHUSDT.PERP,SHORT,0.3443395226858121,0.5,0.0,0.5,458020.1010922591,Reward Abuse
"A_64a414bc30,A_9788666227",ETHUSDT.PERP,SHORT,0.3443395226858121,0.5,0.0,0.5,458020.1010922591,Reward Abuse
"A_64a414bc30,A_9788666227",ETHUSDT.PERP,SHORT,0.3443395226858121,0.5,0.0,0.5,458020.1010922591,Reward Abuse
"A_64a414bc30,A_9788666227",ETHUSDT.PERP,SHORT,0.3443395226858121,0.5,0.0,0.5,458020.1010922591,Reward Abuse
"A_64a414bc30,A_9788666227",ETHUSDT.PERP,SHORT,0.3443395226858121,0.5,0.0,0.5,458020.1010922591,Reward Abuse
"A_64a414bc30,A_9788666227",ETHUSDT.PERP,SHORT,0.3443395226858121,0.5,0.0,0.5,458020.1010922591,Reward Abuse
"A_64a414bc30,A_9788666227",ETHUSDT.PERP,SHORT,0.3443395226858121,0.5,0.0,0.5,458020.1010922591,Reward Abuse
"A_64a414bc30,A_9788666227",ETHUSDT.PERP,SHORT,0.3443395226858121,0.5,0.0,0.5,458020.1010922591,Reward Abuse
"A_64a414bc30,A_9788666227",ETHUSDT.PERP,SHORT,0.3443395226858121,0.5,0.0,0.5,458020.1010922591,Reward Abuse
"A_64a414bc30,A_9788666227",ETHUSDT.PERP,SHORT,0.3443395226858121,0.5,0.0,0.5,458020.1010922591,Reward Abuse
"A_64a414bc30,A_9788666227",ETHUSDT.PERP,SHORT,0.3443395226858121,0.5,0.0,0.5,458020.1010922591,Reward Abuse
"A_64a414bc30,A_9788666227",ETHUSDT.PERP,SHORT,0.3443395226858121,0.5,0.0,0.5,458020.1010922591,Reward Abuse
"A_64a414bc30,A_9788666227",ETHUSDT.PERP,SHORT,0.3443395226858121,0.5,0.0,0.5,458020.1010922591,Reward Abuse
"A_64a414bc30,A_9788666227",ETHUSDT.PERP,SHORT,0.3443395226858121,0.5,0.0,0.5,458020.1010922591,Reward Abuse
"A_64a414bc30,A_9788666227",ETHUSDT.PERP,SHORT,0.3443395226858121,0.5,0.0,0.5,458020.1010922591,Reward Abuse
"A_64a414bc30,A_9788666227",ETHUSDT.PERP,SHORT,0.3443395226858121,0.5,0.0,0.5,458020.1010922591,Reward Abuse
"A_64a414bc30,A_9788666227",ETHUSDT.PERP,SHORT,0.3443395226858121,0.5,0.0,0.5,458020.1010922591,Reward Abuse
"A_64a414bc30,A_9788666227",ETHUSDT.PERP,SHORT,0.3443395226858121,0.5,0.0,0.5,458020.1010922591,Reward Abuse
"A_64a414bc30,A_9788666227",ETHUSDT.PERP,SHORT,0.3443395226858121,0.5,0.0,0.5,458020.1010922591,Reward Abuse
"A_64a414bc30,A_9788666227",ETHUSDT.PERP,SHORT,0.3443395226858121,0.5,0.0,0.5,458020.1010922591,Reward Abuse
"A_64a414bc30,A_9788666227",ETHUSDT.PERP,SHORT,0.3443395226858121,0.5,0.0,0.5,458020.1010922591,Reward Abuse
"A_64a414bc30,A_9788666227",ETHUSDT.PERP,SHORT,0.3443395226858121,0.5,0.0,0.5,458020.1010922591,Reward Abuse
"A_64a414bc30,A_9788666227",ETHUSDT.PERP,SHORT,0.3443395226858121,0.5,0.0,0.5,458020.1010922591,Reward Abuse
"A_64a414bc30,A_9788666227",ETHUSDT.PERP,SHORT,0.3443395226858121,0.5,0.0,0.5,458020.1010922591,Reward Abuse
"A_3943c4c480,A_9788666227",ETHUSDT.PERP,LONG,0.3443395226858121,0.5,0.0,0.5,455135.39295924804,Reward Abuse
"A_9788666227,A_ef035876f1",ETHUSDT.PERP,LONG,0.3443395226858121,0.5,0.0,0.5,454929.18568781466,Reward Abuse
"A_1a7c006b71,A_9788666227",ETHUSDT.PERP,SHORT,0.3443395226858121,0.5,0.0,0.5,451417.99619304447,Reward Abuse
"A_1b6957bd93,A_507a86d368",BTCUSDT.PERP,LONG,0.3443395226858121,0.5,0.0,0.5,381930.83844140894,Reward Abuse
"A_1b6957bd93,A_507a86d368",BTCUSDT.PERP,LONG,0.3443395226858121,0.5,0.0,0.5,381930.83844140894,Reward Abuse
"A_1b6957bd93,A_507a86d368",BTCUSDT.PERP,LONG,0.3443395226858121,0.5,0.0,0.5,381930.83844140894,Reward Abuse
"A_27fd29fd55,A_507a86d368",BTCUSDT.PERP,LONG,0.3443395226858121,0.5,0.0,0.5,336765.3660730438,Reward Abuse
"A_27fd29fd55,A_507a86d368",BTCUSDT.PERP,SHORT,0.3443395226858121,0.5,0.0,0.5,336765.3660730438,Reward Abuse
"A_27fd29fd55,A_507a86d368",BTCUSDT.PERP,SHORT,0.3443395226858121,0.5,0.0,0.5,336765.3660730438,Reward Abuse
"A_1b6957bd93,A_f2ab53d645",BTCUSDT.PERP,SHORT,0.3443395226858121,0.5,0.0,0.5,246813.80458737724,Reward Abuse
"A_33849d660b,A_c668740478",BTCUSDT.PERP,SHORT,0.3443395226858121,0.5,0.0,0.5,130537.9346962918,Reward Abuse
"A_60a63690ae,A_c462ca9c6b",ETHUSDT.PERP,LONG,0.3443395226858121,0.5,0.0,0.5,93949.95791717284,Reward Abuse
"A_60a63690ae,A_e27beda014",BTCUSDT.PERP,LONG,0.3443395226858121,0.5,0.0,0.5,75703.18313865704,Reward Abuse
"A_60a63690ae,A_e27beda014",BTCUSDT.PERP,LONG,0.3443395226858121,0.5,0.0,0.5,75703.18313865704,Reward Abuse
"A_60a63690ae,A_6960c2ee08",BTCUSDT.PERP,LONG,0.3443395226858121,0.5,0.0,0.5,75700.09629027784,Reward Abuse
"A_60a63690ae,A_6960c2ee08",BTCUSDT.PERP,LONG,0.3443395226858121,0.5,0.0,0.5,75700.09629027784,Reward Abuse
"A_60a63690ae,A_6960c2ee08",BTCUSDT.PERP,LONG,0.3443395226858121,0.5,0.0,0.5,75700.09629027784,Reward Abuse
"A_3943c4c480,A_60a63690ae",BTCUSDT.PERP,LONG,0.3443395226858121,0.5,0.0,0.5,75503.59631715761,Reward Abuse
"A_3943c4c480,A_60a63690ae",BTCUSDT.PERP,LONG,0.3443395226858121,0.5,0.0,0.5,75503.59631715761,Reward Abuse
"A_3943c4c480,A_60a63690ae",BTCUSDT.PERP,LONG,0.3443395226858121,0.5,0.0,0.5,75503.59631715761,Reward Abuse
"A_60a63690ae,A_7620582c70",BTCUSDT.PERP,SHORT,0.3443395226858121,0.5,0.0,0.5,75311.99418540904,Reward Abuse
"A_60a63690ae,A_7620582c70",BTCUSDT.PERP,SHORT,0.3443395226858121,0.5,0.0,0.5,75311.99418540904,Reward Abuse
"A_60a63690ae,A_853f70d58b",BTCUSDT.PERP,LONG,0.3443395226858121,0.5,0.0,0.5,74785.58939473034,Reward Abuse
"A_60a63690ae,A_ace0a74506",BTCUSDT.PERP,LONG,0.3443395226858121,0.5,0.0,0.5,72668.0143392317,Reward Abuse
"A_60a63690ae,A_ace0a74506",BTCUSDT.PERP,LONG,0.3443395226858121,0.5,0.0,0.5,72668.0143392317,Reward Abuse
"A_68f6513965,A_e8e9d04acc",ETHUSDT.PERP,SHORT,0.3443395226858121,0.5,0.0,0.5,50589.091700967256,Reward Abuse
"A_dae7cf0dd9,A_e8e9d04acc",ETHUSDT.PERP,LONG,0.3443395226858121,0.5,0.0,0.5,50403.3177776984,Reward Abuse
"A_dae7cf0dd9,A_e8e9d04acc",ETHUSDT.PERP,LONG,0.3443395226858121,0.5,0.0,0.5,50403.3177776984,Reward Abuse
"A_dae7cf0dd9,A_e8e9d04acc",ETHUSDT.PERP,LONG,0.3443395226858121,0.5,0.0,0.5,50403.3177776984,Reward Abuse
"A_dae7cf0dd9,A_e8e9d04acc",ETHUSDT.PERP,LONG,0.3443395226858121,0.5,0.0,0.5,50403.3177776984,Reward Abuse
"A_dae7cf0dd9,A_e8e9d04acc",ETHUSDT.PERP,LONG,0.3443395226858121,0.5,0.0,0.5,50403.3177776984,Reward Abuse
"A_dae7cf0dd9,A_e8e9d04acc",ETHUSDT.PERP,LONG,0.3443395226858121,0.5,0.0,0.5,50403.3177776984,Reward Abuse
"A_dae7cf0dd9,A_e8e9d04acc",ETHUSDT.PERP,LONG,0.3443395226858121,0.5,0.0,0.5,50403.3177776984,Reward Abuse
"A_dae7cf0dd9,A_e8e9d04acc",ETHUSDT.PERP,LONG,0.3443395226858121,0.5,0.0,0.5,50403.3177776984,Reward Abuse
"A_dae7cf0dd9,A_e8e9d04acc",ETHUSDT.PERP,LONG,0.3443395226858121,0.5,0.0,0.5,50403.3177776984,Reward Abuse
"A_64a414bc30,A_e8e9d04acc",ETHUSDT.PERP,SHORT,0.3443395226858121,0.5,0.0,0.5,46003.2591920132,Reward Abuse
"A_64a414bc30,A_e8e9d04acc",ETHUSDT.PERP,SHORT,0.3443395226858121,0.5,0.0,0.5,46003.2591920132,Reward Abuse
"A_64a414bc30,A_e8e9d04acc",ETHUSDT.PERP,SHORT,0.3443395226858121,0.5,0.0,0.5,46003.2591920132,Reward Abuse
"A_78e950c1a2,A_e8e9d04acc",BTCUSDT.PERP,LONG,0.3443395226858121,0.5,0.0,0.5,42863.15024055812,Reward Abuse
"A_78e950c1a2,A_e8e9d04acc",BTCUSDT.PERP,SHORT,0.3443395226858121,0.5,0.0,0.5,42863.15024055812,Reward Abuse
"A_78e950c1a2,A_e8e9d04acc",BTCUSDT.PERP,SHORT,0.3443395226858121,0.5,0.0,0.5,42863.15024055812,Reward Abuse
"A_78e950c1a2,A_e8e9d04acc",BTCUSDT.PERP,SHORT,0.3443395226858121,0.5,0.0,0.5,42863.15024055812,Reward Abuse
"A_78e950c1a2,A_e8e9d04acc",BTCUSDT.PERP,SHORT,0.3443395226858121,0.5,0.0,0.5,42863.15024055812,Reward Abuse
"A_78e950c1a2,A_e8e9d04acc",BTCUSDT.PERP,SHORT,0.3443395226858121,0.5,0.0,0.5,42863.15024055812,Reward Abuse
"A_78e950c1a2,A_e8e9d04acc",BTCUSDT.PERP,SHORT,0.3443395226858121,0.5,0.0,0.5,42863.15024055812,Reward Abuse
"A_2ba62f7b20,A_60a63690ae",BTCUSDT.PERP,LONG,0.3443395226858121,0.5,0.0,0.5,27673.603217785894,Reward Abuse
"A_2ba62f7b20,A_60a63690ae",BTCUSDT.PERP,LONG,0.3443395226858121,0.5,0.0,0.5,27673.603217785894,Reward Abuse
"A_2ba62f7b20,A_60a63690ae",BTCUSDT.PERP,LONG,0.3443395226858121,0.5,0.0,0.5,27673.603217785894,Reward Abuse
"A_2ba62f7b20,A_60a63690ae",BTCUSDT.PERP,LONG,0.3443395226858121,0.5,0.0,0.5,27673.603217785894,Reward Abuse
"A_2ba62f7b20,A_60a63690ae",BTCUSDT.PERP,LONG,0.3443395226858121,0.5,0.0,0.5,27673.603217785894,Reward Abuse
"A_3cab2969e5,A_c462ca9c6b",ETHUSDT.PERP,SHORT,0.3443395226858121,0.5,0.0,0.5,25652.711180220605,Reward Abuse
"A_3cab2969e5,A_c462ca9c6b",ETHUSDT.PERP,SHORT,0.3443395226858121,0.5,0.0,0.5,25652.711180220605,Reward Abuse
"A_3cab2969e5,A_c462ca9c6b",ETHUSDT.PERP,SHORT,0.3443395226858121,0.5,0.0,0.5,25652.711180220605,Reward Abuse
"A_3cab2969e5,A_c462ca9c6b",ETHUSDT.PERP,SHORT,0.3443395226858121,0.5,0.0,0.5,25652.711180220605,Reward Abuse
"A_3cab2969e5,A_c462ca9c6b",ETHUSDT.PERP,SHORT,0.3443395226858121,0.5,0.0,0.5,25652.711180220605,Reward Abuse
"A_3cab2969e5,A_c462ca9c6b",ETHUSDT.PERP,SHORT,0.3443395226858121,0.5,0.0,0.5,25652.711180220605,Reward Abuse
"A_3cab2969e5,A_c462ca9c6b",ETHUSDT.PERP,SHORT,0.3443395226858121,0.5,0.0,0.5,25652.711180220605,Reward Abuse
"A_c462ca9c6b,A_ebdb869fd3",ETHUSDT.PERP,LONG,0.3443395226858121,0.5,0.0,0.5,18992.576182076395,Reward Abuse
"A_c462ca9c6b,A_e27beda014",ETHUSDT.PERP,LONG,0.3443395226858121,0.5,0.0,0.5,18927.55534641181,Reward Abuse
"A_c462ca9c6b,A_e27beda014",ETHUSDT.PERP,SHORT,0.3443395226858121,0.5,0.0,0.5,18927.55534641181,Reward Abuse
"A_4943ad62b4,A_c462ca9c6b",ETHUSDT.PERP,SHORT,0.3443395226858121,0.5,0.0,0.5,18839.847205240847,Reward Abuse
"A_3943c4c480,A_c462ca9c6b",ETHUSDT.PERP,LONG,0.3443395226858121,0.5,0.0,0.5,18727.968524912383,Reward Abuse
"A_3943c4c480,A_c462ca9c6b",ETHUSDT.PERP,LONG,0.3443395226858121,0.5,0.0,0.5,18727.968524912383,Reward Abuse
"A_3943c4c480,A_c462ca9c6b",ETHUSDT.PERP,LONG,0.3443395226858121,0.5,0.0,0.5,18727.968524912383,Reward Abuse
"A_3943c4c480,A_c462ca9c6b",ETHUSDT.PERP,SHORT,0.3443395226858121,0.5,0.0,0.5,18727.968524912383,Reward Abuse
"A_3943c4c480,A_c462ca9c6b",ETHUSDT.PERP,SHORT,0.3443395226858121,0.5,0.0,0.5,18727.968524912383,Reward Abuse
"A_5cd5d675fd,A_c462ca9c6b",ETHUSDT.PERP,LONG,0.3443395226858121,0.5,0.0,0.5,18726.621825242295,Reward Abuse
"A_5cd5d675fd,A_c462ca9c6b",ETHUSDT.PERP,LONG,0.3443395226858121,0.5,0.0,0.5,18726.621825242295,Reward Abuse
"A_5cd5d675fd,A_c462ca9c6b",ETHUSDT.PERP,LONG,0.3443395226858121,0.5,0.0,0.5,18726.621825242295,Reward Abuse
"A_5cd5d675fd,A_c462ca9c6b",ETHUSDT.PERP,LONG,0.3443395226858121,0.5,0.0,0.5,18726.621825242295,Reward Abuse
"A_5cd5d675fd,A_c462ca9c6b",ETHUSDT.PERP,LONG,0.3443395226858121,0.5,0.0,0.5,18726.621825242295,Reward Abuse
"A_5cd5d675fd,A_c462ca9c6b",ETHUSDT.PERP,LONG,0.3443395226858121,0.5,0.0,0.5,18726.621825242295,Reward Abuse
"A_5cd5d675fd,A_c462ca9c6b",ETHUSDT.PERP,LONG,0.3443395226858121,0.5,0.0,0.5,18726.621825242295,Reward Abuse
"A_5cd5d675fd,A_c462ca9c6b",ETHUSDT.PERP,SHORT,0.3443395226858121,0.5,0.0,0.5,18726.621825242295,Reward Abuse
"A_5cd5d675fd,A_c462ca9c6b",ETHUSDT.PERP,SHORT,0.3443395226858121,0.5,0.0,0.5,18726.621825242295,Reward Abuse
"A_5cd5d675fd,A_c462ca9c6b",ETHUSDT.PERP,SHORT,0.3443395226858121,0.5,0.0,0.5,18726.621825242295,Reward Abuse
"A_5cd5d675fd,A_c462ca9c6b",ETHUSDT.PERP,SHORT,0.3443395226858121,0.5,0.0,0.5,18726.621825242295,Reward Abuse
"A_5cd5d675fd,A_c462ca9c6b",ETHUSDT.PERP,SHORT,0.3443395226858121,0.5,0.0,0.5,18726.621825242295,Reward Abuse
"A_5cd5d675fd,A_c462ca9c6b",ETHUSDT.PERP,SHORT,0.3443395226858121,0.5,0.0,0.5,18726.621825242295,Reward Abuse
"A_5cd5d675fd,A_c462ca9c6b",ETHUSDT.PERP,SHORT,0.3443395226858121,0.5,0.0,0.5,18726.621825242295,Reward Abuse
"A_5cd5d675fd,A_c462ca9c6b",ETHUSDT.PERP,SHORT,0.3443395226858121,0.5,0.0,0.5,18726.621825242295,Reward Abuse
"A_5cd5d675fd,A_c462ca9c6b",ETHUSDT.PERP,SHORT,0.3443395226858121,0.5,0.0,0.5,18726.621825242295,Reward Abuse
"A_5cd5d675fd,A_c462ca9c6b",ETHUSDT.PERP,SHORT,0.3443395226858121,0.5,0.0,0.5,18726.621825242295,Reward Abuse
"A_5cd5d675fd,A_c462ca9c6b",ETHUSDT.PERP,SHORT,0.3443395226858121,0.5,0.0,0.5,18726.621825242295,Reward Abuse
"A_5cd5d675fd,A_c462ca9c6b",ETHUSDT.PERP,SHORT,0.3443395226858121,0.5,0.0,0.5,18726.621825242295,Reward Abuse
"A_5cd5d675fd,A_c462ca9c6b",ETHUSDT.PERP,SHORT,0.3443395226858121,0.5,0.0,0.5,18726.621825242295,Reward Abuse
"A_5cd5d675fd,A_c462ca9c6b",ETHUSDT.PERP,SHORT,0.3443395226858121,0.5,0.0,0.5,18726.621825242295,Reward Abuse
"A_5cd5d675fd,A_c462ca9c6b",ETHUSDT.PERP,SHORT,0.3443395226858121,0.5,0.0,0.5,18726.621825242295,Reward Abuse
"A_5cd5d675fd,A_c462ca9c6b",ETHUSDT.PERP,SHORT,0.3443395226858121,0.5,0.0,0.5,18726.621825242295,Reward Abuse
"A_9366ce5043,A_c462ca9c6b",ETHUSDT.PERP,LONG,0.3443395226858121,0.5,0.0,0.5,18644.438377647795,Reward Abuse
"A_9366ce5043,A_c462ca9c6b",ETHUSDT.PERP,LONG,0.3443395226858121,0.5,0.0,0.5,18644.438377647795,Reward Abuse
"A_94cf7bdada,A_c462ca9c6b",ETHUSDT.PERP,SHORT,0.3443395226858121,0.5,0.0,0.5,18600.678269098647,Reward Abuse
"A_94cf7bdada,A_c462ca9c6b",ETHUSDT.PERP,SHORT,0.3443395226858121,0.5,0.0,0.5,18600.678269098647,Reward Abuse
"A_94cf7bdada,A_c462ca9c6b",ETHUSDT.PERP,SHORT,0.3443395226858121,0.5,0.0,0.5,18600.678269098647,Reward Abuse
"A_94cf7bdada,A_c462ca9c6b",ETHUSDT.PERP,SHORT,0.3443395226858121,0.5,0.0,0.5,18600.678269098647,Reward Abuse
"A_9a5e1e7fac,A_c462ca9c6b",ETHUSDT.PERP,LONG,0.3443395226858121,0.5,0.0,0.5,18466.96495006798,Reward Abuse
"A_9a5e1e7fac,A_c462ca9c6b",ETHUSDT.PERP,LONG,0.3443395226858121,0.5,0.0,0.5,18466.96495006798,Reward Abuse
"A_9a5e1e7fac,A_c462ca9c6b",ETHUSDT.PERP,LONG,0.3443395226858121,0.5,0.0,0.5,18466.96495006798,Reward Abuse
"A_68f6513965,A_dae7cf0dd9",ETHUSDT.PERP,LONG,0.3443395226858121,0.5,0.0,0.5,15036.914285558603,Reward Abuse
"A_68f6513965,A_dae7cf0dd9",ETHUSDT.PERP,LONG,0.3443395226858121,0.5,0.0,0.5,15036.914285558603,Reward Abuse
"A_68f6513965,A_dae7cf0dd9",ETHUSDT.PERP,LONG,0.3443395226858121,0.5,0.0,0.5,15036.914285558603,Reward Abuse
"A_68f6513965,A_dae7cf0dd9",ETHUSDT.PERP,LONG,0.3443395226858121,0.5,0.0,0.5,15036.914285558603,Reward Abuse
"A_68f6513965,A_dae7cf0dd9",ETHUSDT.PERP,LONG,0.3443395226858121,0.5,0.0,0.5,15036.914285558603,Reward Abuse
"A_68f6513965,A_dae7cf0dd9",ETHUSDT.PERP,LONG,0.3443395226858121,0.5,0.0,0.5,15036.914285558603,Reward Abuse
"A_68f6513965,A_dae7cf0dd9",ETHUSDT.PERP,LONG,0.3443395226858121,0.5,0.0,0.5,15036.914285558603,Reward Abuse
"A_68f6513965,A_dae7cf0dd9",ETHUSDT.PERP,LONG,0.3443395226858121,0.5,0.0,0.5,15036.914285558603,Reward Abuse
"A_68f6513965,A_dae7cf0dd9",ETHUSDT.PERP,LONG,0.3443395226858121,0.5,0.0,0.5,15036.914285558603,Reward Abuse
"A_68f6513965,A_dae7cf0dd9",ETHUSDT.PERP,LONG,0.3443395226858121,0.5,0.0,0.5,15036.914285558603,Reward Abuse
"A_68f6513965,A_dae7cf0dd9",ETHUSDT.PERP,LONG,0.3443395226858121,0.5,0.0,0.5,15036.914285558603,Reward Abuse
"A_68f6513965,A_dae7cf0dd9",ETHUSDT.PERP,LONG,0.3443395226858121,0.5,0.0,0.5,15036.914285558603,Reward Abuse
"A_68f6513965,A_dae7cf0dd9",ETHUSDT.PERP,SHORT,0.3443395226858121,0.5,0.0,0.5,15036.914285558603,Reward Abuse
"A_68f6513965,A_dae7cf0dd9",ETHUSDT.PERP,SHORT,0.3443395226858121,0.5,0.0,0.5,15036.914285558603,Reward Abuse
"A_68f6513965,A_dae7cf0dd9",ETHUSDT.PERP,SHORT,0.3443395226858121,0.5,0.0,0.5,15036.914285558603,Reward Abuse
"A_68f6513965,A_dae7cf0dd9",ETHUSDT.PERP,SHORT,0.3443395226858121,0.5,0.0,0.5,15036.914285558603,Reward Abuse
"A_68f6513965,A_dae7cf0dd9",ETHUSDT.PERP,SHORT,0.3443395226858121,0.5,0.0,0.5,15036.914285558603,Reward Abuse
"A_64a414bc30,A_68f6513965",ETHUSDT.PERP,LONG,0.3443395226858121,0.5,0.0,0.5,10636.855699873408,Reward Abuse
"A_64a414bc30,A_68f6513965",ETHUSDT.PERP,LONG,0.3443395226858121,0.5,0.0,0.5,10636.855699873408,Reward Abuse
"A_64a414bc30,A_68f6513965",ETHUSDT.PERP,LONG,0.3443395226858121,0.5,0.0,0.5,10636.855699873408,Reward Abuse
"A_64a414bc30,A_68f6513965",ETHUSDT.PERP,LONG,0.3443395226858121,0.5,0.0,0.5,10636.855699873408,Reward Abuse
"A_64a414bc30,A_68f6513965",ETHUSDT.PERP,LONG,0.3443395226858121,0.5,0.0,0.5,10636.855699873408,Reward Abuse
"A_64a414bc30,A_68f6513965",ETHUSDT.PERP,LONG,0.3443395226858121,0.5,0.0,0.5,10636.855699873408,Reward Abuse
"A_64a414bc30,A_68f6513965",ETHUSDT.PERP,LONG,0.3443395226858121,0.5,0.0,0.5,10636.855699873408,Reward Abuse
"A_64a414bc30,A_68f6513965",ETHUSDT.PERP,LONG,0.3443395226858121,0.5,0.0,0.5,10636.855699873408,Reward Abuse
"A_64a414bc30,A_68f6513965",ETHUSDT.PERP,LONG,0.3443395226858121,0.5,0.0,0.5,10636.855699873408,Reward Abuse
"A_64a414bc30,A_68f6513965",ETHUSDT.PERP,LONG,0.3443395226858121,0.5,0.0,0.5,10636.855699873408,Reward Abuse
"A_64a414bc30,A_68f6513965",ETHUSDT.PERP,LONG,0.3443395226858121,0.5,0.0,0.5,10636.855699873408,Reward Abuse
"A_64a414bc30,A_68f6513965",ETHUSDT.PERP,LONG,0.3443395226858121,0.5,0.0,0.5,10636.855699873408,Reward Abuse
"A_64a414bc30,A_68f6513965",ETHUSDT.PERP,LONG,0.3443395226858121,0.5,0.0,0.5,10636.855699873408,Reward Abuse
"A_64a414bc30,A_68f6513965",ETHUSDT.PERP,LONG,0.3443395226858121,0.5,0.0,0.5,10636.855699873408,Reward Abuse
"A_64a414bc30,A_68f6513965",ETHUSDT.PERP,LONG,0.3443395226858121,0.5,0.0,0.5,10636.855699873408,Reward Abuse
"A_64a414bc30,A_68f6513965",ETHUSDT.PERP,LONG,0.3443395226858121,0.5,0.0,0.5,10636.855699873408,Reward Abuse
"A_64a414bc30,A_68f6513965",ETHUSDT.PERP,LONG,0.3443395226858121,0.5,0.0,0.5,10636.855699873408,Reward Abuse
"A_64a414bc30,A_68f6513965",ETHUSDT.PERP,LONG,0.3443395226858121,0.5,0.0,0.5,10636.855699873408,Reward Abuse
"A_64a414bc30,A_68f6513965",ETHUSDT.PERP,LONG,0.3443395226858121,0.5,0.0,0.5,10636.855699873408,Reward Abuse
"A_64a414bc30,A_68f6513965",ETHUSDT.PERP,LONG,0.3443395226858121,0.5,0.0,0.5,10636.855699873408,Reward Abuse
"A_64a414bc30,A_68f6513965",ETHUSDT.PERP,LONG,0.3443395226858121,0.5,0.0,0.5,10636.855699873408,Reward Abuse
"A_64a414bc30,A_68f6513965",ETHUSDT.PERP,LONG,0.3443395226858121,0.5,0.0,0.5,10636.855699873408,Reward Abuse
"A_64a414bc30,A_68f6513965",ETHUSDT.PERP,SHORT,0.3443395226858121,0.5,0.0,0.5,10636.855699873408,Reward Abuse
"A_64a414bc30,A_68f6513965",ETHUSDT.PERP,SHORT,0.3443395226858121,0.5,0.0,0.5,10636.855699873408,Reward Abuse
"A_64a414bc30,A_68f6513965",ETHUSDT.PERP,SHORT,0.3443395226858121,0.5,0.0,0.5,10636.855699873408,Reward Abuse
"A_64a414bc30,A_68f6513965",ETHUSDT.PERP,SHORT,0.3443395226858121,0.5,0.0,0.5,10636.855699873408,Reward Abuse
"A_64a414bc30,A_68f6513965",ETHUSDT.PERP,SHORT,0.3443395226858121,0.5,0.0,0.5,10636.855699873408,Reward Abuse
"A_64a414bc30,A_68f6513965",ETHUSDT.PERP,SHORT,0.3443395226858121,0.5,0.0,0.5,10636.855699873408,Reward Abuse
"A_64a414bc30,A_68f6513965",ETHUSDT.PERP,SHORT,0.3443395226858121,0.5,0.0,0.5,10636.855699873408,Reward Abuse
"A_64a414bc30,A_68f6513965",ETHUSDT.PERP,SHORT,0.3443395226858121,0.5,0.0,0.5,10636.855699873408,Reward Abuse
"A_64a414bc30,A_68f6513965",ETHUSDT.PERP,SHORT,0.3443395226858121,0.5,0.0,0.5,10636.855699873408,Reward Abuse
"A_64a414bc30,A_68f6513965",ETHUSDT.PERP,SHORT,0.3443395226858121,0.5,0.0,0.5,10636.855699873408,Reward Abuse
"A_64a414bc30,A_68f6513965",ETHUSDT.PERP,SHORT,0.3443395226858121,0.5,0.0,0.5,10636.855699873408,Reward Abuse
"A_64a414bc30,A_68f6513965",ETHUSDT.PERP,SHORT,0.3443395226858121,0.5,0.0,0.5,10636.855699873408,Reward Abuse
"A_64a414bc30,A_68f6513965",ETHUSDT.PERP,SHORT,0.3443395226858121,0.5,0.0,0.5,10636.855699873408,Reward Abuse
"A_64a414bc30,A_68f6513965",ETHUSDT.PERP,SHORT,0.3443395226858121,0.5,0.0,0.5,10636.855699873408,Reward Abuse
"A_64a414bc30,A_68f6513965",ETHUSDT.PERP,SHORT,0.3443395226858121,0.5,0.0,0.5,10636.855699873408,Reward Abuse
"A_64a414bc30,A_68f6513965",ETHUSDT.PERP,SHORT,0.3443395226858121,0.5,0.0,0.5,10636.855699873408,Reward Abuse
"A_64a414bc30,A_68f6513965",ETHUSDT.PERP,SHORT,0.3443395226858121,0.5,0.0,0.5,10636.855699873408,Reward Abuse
"A_64a414bc30,A_68f6513965",ETHUSDT.PERP,SHORT,0.3443395226858121,0.5,0.0,0.5,10636.855699873408,Reward Abuse
"A_64a414bc30,A_68f6513965",ETHUSDT.PERP,SHORT,0.3443395226858121,0.5,0.0,0.5,10636.855699873408,Reward Abuse
"A_64a414bc30,A_68f6513965",ETHUSDT.PERP,SHORT,0.3443395226858121,0.5,0.0,0.5,10636.855699873408,Reward Abuse
"A_64a414bc30,A_68f6513965",ETHUSDT.PERP,SHORT,0.3443395226858121,0.5,0.0,0.5,10636.855699873408,Reward Abuse
"A_64a414bc30,A_68f6513965",ETHUSDT.PERP,SHORT,0.3443395226858121,0.5,0.0,0.5,10636.855699873408,Reward Abuse
"A_64a414bc30,A_68f6513965",ETHUSDT.PERP,SHORT,0.3443395226858121,0.5,0.0,0.5,10636.855699873408,Reward Abuse
"A_64a414bc30,A_68f6513965",ETHUSDT.PERP,SHORT,0.3443395226858121,0.5,0.0,0.5,10636.855699873408,Reward Abuse
"A_64a414bc30,A_68f6513965",ETHUSDT.PERP,SHORT,0.3443395226858121,0.5,0.0,0.5,10636.855699873408,Reward Abuse
"A_64a414bc30,A_68f6513965",ETHUSDT.PERP,SHORT,0.3443395226858121,0.5,0.0,0.5,10636.855699873408,Reward Abuse
"A_64a414bc30,A_68f6513965",ETHUSDT.PERP,SHORT,0.3443395226858121,0.5,0.0,0.5,10636.855699873408,Reward Abuse
"A_64a414bc30,A_dae7cf0dd9",ETHUSDT.PERP,SHORT,0.3443395226858121,0.5,0.0,0.5,10451.081776604555,Reward Abuse
"A_64a414bc30,A_dae7cf0dd9",ETHUSDT.PERP,SHORT,0.3443395226858121,0.5,0.0,0.5,10451.081776604555,Reward Abuse
"A_3cab2969e5,A_89cf7b96c2",BTCUSDT.PERP,LONG,0.3443395226858121,0.5,0.0,0.5,8647.631475931285,Reward Abuse
"A_3cab2969e5,A_89cf7b96c2",BTCUSDT.PERP,LONG,0.3443395226858121,0.5,0.0,0.5,8647.631475931285,Reward Abuse
"A_7ba723a337,A_ef035876f1",1000BONKUSDT.PERP,LONG,0.3443395226858121,0.5,0.5,0.0,8550.8662254794,Funding Manipulation
"A_68f6513965,A_78e950c1a2",BTCUSDT.PERP,LONG,0.3443395226858121,0.5,0.0,0.5,7496.746748418325,Reward Abuse
"A_68f6513965,A_78e950c1a2",BTCUSDT.PERP,LONG,0.3443395226858121,0.5,0.0,0.5,7496.746748418325,Reward Abuse
"A_68f6513965,A_78e950c1a2",BTCUSDT.PERP,LONG,0.3443395226858121,0.5,0.0,0.5,7496.746748418325,Reward Abuse
"A_68f6513965,A_78e950c1a2",BTCUSDT.PERP,LONG,0.3443395226858121,0.5,0.0,0.5,7496.746748418325,Reward Abuse
"A_68f6513965,A_78e950c1a2",BTCUSDT.PERP,LONG,0.3443395226858121,0.5,0.0,0.5,7496.746748418325,Reward Abuse
"A_94cf7bdada,A_dae7cf0dd9",ETHUSDT.PERP,LONG,0.3443395226858121,0.5,0.5,0.0,7439.083387779716,Funding Manipulation
"A_94cf7bdada,A_dae7cf0dd9",ETHUSDT.PERP,LONG,0.3443395226858121,0.5,0.5,0.0,7439.083387779716,Funding Manipulation
"A_94cf7bdada,A_dae7cf0dd9",ETHUSDT.PERP,LONG,0.3443395226858121,0.5,0.5,0.0,7439.083387779716,Funding Manipulation
"A_94cf7bdada,A_dae7cf0dd9",ETHUSDT.PERP,LONG,0.3443395226858121,0.5,0.5,0.0,7439.083387779716,Funding Manipulation
"A_94cf7bdada,A_dae7cf0dd9",ETHUSDT.PERP,SHORT,0.3443395226858121,0.5,0.5,0.0,7439.083387779716,Funding Manipulation
"A_94cf7bdada,A_dae7cf0dd9",ETHUSDT.PERP,SHORT,0.3443395226858121,0.5,0.5,0.0,7439.083387779716,Funding Manipulation
"A_94cf7bdada,A_dae7cf0dd9",ETHUSDT.PERP,SHORT,0.3443395226858121,0.5,0.5,0.0,7439.083387779716,Funding Manipulation
"A_3cab2969e5,A_4943ad62b4",BTCUSDT.PERP,LONG,0.3443395226858121,0.5,0.0,0.5,7318.228260533841,Reward Abuse
"A_3cab2969e5,A_4943ad62b4",BTCUSDT.PERP,LONG,0.3443395226858121,0.5,0.0,0.5,7318.228260533841,Reward Abuse
"A_3cab2969e5,A_4943ad62b4",BTCUSDT.PERP,LONG,0.3443395226858121,0.5,0.0,0.5,7318.228260533841,Reward Abuse
"A_3943c4c480,A_3cab2969e5",ETHUSDT.PERP,LONG,0.3443395226858121,0.5,0.0,0.5,7206.349580205378,Reward Abuse
"A_3943c4c480,A_3cab2969e5",ETHUSDT.PERP,LONG,0.3443395226858121,0.5,0.0,0.5,7206.349580205378,Reward Abuse
"A_3943c4c480,A_3cab2969e5",ETHUSDT.PERP,LONG,0.3443395226858121,0.5,0.0,0.5,7206.349580205378,Reward Abuse
"A_3cab2969e5,A_5cd5d675fd",ETHUSDT.PERP,LONG,0.3443395226858121,0.5,0.0,0.5,7205.0028805352895,Reward Abuse
"A_3cab2969e5,A_5cd5d675fd",ETHUSDT.PERP,LONG,0.3443395226858121,0.5,0.0,0.5,7205.0028805352895,Reward Abuse
"A_3cab2969e5,A_5cd5d675fd",ETHUSDT.PERP,LONG,0.3443395226858121,0.5,0.0,0.5,7205.0028805352895,Reward Abuse
"A_3cab2969e5,A_5cd5d675fd",ETHUSDT.PERP,SHORT,0.3443395226858121,0.5,0.0,0.5,7205.0028805352895,Reward Abuse
"A_1a7c006b71,A_68f6513965",ETHUSDT.PERP,LONG,0.3443395226858121,0.5,0.0,0.5,4034.750800658727,Reward Abuse
"A_1a7c006b71,A_68f6513965",ETHUSDT.PERP,LONG,0.3443395226858121,0.5,0.0,0.5,4034.750800658727,Reward Abuse
"A_1a7c006b71,A_68f6513965",ETHUSDT.PERP,LONG,0.3443395226858121,0.5,0.0,0.5,4034.750800658727,Reward Abuse
"A_1a7c006b71,A_68f6513965",ETHUSDT.PERP,LONG,0.3443395226858121,0.5,0.0,0.5,4034.750800658727,Reward Abuse
"A_1a7c006b71,A_68f6513965",ETHUSDT.PERP,SHORT,0.3443395226858121,0.5,0.0,0.5,4034.750800658727,Reward Abuse
"A_1a7c006b71,A_68f6513965",ETHUSDT.PERP,SHORT,0.3443395226858121,0.5,0.0,0.5,4034.750800658727,Reward Abuse
"A_1a7c006b71,A_68f6513965",ETHUSDT.PERP,SHORT,0.3443395226858121,0.5,0.0,0.5,4034.750800658727,Reward Abuse
"A_1a7c006b71,A_68f6513965",ETHUSDT.PERP,SHORT,0.3443395226858121,0.5,0.0,0.5,4034.750800658727,Reward Abuse
"A_1a7c006b71,A_68f6513965",ETHUSDT.PERP,SHORT,0.3443395226858121,0.5,0.0,0.5,4034.750800658727,Reward Abuse
"A_1a7c006b71,A_68f6513965",ETHUSDT.PERP,SHORT,0.3443395226858121,0.5,0.0,0.5,4034.750800658727,Reward Abuse
"A_1a7c006b71,A_68f6513965",ETHUSDT.PERP,SHORT,0.3443395226858121,0.5,0.0,0.5,4034.750800658727,Reward Abuse
"A_1a7c006b71,A_dae7cf0dd9",ETHUSDT.PERP,LONG,0.3443395226858121,0.5,0.0,0.5,3848.976877389873,Reward Abuse
"A_1a7c006b71,A_dae7cf0dd9",ETHUSDT.PERP,LONG,0.3443395226858121,0.5,0.0,0.5,3848.976877389873,Reward Abuse
"A_1a7c006b71,A_dae7cf0dd9",ETHUSDT.PERP,LONG,0.3443395226858121,0.5,0.0,0.5,3848.976877389873,Reward Abuse
"A_1a7c006b71,A_dae7cf0dd9",ETHUSDT.PERP,LONG,0.3443395226858121,0.5,0.0,0.5,3848.976877389873,Reward Abuse
"A_1a7c006b71,A_dae7cf0dd9",ETHUSDT.PERP,SHORT,0.3443395226858121,0.5,0.0,0.5,3848.976877389873,Reward Abuse
"A_1a7c006b71,A_dae7cf0dd9",ETHUSDT.PERP,SHORT,0.3443395226858121,0.5,0.0,0.5,3848.976877389873,Reward Abuse
"A_1a7c006b71,A_dae7cf0dd9",ETHUSDT.PERP,SHORT,0.3443395226858121,0.5,0.0,0.5,3848.976877389873,Reward Abuse
"A_1a7c006b71,A_dae7cf0dd9",ETHUSDT.PERP,SHORT,0.3443395226858121,0.5,0.0,0.5,3848.976877389873,Reward Abuse
"A_1a7c006b71,A_dae7cf0dd9",ETHUSDT.PERP,SHORT,0.3443395226858121,0.5,0.0,0.5,3848.976877389873,Reward Abuse
"A_89cf7b96c2,A_e27beda014",BTCUSDT.PERP,LONG,0.3443395226858121,0.5,0.0,0.5,1922.4756421224906,Reward Abuse
"A_89cf7b96c2,A_e27beda014",BTCUSDT.PERP,LONG,0.3443395226858121,0.5,0.0,0.5,1922.4756421224906,Reward Abuse
"A_89cf7b96c2,A_e27beda014",BTCUSDT.PERP,LONG,0.3443395226858121,0.5,0.0,0.5,1922.4756421224906,Reward Abuse
"A_6960c2ee08,A_89cf7b96c2",BTCUSDT.PERP,LONG,0.3443395226858121,0.5,0.0,0.5,1919.388793743281,Reward Abuse
"A_6960c2ee08,A_89cf7b96c2",BTCUSDT.PERP,LONG,0.3443395226858121,0.5,0.0,0.5,1919.388793743281,Reward Abuse
"A_6960c2ee08,A_89cf7b96c2",BTCUSDT.PERP,LONG,0.3443395226858121,0.5,0.0,0.5,1919.388793743281,Reward Abuse
"A_6960c2ee08,A_89cf7b96c2",BTCUSDT.PERP,LONG,0.3443395226858121,0.5,0.0,0.5,1919.388793743281,Reward Abuse
"A_6960c2ee08,A_89cf7b96c2",BTCUSDT.PERP,LONG,0.3443395226858121,0.5,0.0,0.5,1919.388793743281,Reward Abuse
"A_6960c2ee08,A_89cf7b96c2",BTCUSDT.PERP,LONG,0.3443395226858121,0.5,0.0,0.5,1919.388793743281,Reward Abuse
"A_4943ad62b4,A_89cf7b96c2",BTCUSDT.PERP,LONG,0.3443395226858121,0.5,0.0,0.5,1834.7675009515276,Reward Abuse
"A_3943c4c480,A_89cf7b96c2",BTCUSDT.PERP,LONG,0.3443395226858121,0.5,0.0,0.5,1722.8888206230645,Reward Abuse
"A_3943c4c480,A_89cf7b96c2",BTCUSDT.PERP,LONG,0.3443395226858121,0.5,0.0,0.5,1722.8888206230645,Reward Abuse
"A_3943c4c480,A_89cf7b96c2",BTCUSDT.PERP,LONG,0.3443395226858121,0.5,0.0,0.5,1722.8888206230645,Reward Abuse
"A_3943c4c480,A_89cf7b96c2",BTCUSDT.PERP,LONG,0.3443395226858121,0.5,0.0,0.5,1722.8888206230645,Reward Abuse
"A_3943c4c480,A_89cf7b96c2",BTCUSDT.PERP,SHORT,0.3443395226858121,0.5,0.0,0.5,1722.8888206230645,Reward Abuse
"A_853f70d58b,A_89cf7b96c2",BTCUSDT.PERP,LONG,0.3443395226858121,0.5,0.0,0.5,1004.8818981957876,Reward Abuse
"A_6960c2ee08,A_e27beda014",BTCUSDT.PERP,LONG,0.3443395226858121,0.5,0.0,0.5,677.6937195167995,Reward Abuse
"A_6960c2ee08,A_e27beda014",BTCUSDT.PERP,LONG,0.3443395226858121,0.5,0.0,0.5,677.6937195167995,Reward Abuse
"A_6960c2ee08,A_e27beda014",BTCUSDT.PERP,LONG,0.3443395226858121,0.5,0.0,0.5,677.6937195167995,Reward Abuse
"A_6960c2ee08,A_e27beda014",BTCUSDT.PERP,LONG,0.3443395226858121,0.5,0.0,0.5,677.6937195167995,Reward Abuse
"A_6960c2ee08,A_e27beda014",BTCUSDT.PERP,LONG,0.3443395226858121,0.5,0.0,0.5,677.6937195167995,Reward Abuse
"A_6960c2ee08,A_e27beda014",BTCUSDT.PERP,LONG,0.3443395226858121,0.5,0.0,0.5,677.6937195167995,Reward Abuse
"A_4943ad62b4,A_ebdb869fd3",BTCUSDT.PERP,LONG,0.3443395226858121,0.5,0.0,0.5,658.0932623896291,Reward Abuse
"A_4943ad62b4,A_6960c2ee08",BTCUSDT.PERP,LONG,0.3443395226858121,0.5,0.0,0.5,589.9855783458368,Reward Abuse
"A_4943ad62b4,A_6960c2ee08",BTCUSDT.PERP,SHORT,0.3443395226858121,0.5,0.0,0.5,589.9855783458368,Reward Abuse
"A_3943c4c480,A_ebdb869fd3",BTCUSDT.PERP,SHORT,0.3443395226858121,0.5,0.0,0.5,546.2145820611659,Reward Abuse
"A_3943c4c480,A_e27beda014",BTCUSDT.PERP,LONG,0.3443395226858121,0.5,0.0,0.5,481.19374639658315,Reward Abuse
"A_3943c4c480,A_e27beda014",BTCUSDT.PERP,SHORT,0.3443395226858121,0.5,0.0,0.5,481.19374639658315,Reward Abuse
"A_3943c4c480,A_e27beda014",BTCUSDT.PERP,SHORT,0.3443395226858121,0.5,0.0,0.5,481.19374639658315,Reward Abuse
"A_3943c4c480,A_e27beda014",BTCUSDT.PERP,SHORT,0.3443395226858121,0.5,0.0,0.5,481.19374639658315,Reward Abuse
"A_3943c4c480,A_6960c2ee08",BTCUSDT.PERP,LONG,0.3443395226858121,0.5,0.0,0.5,478.1068980173735,Reward Abuse
"A_3943c4c480,A_6960c2ee08",BTCUSDT.PERP,LONG,0.3443395226858121,0.5,0.0,0.5,478.1068980173735,Reward Abuse
"A_3943c4c480,A_6960c2ee08",BTCUSDT.PERP,LONG,0.3443395226858121,0.5,0.0,0.5,478.1068980173735,Reward Abuse
"A_3943c4c480,A_6960c2ee08",BTCUSDT.PERP,LONG,0.3443395226858121,0.5,0.0,0.5,478.1068980173735,Reward Abuse
"A_3943c4c480,A_6960c2ee08",BTCUSDT.PERP,LONG,0.3443395226858121,0.5,0.0,0.5,478.1068980173735,Reward Abuse
"A_3943c4c480,A_6960c2ee08",BTCUSDT.PERP,LONG,0.3443395226858121,0.5,0.0,0.5,478.1068980173735,Reward Abuse
"A_3943c4c480,A_6960c2ee08",BTCUSDT.PERP,LONG,0.3443395226858121,0.5,0.0,0.5,478.1068980173735,Reward Abuse
"A_3943c4c480,A_6960c2ee08",BTCUSDT.PERP,LONG,0.3443395226858121,0.5,0.0,0.5,478.1068980173735,Reward Abuse
"A_3943c4c480,A_6960c2ee08",BTCUSDT.PERP,LONG,0.3443395226858121,0.5,0.0,0.5,478.1068980173735,Reward Abuse
"A_3943c4c480,A_6960c2ee08",BTCUSDT.PERP,LONG,0.3443395226858121,0.5,0.0,0.5,478.1068980173735,Reward Abuse
"A_3943c4c480,A_6960c2ee08",BTCUSDT.PERP,SHORT,0.3443395226858121,0.5,0.0,0.5,478.1068980173735,Reward Abuse
"A_9366ce5043,A_ebdb869fd3",BTCUSDT.PERP,SHORT,0.3443395226858121,0.5,0.0,0.5,462.68443479657816,Reward Abuse
"A_9366ce5043,A_ebdb869fd3",BTCUSDT.PERP,SHORT,0.3443395226858121,0.5,0.0,0.5,462.68443479657816,Reward Abuse
"A_9366ce5043,A_e27beda014",BTCUSDT.PERP,LONG,0.3443395226858121,0.5,0.0,0.5,397.6635991319955,Reward Abuse
"A_9366ce5043,A_e27beda014",BTCUSDT.PERP,LONG,0.3443395226858121,0.5,0.0,0.5,397.6635991319955,Reward Abuse
"A_9366ce5043,A_e27beda014",BTCUSDT.PERP,LONG,0.3443395226858121,0.5,0.0,0.5,397.6635991319955,Reward Abuse
"A_6960c2ee08,A_9366ce5043",BTCUSDT.PERP,LONG,0.3443395226858121,0.5,0.0,0.5,394.5767507527858,Reward Abuse
"A_6960c2ee08,A_9366ce5043",BTCUSDT.PERP,LONG,0.3443395226858121,0.5,0.0,0.5,394.5767507527858,Reward Abuse
"A_6960c2ee08,A_9366ce5043",BTCUSDT.PERP,LONG,0.3443395226858121,0.5,0.0,0.5,394.5767507527858,Reward Abuse
"A_6960c2ee08,A_9366ce5043",BTCUSDT.PERP,LONG,0.3443395226858121,0.5,0.0,0.5,394.5767507527858,Reward Abuse
"A_6960c2ee08,A_9366ce5043",BTCUSDT.PERP,SHORT,0.3443395226858121,0.5,0.0,0.5,394.5767507527858,Reward Abuse
"A_6960c2ee08,A_9366ce5043",BTCUSDT.PERP,SHORT,0.3443395226858121,0.5,0.0,0.5,394.5767507527858,Reward Abuse
"A_3943c4c480,A_4943ad62b4",BTCUSDT.PERP,LONG,0.3443395226858121,0.5,0.0,0.5,393.4856052256203,Reward Abuse
"A_3943c4c480,A_4943ad62b4",BTCUSDT.PERP,LONG,0.3443395226858121,0.5,0.0,0.5,393.4856052256203,Reward Abuse
"A_3943c4c480,A_4943ad62b4",BTCUSDT.PERP,SHORT,0.3443395226858121,0.5,0.0,0.5,393.4856052256203,Reward Abuse
"A_3943c4c480,A_4943ad62b4",BTCUSDT.PERP,SHORT,0.3443395226858121,0.5,0.0,0.5,393.4856052256203,Reward Abuse
"A_3943c4c480,A_4943ad62b4",BTCUSDT.PERP,SHORT,0.3443395226858121,0.5,0.0,0.5,393.4856052256203,Reward Abuse
"A_3943c4c480,A_4943ad62b4",BTCUSDT.PERP,SHORT,0.3443395226858121,0.5,0.0,0.5,393.4856052256203,Reward Abuse
"A_9a5e1e7fac,A_e27beda014",BTCUSDT.PERP,LONG,0.3443395226858121,0.5,0.0,0.5,220.19017155217782,Reward Abuse
"A_6960c2ee08,A_9a5e1e7fac",BTCUSDT.PERP,LONG,0.3443395226858121,0.5,0.0,0.5,217.10332317296812,Reward Abuse
"A_6960c2ee08,A_9a5e1e7fac",BTCUSDT.PERP,SHORT,0.3443395226858121,0.5,0.0,0.5,217.10332317296812,Reward Abuse
"A_6960c2ee08,A_9a5e1e7fac",BTCUSDT.PERP,SHORT,0.3443395226858121,0.5,0.0,0.5,217.10332317296812,Reward Abuse
"A_6960c2ee08,A_9a5e1e7fac",BTCUSDT.PERP,SHORT,0.3443395226858121,0.5,0.0,0.5,217.10332317296812,Reward Abuse
"A_6960c2ee08,A_9a5e1e7fac",BTCUSDT.PERP,SHORT,0.3443395226858121,0.5,0.0,0.5,217.10332317296812,Reward Abuse
"A_6960c2ee08,A_9a5e1e7fac",BTCUSDT.PERP,SHORT,0.3443395226858121,0.5,0.0,0.5,217.10332317296812,Reward Abuse
"A_6960c2ee08,A_9a5e1e7fac",BTCUSDT.PERP,SHORT,0.3443395226858121,0.5,0.0,0.5,217.10332317296812,Reward Abuse
"A_6960c2ee08,A_9a5e1e7fac",BTCUSDT.PERP,SHORT,0.3443395226858121,0.5,0.0,0.5,217.10332317296812,Reward Abuse
"A_6960c2ee08,A_9a5e1e7fac",BTCUSDT.PERP,SHORT,0.3443395226858121,0.5,0.0,0.5,217.10332317296812,Reward Abuse
"A_6960c2ee08,A_9a5e1e7fac",BTCUSDT.PERP,SHORT,0.3443395226858121,0.5,0.0,0.5,217.10332317296812,Reward Abuse
"A_3943c4c480,A_9366ce5043",BTCUSDT.PERP,LONG,0.3443395226858121,0.5,0.0,0.5,198.07677763256942,Reward Abuse
"A_3943c4c480,A_9366ce5043",BTCUSDT.PERP,LONG,0.3443395226858121,0.5,0.0,0.5,198.07677763256942,Reward Abuse
"A_3943c4c480,A_9366ce5043",BTCUSDT.PERP,LONG,0.3443395226858121,0.5,0.0,0.5,198.07677763256942,Reward Abuse
"A_3943c4c480,A_9366ce5043",BTCUSDT.PERP,SHORT,0.3443395226858121,0.5,0.0,0.5,198.07677763256942,Reward Abuse
"A_5cd5d675fd,A_9366ce5043",ETHUSDT.PERP,LONG,0.3443395226858121,0.5,0.0,0.5,196.73007796248066,Reward Abuse
"A_3943c4c480,A_9a5e1e7fac",BTCUSDT.PERP,LONG,0.3443395226858121,0.5,0.0,0.5,20.603350052751694,Reward Abuse
"A_3943c4c480,A_9a5e1e7fac",ETHUSDT.PERP,SHORT,0.3443395226858121,0.5,0.0,0.5,20.603350052751694,Reward Abuse
"A_6960c2ee08,A_853f70d58b",BTCUSDT.PERP,LONG,0.3443395226858121,0.5,0.0,0.5,-239.90002440990338,Reward Abuse
"A_6960c2ee08,A_853f70d58b",BTCUSDT.PERP,LONG,0.3443395226858121,0.5,0.0,0.5,-239.90002440990338,Reward Abuse
"A_6960c2ee08,A_853f70d58b",BTCUSDT.PERP,LONG,0.3443395226858121,0.5,0.0,0.5,-239.90002440990338,Reward Abuse
"A_6960c2ee08,A_853f70d58b",BTCUSDT.PERP,LONG,0.3443395226858121,0.5,0.0,0.5,-239.90002440990338,Reward Abuse
"A_6960c2ee08,A_853f70d58b",BTCUSDT.PERP,LONG,0.3443395226858121,0.5,0.0,0.5,-239.90002440990338,Reward Abuse
"A_6960c2ee08,A_853f70d58b",BTCUSDT.PERP,LONG,0.3443395226858121,0.5,0.0,0.5,-239.90002440990338,Reward Abuse
"A_4943ad62b4,A_853f70d58b",BTCUSDT.PERP,LONG,0.3443395226858121,0.5,0.0,0.5,-324.52131720165653,Reward Abuse
"A_4943ad62b4,A_853f70d58b",BTCUSDT.PERP,LONG,0.3443395226858121,0.5,0.0,0.5,-324.52131720165653,Reward Abuse
"A_3943c4c480,A_853f70d58b",BTCUSDT.PERP,SHORT,0.3443395226858121,0.5,0.0,0.5,-436.3999975301198,Reward Abuse
"A_3943c4c480,A_853f70d58b",BTCUSDT.PERP,SHORT,0.3443395226858121,0.5,0.0,0.5,-436.3999975301198,Reward Abuse
"A_3943c4c480,A_853f70d58b",BTCUSDT.PERP,SHORT,0.3443395226858121,0.5,0.0,0.5,-436.3999975301198,Reward Abuse
"A_3943c4c480,A_853f70d58b",BTCUSDT.PERP,SHORT,0.3443395226858121,0.5,0.0,0.5,-436.3999975301198,Reward Abuse
"A_1a7c006b71,A_64a414bc30",ETHUSDT.PERP,LONG,0.3443395226858121,0.5,0.0,0.5,-551.0817082953231,Reward Abuse
"A_853f70d58b,A_9a5e1e7fac",BTCUSDT.PERP,LONG,0.3443395226858121,0.5,0.0,0.5,-697.4035723745252,Reward Abuse
"A_853f70d58b,A_9a5e1e7fac",BTCUSDT.PERP,LONG,0.3443395226858121,0.5,0.0,0.5,-697.4035723745252,Reward Abuse
"A_6b3a8b213d,A_e95b2c5030",BTCUSDT.PERP,LONG,0.3443395226858121,1.0,0.0,0.0,-868.6532208999815,Mixed/Other
"A_6b3a8b213d,A_e95b2c5030",BTCUSDT.PERP,LONG,0.3443395226858121,1.0,0.0,0.0,-868.6532208999815,Mixed/Other
"A_6b3a8b213d,A_e95b2c5030",CYBERUSDT.PERP,LONG,0.3443395226858121,1.0,0.0,0.0,-868.6532208999815,Mixed/Other
"A_6b3a8b213d,A_e95b2c5030",IPUSDT.PERP,LONG,0.3443395226858121,1.0,0.0,0.0,-868.6532208999815,Mixed/Other
"A_6b3a8b213d,A_e95b2c5030",LISTAUSDT.PERP,LONG,0.3443395226858121,1.0,0.0,0.0,-868.6532208999815,Mixed/Other
"A_6b3a8b213d,A_e95b2c5030",MERLUSDT.PERP,LONG,0.3443395226858121,1.0,0.0,0.0,-868.6532208999815,Mixed/Other
"A_6b3a8b213d,A_e95b2c5030",MOODENGUSDT.PERP,LONG,0.3443395226858121,1.0,0.0,0.0,-868.6532208999815,Mixed/Other
"A_6b3a8b213d,A_e95b2c5030",MOODENGUSDT.PERP,LONG,0.3443395226858121,1.0,0.0,0.0,-868.6532208999815,Mixed/Other
"A_6b3a8b213d,A_e95b2c5030",SYRUPUSDT.PERP,LONG,0.3443395226858121,1.0,0.0,0.0,-868.6532208999815,Mixed/Other
"A_6b3a8b213d,A_e95b2c5030",TREEUSDT.PERP,LONG,0.3443395226858121,1.0,0.0,0.0,-868.6532208999815,Mixed/Other
"A_89cf7b96c2,A_ace0a74506",BTCUSDT.PERP,LONG,0.3443395226858121,0.5,0.0,0.5,-1112.693157302857,Reward Abuse
"A_3cfd9478f0,A_e27beda014",BTCUSDT.PERP,LONG,0.3443395226858121,0.5,0.0,0.5,-1191.8981424717529,Reward Abuse
"A_3cfd9478f0,A_e27beda014",BTCUSDT.PERP,LONG,0.3443395226858121,0.5,0.0,0.5,-1191.8981424717529,Reward Abuse
"A_3cfd9478f0,A_4943ad62b4",BTCUSDT.PERP,SHORT,0.3443395226858121,0.5,0.0,0.5,-1279.6062836427159,Reward Abuse
"A_3cfd9478f0,A_4943ad62b4",BTCUSDT.PERP,SHORT,0.3443395226858121,0.5,0.0,0.5,-1279.6062836427159,Reward Abuse
"A_3943c4c480,A_3cfd9478f0",BTCUSDT.PERP,LONG,0.3443395226858121,0.5,0.0,0.5,-1391.484963971179,Reward Abuse
"A_6960c2ee08,A_ace0a74506",BTCUSDT.PERP,LONG,0.3443395226858121,0.5,0.0,0.5,-2357.4750799085477,Reward Abuse
"A_6960c2ee08,A_ace0a74506",BTCUSDT.PERP,LONG,0.3443395226858121,0.5,0.0,0.5,-2357.4750799085477,Reward Abuse
"A_6960c2ee08,A_ace0a74506",BTCUSDT.PERP,LONG,0.3443395226858121,0.5,0.0,0.5,-2357.4750799085477,Reward Abuse
"A_6960c2ee08,A_ace0a74506",BTCUSDT.PERP,LONG,0.3443395226858121,0.5,0.0,0.5,-2357.4750799085477,Reward Abuse
"A_6960c2ee08,A_ace0a74506",BTCUSDT.PERP,LONG,0.3443395226858121,0.5,0.0,0.5,-2357.4750799085477,Reward Abuse
"A_6960c2ee08,A_ace0a74506",BTCUSDT.PERP,LONG,0.3443395226858121,0.5,0.0,0.5,-2357.4750799085477,Reward Abuse
"A_6960c2ee08,A_ace0a74506",BTCUSDT.PERP,LONG,0.3443395226858121,0.5,0.0,0.5,-2357.4750799085477,Reward Abuse
"A_6960c2ee08,A_ace0a74506",BTCUSDT.PERP,LONG,0.3443395226858121,0.5,0.0,0.5,-2357.4750799085477,Reward Abuse
"A_4943ad62b4,A_ace0a74506",BTCUSDT.PERP,LONG,0.3443395226858121,0.5,0.0,0.5,-2442.096372700301,Reward Abuse
"A_4943ad62b4,A_ace0a74506",BTCUSDT.PERP,LONG,0.3443395226858121,0.5,0.0,0.5,-2442.096372700301,Reward Abuse
"A_4943ad62b4,A_ace0a74506",BTCUSDT.PERP,LONG,0.3443395226858121,0.5,0.0,0.5,-2442.096372700301,Reward Abuse
"A_3943c4c480,A_ace0a74506",BTCUSDT.PERP,LONG,0.3443395226858121,0.5,0.0,0.5,-2553.9750530287643,Reward Abuse
"A_3943c4c480,A_ace0a74506",BTCUSDT.PERP,LONG,0.3443395226858121,0.5,0.0,0.5,-2553.9750530287643,Reward Abuse
"A_3943c4c480,A_ace0a74506",ETHUSDT.PERP,LONG,0.3443395226858121,0.5,0.0,0.5,-2553.9750530287643,Reward Abuse
"A_9366ce5043,A_ace0a74506",BTCUSDT.PERP,LONG,0.3443395226858121,0.5,0.0,0.5,-2637.505200293352,Reward Abuse
"A_9366ce5043,A_ace0a74506",BTCUSDT.PERP,LONG,0.3443395226858121,0.5,0.0,0.5,-2637.505200293352,Reward Abuse
"A_9366ce5043,A_ace0a74506",BTCUSDT.PERP,LONG,0.3443395226858121,0.5,0.0,0.5,-2637.505200293352,Reward Abuse
"A_9366ce5043,A_ace0a74506",BTCUSDT.PERP,LONG,0.3443395226858121,0.5,0.0,0.5,-2637.505200293352,Reward Abuse
"A_9366ce5043,A_ace0a74506",BTCUSDT.PERP,LONG,0.3443395226858121,0.5,0.0,0.5,-2637.505200293352,Reward Abuse
"A_9366ce5043,A_ace0a74506",XRPUSDT.PERP,LONG,0.3443395226858121,0.5,0.0,0.5,-2637.505200293352,Reward Abuse
"A_853f70d58b,A_ace0a74506",BTCUSDT.PERP,LONG,0.3443395226858121,0.5,0.0,0.5,-3271.9819754560413,Reward Abuse
"A_1f97e16953,A_e95b2c5030",MERLUSDT.PERP,LONG,0.3443395226858121,1.0,0.0,0.0,-44480.1176961515,Mixed/Other
"A_1f97e16953,A_e95b2c5030",OPUSDT.PERP,LONG,0.3443395226858121,1.0,0.0,0.0,-44480.1176961515,Mixed/Other
"A_1f97e16953,A_e95b2c5030",OPUSDT.PERP,LONG,0.3443395226858121,1.0,0.0,0.0,-44480.1176961515,Mixed/Other
"A_1f97e16953,A_e95b2c5030",OPUSDT.PERP,LONG,0.3443395226858121,1.0,0.0,0.0,-44480.1176961515,Mixed/Other
"A_1f97e16953,A_e95b2c5030",SYRUPUSDT.PERP,LONG,0.3443395226858121,1.0,0.0,0.0,-44480.1176961515,Mixed/Other
"A_2ba62f7b20,A_89cf7b96c2",BTCUSDT.PERP,LONG,0.3443395226858121,0.5,0.0,0.5,-46107.10427874866,Reward Abuse
"A_2ba62f7b20,A_ebdb869fd3",BTCUSDT.PERP,LONG,0.3443395226858121,0.5,0.0,0.5,-47283.77851731056,Reward Abuse
"A_2ba62f7b20,A_e27beda014",BTCUSDT.PERP,LONG,0.3443395226858121,0.5,0.0,0.5,-47348.79935297514,Reward Abuse
"A_2ba62f7b20,A_e27beda014",BTCUSDT.PERP,LONG,0.3443395226858121,0.5,0.0,0.5,-47348.79935297514,Reward Abuse
"A_2ba62f7b20,A_e27beda014",BTCUSDT.PERP,SHORT,0.3443395226858121,0.5,0.0,0.5,-47348.79935297514,Reward Abuse
"A_2ba62f7b20,A_6960c2ee08",BTCUSDT.PERP,LONG,0.3443395226858121,0.5,0.0,0.5,-47351.886201354355,Reward Abuse
"A_2ba62f7b20,A_6960c2ee08",BTCUSDT.PERP,LONG,0.3443395226858121,0.5,0.0,0.5,-47351.886201354355,Reward Abuse
"A_2ba62f7b20,A_6960c2ee08",BTCUSDT.PERP,LONG,0.3443395226858121,0.5,0.0,0.5,-47351.886201354355,Reward Abuse
"A_2ba62f7b20,A_6960c2ee08",BTCUSDT.PERP,LONG,0.3443395226858121,0.5,0.0,0.5,-47351.886201354355,Reward Abuse
"A_2ba62f7b20,A_6960c2ee08",BTCUSDT.PERP,LONG,0.3443395226858121,0.5,0.0,0.5,-47351.886201354355,Reward Abuse
"A_2ba62f7b20,A_6960c2ee08",BTCUSDT.PERP,LONG,0.3443395226858121,0.5,0.0,0.5,-47351.886201354355,Reward Abuse
"A_2ba62f7b20,A_6960c2ee08",BTCUSDT.PERP,LONG,0.3443395226858121,0.5,0.0,0.5,-47351.886201354355,Reward Abuse
"A_2ba62f7b20,A_6960c2ee08",BTCUSDT.PERP,LONG,0.3443395226858121,0.5,0.0,0.5,-47351.886201354355,Reward Abuse
"A_2ba62f7b20,A_6960c2ee08",BTCUSDT.PERP,SHORT,0.3443395226858121,0.5,0.0,0.5,-47351.886201354355,Reward Abuse
"A_2ba62f7b20,A_6960c2ee08",BTCUSDT.PERP,SHORT,0.3443395226858121,0.5,0.0,0.5,-47351.886201354355,Reward Abuse
"A_2ba62f7b20,A_4943ad62b4",BTCUSDT.PERP,LONG,0.3443395226858121,0.5,0.0,0.5,-47436.507494146106,Reward Abuse
"A_2ba62f7b20,A_4943ad62b4",BTCUSDT.PERP,SHORT,0.3443395226858121,0.5,0.0,0.5,-47436.507494146106,Reward Abuse
"A_2ba62f7b20,A_4943ad62b4",BTCUSDT.PERP,SHORT,0.3443395226858121,0.5,0.0,0.5,-47436.507494146106,Reward Abuse
"A_2ba62f7b20,A_3943c4c480",BTCUSDT.PERP,LONG,0.3443395226858121,0.5,0.0,0.5,-47548.386174474566,Reward Abuse
"A_2ba62f7b20,A_3943c4c480",BTCUSDT.PERP,LONG,0.3443395226858121,0.5,0.0,0.5,-47548.386174474566,Reward Abuse
"A_1f97e16953,A_e27beda014",BTCUSDT.PERP,LONG,0.3443395226858121,0.5,0.0,0.5,-47859.984866103514,Reward Abuse
"A_1f97e16953,A_e27beda014",BTCUSDT.PERP,LONG,0.3443395226858121,0.5,0.0,0.5,-47859.984866103514,Reward Abuse
"A_1f97e16953,A_e27beda014",BTCUSDT.PERP,LONG,0.3443395226858121,0.5,0.0,0.5,-47859.984866103514,Reward Abuse
"A_1f97e16953,A_e27beda014",BTCUSDT.PERP,LONG,0.3443395226858121,0.5,0.0,0.5,-47859.984866103514,Reward Abuse
"A_1f97e16953,A_6960c2ee08",BTCUSDT.PERP,LONG,0.3443395226858121,0.5,0.0,0.5,-47863.07171448273,Reward Abuse
"A_1f97e16953,A_4943ad62b4",BTCUSDT.PERP,LONG,0.3443395226858121,0.5,0.0,0.5,-47947.69300727448,Reward Abuse
"A_2ba62f7b20,A_ace0a74506",BTCUSDT.PERP,LONG,0.3443395226858121,0.5,0.0,0.5,-50383.96815240049,Reward Abuse
"A_1f97e16953,A_6b3a8b213d",CUSDT.PERP,LONG,0.3443395226858121,1.0,0.0,0.0,-52789.285824851526,Mixed/Other
"A_1f97e16953,A_6b3a8b213d",CYBERUSDT.PERP,LONG,0.3443395226858121,1.0,0.0,0.0,-52789.285824851526,Mixed/Other
"A_1f97e16953,A_6b3a8b213d",CYBERUSDT.PERP,LONG,0.3443395226858121,1.0,0.0,0.0,-52789.285824851526,Mixed/Other
"A_1f97e16953,A_6b3a8b213d",CYBERUSDT.PERP,LONG,0.3443395226858121,1.0,0.0,0.0,-52789.285824851526,Mixed/Other
"A_1f97e16953,A_6b3a8b213d",CYBERUSDT.PERP,LONG,0.3443395226858121,1.0,0.0,0.0,-52789.285824851526,Mixed/Other
"A_1f97e16953,A_6b3a8b213d",LINEAUSDT.PERP,LONG,0.3443395226858121,1.0,0.0,0.0,-52789.285824851526,Mixed/Other
"A_1f97e16953,A_6b3a8b213d",LINEAUSDT.PERP,LONG,0.3443395226858121,1.0,0.0,0.0,-52789.285824851526,Mixed/Other
"A_1f97e16953,A_6b3a8b213d",PROVEUSDT.PERP,LONG,0.3443395226858121,1.0,0.0,0.0,-52789.285824851526,Mixed/Other
"A_1f97e16953,A_6b3a8b213d",TREEUSDT.PERP,LONG,0.3443395226858121,1.0,0.0,0.0,-52789.285824851526,Mixed/Other
"A_1f97e16953,A_b2bc71e131",IPUSDT.PERP,SHORT,0.3443395226858121,0.5,0.0,0.5,-56618.26584948696,Reward Abuse
"A_1f97e16953,A_b2bc71e131",IPUSDT.PERP,SHORT,0.3443395226858121,0.5,0.0,0.5,-56618.26584948696,Reward Abuse
"A_59b90616d6,A_60a63690ae",BTCUSDT.PERP,LONG,0.3443395226858121,0.5,0.0,0.5,-88939.51915143373,Reward Abuse
"A_59b90616d6,A_60a63690ae",BTCUSDT.PERP,LONG,0.3443395226858121,0.5,0.0,0.5,-88939.51915143373,Reward Abuse
"A_59b90616d6,A_60a63690ae",BTCUSDT.PERP,LONG,0.3443395226858121,0.5,0.0,0.5,-88939.51915143373,Reward Abuse
"A_59b90616d6,A_60a63690ae",BTCUSDT.PERP,LONG,0.3443395226858121,0.5,0.0,0.5,-88939.51915143373,Reward Abuse
"A_522c68dd44,A_60a63690ae",ETHUSDT.PERP,LONG,0.3443395226858121,0.5,0.0,0.5,-134908.1488442024,Reward Abuse
"A_522c68dd44,A_60a63690ae",ETHUSDT.PERP,LONG,0.3443395226858121,0.5,0.0,0.5,-134908.1488442024,Reward Abuse
"A_522c68dd44,A_60a63690ae",ETHUSDT.PERP,LONG,0.3443395226858121,0.5,0.0,0.5,-134908.1488442024,Reward Abuse
"A_522c68dd44,A_60a63690ae",ETHUSDT.PERP,LONG,0.3443395226858121,0.5,0.0,0.5,-134908.1488442024,Reward Abuse
"A_522c68dd44,A_60a63690ae",ETHUSDT.PERP,LONG,0.3443395226858121,0.5,0.0,0.5,-134908.1488442024,Reward Abuse
"A_40cfe40ac2,A_c462ca9c6b",ETHUSDT.PERP,SHORT,0.3443395226858121,0.5,0.0,0.5,-142293.33523623605,Reward Abuse
"A_3cab2969e5,A_59b90616d6",BTCUSDT.PERP,SHORT,0.3443395226858121,0.5,0.0,0.5,-157236.76588838597,Reward Abuse
"A_3cab2969e5,A_59b90616d6",BTCUSDT.PERP,SHORT,0.3443395226858121,0.5,0.0,0.5,-157236.76588838597,Reward Abuse
"A_40cfe40ac2,A_4943ad62b4",BTCUSDT.PERP,LONG,0.3443395226858121,0.5,0.0,0.5,-160627.8181559228,Reward Abuse
"A_40cfe40ac2,A_4943ad62b4",BTCUSDT.PERP,LONG,0.3443395226858121,0.5,0.0,0.5,-160627.8181559228,Reward Abuse
"A_40cfe40ac2,A_853f70d58b",BTCUSDT.PERP,LONG,0.3443395226858121,0.5,0.0,0.5,-161457.70375867854,Reward Abuse
"A_40cfe40ac2,A_ace0a74506",ETHUSDT.PERP,LONG,0.3443395226858121,0.5,0.0,0.5,-163575.2788141772,Reward Abuse
"A_59b90616d6,A_e27beda014",BTCUSDT.PERP,LONG,0.3443395226858121,0.5,0.0,0.5,-163961.92172219476,Reward Abuse
"A_59b90616d6,A_e27beda014",BTCUSDT.PERP,SHORT,0.3443395226858121,0.5,0.0,0.5,-163961.92172219476,Reward Abuse
"A_59b90616d6,A_e27beda014",BTCUSDT.PERP,SHORT,0.3443395226858121,0.5,0.0,0.5,-163961.92172219476,Reward Abuse
"A_59b90616d6,A_e27beda014",BTCUSDT.PERP,SHORT,0.3443395226858121,0.5,0.0,0.5,-163961.92172219476,Reward Abuse
"A_59b90616d6,A_6960c2ee08",BTCUSDT.PERP,LONG,0.3443395226858121,0.5,0.0,0.5,-163965.008570574,Reward Abuse
"A_59b90616d6,A_6960c2ee08",BTCUSDT.PERP,LONG,0.3443395226858121,0.5,0.0,0.5,-163965.008570574,Reward Abuse
"A_59b90616d6,A_6960c2ee08",BTCUSDT.PERP,SHORT,0.3443395226858121,0.5,0.0,0.5,-163965.008570574,Reward Abuse
"A_59b90616d6,A_6960c2ee08",BTCUSDT.PERP,SHORT,0.3443395226858121,0.5,0.0,0.5,-163965.008570574,Reward Abuse
"A_59b90616d6,A_6960c2ee08",BTCUSDT.PERP,SHORT,0.3443395226858121,0.5,0.0,0.5,-163965.008570574,Reward Abuse
"A_59b90616d6,A_6960c2ee08",BTCUSDT.PERP,SHORT,0.3443395226858121,0.5,0.0,0.5,-163965.008570574,Reward Abuse
"A_4943ad62b4,A_59b90616d6",BTCUSDT.PERP,LONG,0.3443395226858121,0.5,0.0,0.5,-164049.62986336573,Reward Abuse
"A_4943ad62b4,A_59b90616d6",BTCUSDT.PERP,LONG,0.3443395226858121,0.5,0.0,0.5,-164049.62986336573,Reward Abuse
"A_4943ad62b4,A_59b90616d6",BTCUSDT.PERP,LONG,0.3443395226858121,0.5,0.0,0.5,-164049.62986336573,Reward Abuse
"A_4943ad62b4,A_59b90616d6",BTCUSDT.PERP,LONG,0.3443395226858121,0.5,0.0,0.5,-164049.62986336573,Reward Abuse
"A_4943ad62b4,A_59b90616d6",BTCUSDT.PERP,LONG,0.3443395226858121,0.5,0.0,0.5,-164049.62986336573,Reward Abuse
"A_4943ad62b4,A_59b90616d6",BTCUSDT.PERP,SHORT,0.3443395226858121,0.5,0.0,0.5,-164049.62986336573,Reward Abuse
"A_4943ad62b4,A_59b90616d6",BTCUSDT.PERP,SHORT,0.3443395226858121,0.5,0.0,0.5,-164049.62986336573,Reward Abuse
"A_4943ad62b4,A_59b90616d6",BTCUSDT.PERP,SHORT,0.3443395226858121,0.5,0.0,0.5,-164049.62986336573,Reward Abuse
"A_4943ad62b4,A_59b90616d6",BTCUSDT.PERP,SHORT,0.3443395226858121,0.5,0.0,0.5,-164049.62986336573,Reward Abuse
"A_4943ad62b4,A_59b90616d6",BTCUSDT.PERP,SHORT,0.3443395226858121,0.5,0.0,0.5,-164049.62986336573,Reward Abuse
"A_4943ad62b4,A_59b90616d6",BTCUSDT.PERP,SHORT,0.3443395226858121,0.5,0.0,0.5,-164049.62986336573,Reward Abuse
"A_3943c4c480,A_59b90616d6",BTCUSDT.PERP,LONG,0.3443395226858121,0.5,0.0,0.5,-164161.5085436942,Reward Abuse
"A_3943c4c480,A_59b90616d6",BTCUSDT.PERP,SHORT,0.3443395226858121,0.5,0.0,0.5,-164161.5085436942,Reward Abuse
"A_3943c4c480,A_59b90616d6",BTCUSDT.PERP,SHORT,0.3443395226858121,0.5,0.0,0.5,-164161.5085436942,Reward Abuse
"A_3943c4c480,A_59b90616d6",BTCUSDT.PERP,SHORT,0.3443395226858121,0.5,0.0,0.5,-164161.5085436942,Reward Abuse
"A_3943c4c480,A_59b90616d6",BTCUSDT.PERP,SHORT,0.3443395226858121,0.5,0.0,0.5,-164161.5085436942,Reward Abuse
"A_3943c4c480,A_59b90616d6",BTCUSDT.PERP,SHORT,0.3443395226858121,0.5,0.0,0.5,-164161.5085436942,Reward Abuse
"A_3943c4c480,A_59b90616d6",BTCUSDT.PERP,SHORT,0.3443395226858121,0.5,0.0,0.5,-164161.5085436942,Reward Abuse
"A_3943c4c480,A_59b90616d6",BTCUSDT.PERP,SHORT,0.3443395226858121,0.5,0.0,0.5,-164161.5085436942,Reward Abuse
"A_3943c4c480,A_59b90616d6",BTCUSDT.PERP,SHORT,0.3443395226858121,0.5,0.0,0.5,-164161.5085436942,Reward Abuse
"A_59b90616d6,A_9366ce5043",BTCUSDT.PERP,LONG,0.3443395226858121,0.5,0.0,0.5,-164245.03869095878,Reward Abuse
"A_59b90616d6,A_9366ce5043",BTCUSDT.PERP,LONG,0.3443395226858121,0.5,0.0,0.5,-164245.03869095878,Reward Abuse
"A_59b90616d6,A_9366ce5043",HYPEUSDT.PERP,LONG,0.3443395226858121,0.5,0.0,0.5,-164245.03869095878,Reward Abuse
"A_59b90616d6,A_853f70d58b",BTCUSDT.PERP,LONG,0.3443395226858121,0.5,0.0,0.5,-164879.51546612146,Reward Abuse
"A_522c68dd44,A_c462ca9c6b",ETHUSDT.PERP,LONG,0.3443395226858121,0.5,0.0,0.5,-191683.77663644764,Reward Abuse
"A_522c68dd44,A_c462ca9c6b",ETHUSDT.PERP,LONG,0.3443395226858121,0.5,0.0,0.5,-191683.77663644764,Reward Abuse
"A_522c68dd44,A_c462ca9c6b",ETHUSDT.PERP,LONG,0.3443395226858121,0.5,0.0,0.5,-191683.77663644764,Reward Abuse
"A_522c68dd44,A_c462ca9c6b",ETHUSDT.PERP,LONG,0.3443395226858121,0.5,0.0,0.5,-191683.77663644764,Reward Abuse
"A_522c68dd44,A_c462ca9c6b",ETHUSDT.PERP,LONG,0.3443395226858121,0.5,0.0,0.5,-191683.77663644764,Reward Abuse
"A_522c68dd44,A_c462ca9c6b",ETHUSDT.PERP,LONG,0.3443395226858121,0.5,0.0,0.5,-191683.77663644764,Reward Abuse
"A_522c68dd44,A_c462ca9c6b",ETHUSDT.PERP,LONG,0.3443395226858121,0.5,0.0,0.5,-191683.77663644764,Reward Abuse
"A_522c68dd44,A_c462ca9c6b",ETHUSDT.PERP,LONG,0.3443395226858121,0.5,0.0,0.5,-191683.77663644764,Reward Abuse
"A_522c68dd44,A_c462ca9c6b",ETHUSDT.PERP,LONG,0.3443395226858121,0.5,0.0,0.5,-191683.77663644764,Reward Abuse
"A_522c68dd44,A_c462ca9c6b",ETHUSDT.PERP,LONG,0.3443395226858121,0.5,0.0,0.5,-191683.77663644764,Reward Abuse
"A_522c68dd44,A_c462ca9c6b",ETHUSDT.PERP,LONG,0.3443395226858121,0.5,0.0,0.5,-191683.77663644764,Reward Abuse
"A_522c68dd44,A_c462ca9c6b",ETHUSDT.PERP,LONG,0.3443395226858121,0.5,0.0,0.5,-191683.77663644764,Reward Abuse
"A_522c68dd44,A_c462ca9c6b",ETHUSDT.PERP,SHORT,0.3443395226858121,0.5,0.0,0.5,-191683.77663644764,Reward Abuse
"A_522c68dd44,A_c462ca9c6b",ETHUSDT.PERP,SHORT,0.3443395226858121,0.5,0.0,0.5,-191683.77663644764,Reward Abuse
"A_522c68dd44,A_c462ca9c6b",ETHUSDT.PERP,SHORT,0.3443395226858121,0.5,0.0,0.5,-191683.77663644764,Reward Abuse
"A_522c68dd44,A_89cf7b96c2",BTCUSDT.PERP,LONG,0.3443395226858121,0.5,0.0,0.5,-208688.85634073697,Reward Abuse
"A_522c68dd44,A_89cf7b96c2",BTCUSDT.PERP,LONG,0.3443395226858121,0.5,0.0,0.5,-208688.85634073697,Reward Abuse
"A_522c68dd44,A_89cf7b96c2",BTCUSDT.PERP,LONG,0.3443395226858121,0.5,0.0,0.5,-208688.85634073697,Reward Abuse
"A_522c68dd44,A_89cf7b96c2",BTCUSDT.PERP,LONG,0.3443395226858121,0.5,0.0,0.5,-208688.85634073697,Reward Abuse
"A_4943ad62b4,A_522c68dd44",BTCUSDT.PERP,LONG,0.3443395226858121,0.5,0.0,0.5,-210018.2595561344,Reward Abuse
"A_3943c4c480,A_522c68dd44",ETHUSDT.PERP,LONG,0.3443395226858121,0.5,0.0,0.5,-210130.13823646287,Reward Abuse
"A_3943c4c480,A_522c68dd44",ETHUSDT.PERP,LONG,0.3443395226858121,0.5,0.0,0.5,-210130.13823646287,Reward Abuse
"A_3943c4c480,A_522c68dd44",ETHUSDT.PERP,LONG,0.3443395226858121,0.5,0.0,0.5,-210130.13823646287,Reward Abuse
"A_522c68dd44,A_5cd5d675fd",ETHUSDT.PERP,LONG,0.3443395226858121,0.5,0.0,0.5,-210131.48493613297,Reward Abuse
"A_522c68dd44,A_9366ce5043",BTCUSDT.PERP,LONG,0.3443395226858121,0.5,0.0,0.5,-210213.66838372746,Reward Abuse
"A_2ba62f7b20,A_59b90616d6",BTCUSDT.PERP,LONG,0.3443395226858121,0.5,0.0,0.5,-211991.50164306592,Reward Abuse
"A_2ba62f7b20,A_59b90616d6",BTCUSDT.PERP,LONG,0.3443395226858121,0.5,0.0,0.5,-211991.50164306592,Reward Abuse
"A_2ba62f7b20,A_59b90616d6",BTCUSDT.PERP,SHORT,0.3443395226858121,0.5,0.0,0.5,-211991.50164306592,Reward Abuse
"A_2ba62f7b20,A_59b90616d6",BTCUSDT.PERP,SHORT,0.3443395226858121,0.5,0.0,0.5,-211991.50164306592,Reward Abuse
"A_2ba62f7b20,A_59b90616d6",BTCUSDT.PERP,SHORT,0.3443395226858121,0.5,0.0,0.5,-211991.50164306592,Reward Abuse
"A_2ba62f7b20,A_59b90616d6",BTCUSDT.PERP,SHORT,0.3443395226858121,0.5,0.0,0.5,-211991.50164306592,Reward Abuse
"A_2ba62f7b20,A_59b90616d6",BTCUSDT.PERP,SHORT,0.3443395226858121,0.5,0.0,0.5,-211991.50164306592,Reward Abuse
"A_522c68dd44,A_ace0a74506",ETHUSDT.PERP,LONG,0.3443395226858121,0.5,0.0,0.5,-212965.7202143888,Reward Abuse
"A_522c68dd44,A_ace0a74506",ETHUSDT.PERP,LONG,0.3443395226858121,0.5,0.0,0.5,-212965.7202143888,Reward Abuse
"A_507a86d368,A_60a63690ae",BTCUSDT.PERP,LONG,0.3443395226858121,0.5,0.0,0.5,-343366.0235208942,Reward Abuse
"A_507a86d368,A_60a63690ae",BTCUSDT.PERP,LONG,0.3443395226858121,0.5,0.0,0.5,-343366.0235208942,Reward Abuse
"A_507a86d368,A_60a63690ae",BTCUSDT.PERP,LONG,0.3443395226858121,0.5,0.0,0.5,-343366.0235208942,Reward Abuse
"A_1b6957bd93,A_ae270b7bf6",BTCUSDT.PERP,LONG,0.3443395226858121,0.5,0.0,0.5,-371854.47793477355,Reward Abuse
"A_1b6957bd93,A_ae270b7bf6",BTCUSDT.PERP,SHORT,0.3443395226858121,0.5,0.0,0.5,-371854.47793477355,Reward Abuse
"A_1b6957bd93,A_ae270b7bf6",BTCUSDT.PERP,SHORT,0.3443395226858121,0.5,0.0,0.5,-371854.47793477355,Reward Abuse
"A_48fbd03d61,A_89cf7b96c2",BTCUSDT.PERP,LONG,0.3443395226858121,0.5,0.0,0.5,-372658.8340087504,Reward Abuse
"A_48fbd03d61,A_89cf7b96c2",BTCUSDT.PERP,LONG,0.3443395226858121,0.5,0.0,0.5,-372658.8340087504,Reward Abuse
"A_48fbd03d61,A_89cf7b96c2",BTCUSDT.PERP,LONG,0.3443395226858121,0.5,0.0,0.5,-372658.8340087504,Reward Abuse
"A_48fbd03d61,A_6960c2ee08",BTCUSDT.PERP,LONG,0.3443395226858121,0.5,0.0,0.5,-373903.61593135603,Reward Abuse
"A_48fbd03d61,A_6960c2ee08",BTCUSDT.PERP,LONG,0.3443395226858121,0.5,0.0,0.5,-373903.61593135603,Reward Abuse
"A_522c68dd44,A_59b90616d6",BTCUSDT.PERP,LONG,0.3443395226858121,0.5,0.0,0.5,-374573.25370505423,Reward Abuse
"A_507a86d368,A_ebdb869fd3",HYPERUSDT.PERP,LONG,0.3443395226858121,0.5,0.0,0.5,-418323.4052559906,Reward Abuse
"A_507a86d368,A_ebdb869fd3",HYPERUSDT.PERP,LONG,0.3443395226858121,0.5,0.0,0.5,-418323.4052559906,Reward Abuse
"A_507a86d368,A_ebdb869fd3",HYPERUSDT.PERP,LONG,0.3443395226858121,0.5,0.0,0.5,-418323.4052559906,Reward Abuse
"A_507a86d368,A_6960c2ee08",BTCUSDT.PERP,LONG,0.3443395226858121,0.5,0.0,0.5,-418391.5129400344,Reward Abuse
"A_507a86d368,A_6960c2ee08",BTCUSDT.PERP,LONG,0.3443395226858121,0.5,0.0,0.5,-418391.5129400344,Reward Abuse
"A_507a86d368,A_6960c2ee08",BTCUSDT.PERP,LONG,0.3443395226858121,0.5,0.0,0.5,-418391.5129400344,Reward Abuse
"A_507a86d368,A_6960c2ee08",BTCUSDT.PERP,LONG,0.3443395226858121,0.5,0.0,0.5,-418391.5129400344,Reward Abuse
"A_507a86d368,A_6960c2ee08",BTCUSDT.PERP,LONG,0.3443395226858121,0.5,0.0,0.5,-418391.5129400344,Reward Abuse
"A_507a86d368,A_6960c2ee08",BTCUSDT.PERP,LONG,0.3443395226858121,0.5,0.0,0.5,-418391.5129400344,Reward Abuse
"A_4943ad62b4,A_507a86d368",BTCUSDT.PERP,LONG,0.3443395226858121,0.5,0.0,0.5,-418476.1342328262,Reward Abuse
"A_4943ad62b4,A_507a86d368",BTCUSDT.PERP,SHORT,0.3443395226858121,0.5,0.0,0.5,-418476.1342328262,Reward Abuse
"A_3943c4c480,A_507a86d368",BTCUSDT.PERP,LONG,0.3443395226858121,0.5,0.0,0.5,-418588.0129131546,Reward Abuse
"A_3943c4c480,A_507a86d368",BTCUSDT.PERP,LONG,0.3443395226858121,0.5,0.0,0.5,-418588.0129131546,Reward Abuse
"A_3943c4c480,A_507a86d368",BTCUSDT.PERP,LONG,0.3443395226858121,0.5,0.0,0.5,-418588.0129131546,Reward Abuse
"A_3943c4c480,A_507a86d368",BTCUSDT.PERP,LONG,0.3443395226858121,0.5,0.0,0.5,-418588.0129131546,Reward Abuse
"A_3943c4c480,A_507a86d368",BTCUSDT.PERP,LONG,0.3443395226858121,0.5,0.0,0.5,-418588.0129131546,Reward Abuse
"A_3943c4c480,A_507a86d368",BTCUSDT.PERP,LONG,0.3443395226858121,0.5,0.0,0.5,-418588.0129131546,Reward Abuse
"A_3943c4c480,A_507a86d368",BTCUSDT.PERP,LONG,0.3443395226858121,0.5,0.0,0.5,-418588.0129131546,Reward Abuse
"A_3943c4c480,A_507a86d368",BTCUSDT.PERP,LONG,0.3443395226858121,0.5,0.0,0.5,-418588.0129131546,Reward Abuse
"A_3943c4c480,A_507a86d368",BTCUSDT.PERP,LONG,0.3443395226858121,0.5,0.0,0.5,-418588.0129131546,Reward Abuse
"A_507a86d368,A_5cd5d675fd",BTCUSDT.PERP,LONG,0.3443395226858121,0.5,0.0,0.5,-418589.3596128247,Reward Abuse
"A_507a86d368,A_5cd5d675fd",BTCUSDT.PERP,LONG,0.3443395226858121,0.5,0.0,0.5,-418589.3596128247,Reward Abuse
"A_507a86d368,A_5cd5d675fd",BTCUSDT.PERP,LONG,0.3443395226858121,0.5,0.0,0.5,-418589.3596128247,Reward Abuse
"A_507a86d368,A_5cd5d675fd",BTCUSDT.PERP,LONG,0.3443395226858121,0.5,0.0,0.5,-418589.3596128247,Reward Abuse
"A_507a86d368,A_9366ce5043",BTCUSDT.PERP,LONG,0.3443395226858121,0.5,0.0,0.5,-418671.5430604192,Reward Abuse
"A_507a86d368,A_9366ce5043",BTCUSDT.PERP,LONG,0.3443395226858121,0.5,0.0,0.5,-418671.5430604192,Reward Abuse
"A_507a86d368,A_9a5e1e7fac",BTCUSDT.PERP,LONG,0.3443395226858121,0.5,0.0,0.5,-418849.016487999,Reward Abuse
"A_507a86d368,A_9a5e1e7fac",BTCUSDT.PERP,LONG,0.3443395226858121,0.5,0.0,0.5,-418849.016487999,Reward Abuse
"A_507a86d368,A_9a5e1e7fac",NEWTUSDT.PERP,SHORT,0.3443395226858121,0.5,0.0,0.5,-418849.016487999,Reward Abuse
"A_507a86d368,A_9a5e1e7fac",NEWTUSDT.PERP,SHORT,0.3443395226858121,0.5,0.0,0.5,-418849.016487999,Reward Abuse
"A_507a86d368,A_9a5e1e7fac",NEWTUSDT.PERP,SHORT,0.3443395226858121,0.5,0.0,0.5,-418849.016487999,Reward Abuse
"A_507a86d368,A_9a5e1e7fac",NEWTUSDT.PERP,SHORT,0.3443395226858121,0.5,0.0,0.5,-418849.016487999,Reward Abuse
"A_507a86d368,A_9a5e1e7fac",NEWTUSDT.PERP,SHORT,0.3443395226858121,0.5,0.0,0.5,-418849.016487999,Reward Abuse
"A_507a86d368,A_9a5e1e7fac",NEWTUSDT.PERP,SHORT,0.3443395226858121,0.5,0.0,0.5,-418849.016487999,Reward Abuse
"A_507a86d368,A_9a5e1e7fac",NEWTUSDT.PERP,SHORT,0.3443395226858121,0.5,0.0,0.5,-418849.016487999,Reward Abuse
"A_507a86d368,A_9a5e1e7fac",SAHARAUSDT.PERP,SHORT,0.3443395226858121,0.5,0.0,0.5,-418849.016487999,Reward Abuse
"A_507a86d368,A_9a5e1e7fac",SAHARAUSDT.PERP,SHORT,0.3443395226858121,0.5,0.0,0.5,-418849.016487999,Reward Abuse
"A_507a86d368,A_9a5e1e7fac",SPKUSDT.PERP,LONG,0.3443395226858121,0.5,0.0,0.5,-418849.016487999,Reward Abuse
"A_507a86d368,A_9a5e1e7fac",SPKUSDT.PERP,LONG,0.3443395226858121,0.5,0.0,0.5,-418849.016487999,Reward Abuse
"A_507a86d368,A_b2bc71e131",HYPERUSDT.PERP,SHORT,0.3443395226858121,0.5,0.0,0.5,-427146.70707503863,Reward Abuse
"A_507a86d368,A_b2bc71e131",HYPERUSDT.PERP,SHORT,0.3443395226858121,0.5,0.0,0.5,-427146.70707503863,Reward Abuse
"A_507a86d368,A_b2bc71e131",HYPERUSDT.PERP,SHORT,0.3443395226858121,0.5,0.0,0.5,-427146.70707503863,Reward Abuse
"A_507a86d368,A_b2bc71e131",MOODENGUSDT.PERP,SHORT,0.3443395226858121,0.5,0.0,0.5,-427146.70707503863,Reward Abuse
"A_507a86d368,A_b2bc71e131",MOODENGUSDT.PERP,SHORT,0.3443395226858121,0.5,0.0,0.5,-427146.70707503863,Reward Abuse
"A_507a86d368,A_b2bc71e131",MOODENGUSDT.PERP,SHORT,0.3443395226858121,0.5,0.0,0.5,-427146.70707503863,Reward Abuse
"A_2ba62f7b20,A_507a86d368",BTCUSDT.PERP,LONG,0.3443395226858121,0.5,0.0,0.5,-466418.00601252634,Reward Abuse
"A_2ba62f7b20,A_507a86d368",BTCUSDT.PERP,LONG,0.3443395226858121,0.5,0.0,0.5,-466418.00601252634,Reward Abuse
"A_1f97e16953,A_507a86d368",HYPERUSDT.PERP,SHORT,0.3443395226858121,0.5,0.0,0.5,-466929.19152565475,Reward Abuse
"A_60a63690ae,A_f2ab53d645",BTCUSDT.PERP,LONG,0.3443395226858121,0.5,0.0,0.5,-478483.0573749259,Reward Abuse
"A_89cf7b96c2,A_f2ab53d645",BTCUSDT.PERP,LONG,0.3443395226858121,0.5,0.0,0.5,-552263.7648714604,Reward Abuse
"A_89cf7b96c2,A_f2ab53d645",BTCUSDT.PERP,LONG,0.3443395226858121,0.5,0.0,0.5,-552263.7648714604,Reward Abuse
"A_89cf7b96c2,A_f2ab53d645",BTCUSDT.PERP,LONG,0.3443395226858121,0.5,0.0,0.5,-552263.7648714604,Reward Abuse
"A_6960c2ee08,A_f2ab53d645",BTCUSDT.PERP,LONG,0.3443395226858121,0.5,0.0,0.5,-553508.5467940661,Reward Abuse
"A_6960c2ee08,A_f2ab53d645",BTCUSDT.PERP,LONG,0.3443395226858121,0.5,0.0,0.5,-553508.5467940661,Reward Abuse
"A_6960c2ee08,A_f2ab53d645",BTCUSDT.PERP,LONG,0.3443395226858121,0.5,0.0,0.5,-553508.5467940661,Reward Abuse
"A_6960c2ee08,A_f2ab53d645",BTCUSDT.PERP,LONG,0.3443395226858121,0.5,0.0,0.5,-553508.5467940661,Reward Abuse
"A_6960c2ee08,A_f2ab53d645",BTCUSDT.PERP,LONG,0.3443395226858121,0.5,0.0,0.5,-553508.5467940661,Reward Abuse
"A_6960c2ee08,A_f2ab53d645",BTCUSDT.PERP,LONG,0.3443395226858121,0.5,0.0,0.5,-553508.5467940661,Reward Abuse
"A_4943ad62b4,A_f2ab53d645",BTCUSDT.PERP,LONG,0.3443395226858121,0.5,0.0,0.5,-553593.1680868579,Reward Abuse
"A_3943c4c480,A_f2ab53d645",BTCUSDT.PERP,LONG,0.3443395226858121,0.5,0.0,0.5,-553705.0467671864,Reward Abuse
"A_3943c4c480,A_f2ab53d645",BTCUSDT.PERP,LONG,0.3443395226858121,0.5,0.0,0.5,-553705.0467671864,Reward Abuse
"A_3943c4c480,A_f2ab53d645",BTCUSDT.PERP,SHORT,0.3443395226858121,0.5,0.0,0.5,-553705.0467671864,Reward Abuse
"A_3943c4c480,A_f2ab53d645",PIUSDT.PERP,LONG,0.3443395226858121,0.5,0.0,0.5,-553705.0467671864,Reward Abuse
"A_3943c4c480,A_f2ab53d645",PIUSDT.PERP,SHORT,0.3443395226858121,0.5,0.0,0.5,-553705.0467671864,Reward Abuse
"A_3943c4c480,A_f2ab53d645",PIUSDT.PERP,SHORT,0.3443395226858121,0.5,0.0,0.5,-553705.0467671864,Reward Abuse
"A_9366ce5043,A_f2ab53d645",BTCUSDT.PERP,LONG,0.3443395226858121,0.5,0.0,0.5,-553788.576914451,Reward Abuse
"A_853f70d58b,A_f2ab53d645",BTCUSDT.PERP,LONG,0.3443395226858121,0.5,0.0,0.5,-554423.0536896136,Reward Abuse
"A_853f70d58b,A_f2ab53d645",BTCUSDT.PERP,LONG,0.3443395226858121,0.5,0.0,0.5,-554423.0536896136,Reward Abuse
"A_507a86d368,A_59b90616d6",HYPERUSDT.PERP,SHORT,0.3443395226858121,0.5,0.0,0.5,-583031.128381746,Reward Abuse
"A_507a86d368,A_59b90616d6",HYPERUSDT.PERP,SHORT,0.3443395226858121,0.5,0.0,0.5,-583031.128381746,Reward Abuse
"A_507a86d368,A_59b90616d6",HYPERUSDT.PERP,SHORT,0.3443395226858121,0.5,0.0,0.5,-583031.128381746,Reward Abuse
"A_2ba62f7b20,A_f2ab53d645",BTCUSDT.PERP,SHORT,0.3443395226858121,0.5,0.0,0.5,-601535.039866558,Reward Abuse
"A_c668740478,A_dcd87c6c96",BTCUSDT.PERP,LONG,0.3443395226858121,0.5,0.0,0.5,-625542.5458722797,Reward Abuse
"A_c668740478,A_dcd87c6c96",BTCUSDT.PERP,LONG,0.3443395226858121,0.5,0.0,0.5,-625542.5458722797,Reward Abuse
"A_c668740478,A_dcd87c6c96",BTCUSDT.PERP,LONG,0.3443395226858121,0.5,0.0,0.5,-625542.5458722797,Reward Abuse
"A_c668740478,A_dcd87c6c96",BTCUSDT.PERP,LONG,0.3443395226858121,0.5,0.0,0.5,-625542.5458722797,Reward Abuse
"A_48fbd03d61,A_507a86d368",BTCUSDT.PERP,LONG,0.3443395226858121,0.5,0.0,0.5,-792969.735742528,Reward Abuse
"A_48fbd03d61,A_f2ab53d645",BTCUSDT.PERP,SHORT,0.3443395226858121,0.5,0.0,0.5,-928086.7695965597,Reward Abuse
"A_507a86d368,A_f2ab53d645",BTCUSDT.PERP,LONG,0.3443395226858121,0.5,0.0,0.5,-972574.6666052381,Reward Abuse
"A_507a86d368,A_f2ab53d645",BTCUSDT.PERP,LONG,0.3443395226858121,0.5,0.0,0.5,-972574.6666052381,Reward Abuse
"A_507a86d368,A_f2ab53d645",BTCUSDT.PERP,LONG,0.3443395226858121,0.5,0.0,0.5,-972574.6666052381,Reward Abuse
"A_359a23d0bd,A_6960c2ee08",BTCUSDT.PERP,LONG,0.3443395226858121,0.5,0.0,0.5,-1120950.3886246276,Reward Abuse
"A_359a23d0bd,A_6960c2ee08",BTCUSDT.PERP,LONG,0.3443395226858121,0.5,0.0,0.5,-1120950.3886246276,Reward Abuse
"A_359a23d0bd,A_6960c2ee08",BTCUSDT.PERP,LONG,0.3443395226858121,0.5,0.0,0.5,-1120950.3886246276,Reward Abuse
"A_359a23d0bd,A_6960c2ee08",BTCUSDT.PERP,LONG,0.3443395226858121,0.5,0.0,0.5,-1120950.3886246276,Reward Abuse
"A_359a23d0bd,A_6960c2ee08",BTCUSDT.PERP,LONG,0.3443395226858121,0.5,0.0,0.5,-1120950.3886246276,Reward Abuse
"A_359a23d0bd,A_6960c2ee08",BTCUSDT.PERP,LONG,0.3443395226858121,0.5,0.0,0.5,-1120950.3886246276,Reward Abuse
"A_359a23d0bd,A_6960c2ee08",BTCUSDT.PERP,LONG,0.3443395226858121,0.5,0.0,0.5,-1120950.3886246276,Reward Abuse
"A_359a23d0bd,A_6960c2ee08",BTCUSDT.PERP,LONG,0.3443395226858121,0.5,0.0,0.5,-1120950.3886246276,Reward Abuse
"A_359a23d0bd,A_3943c4c480",BTCUSDT.PERP,LONG,0.3443395226858121,0.5,0.0,0.5,-1121146.8885977478,Reward Abuse
"A_3cab2969e5,A_ae270b7bf6",ETHUSDT.PERP,LONG,0.3443395226858121,0.5,0.0,0.5,-1165448.586634029,Reward Abuse
"A_3cab2969e5,A_ae270b7bf6",ETHUSDT.PERP,LONG,0.3443395226858121,0.5,0.0,0.5,-1165448.586634029,Reward Abuse
"A_3cab2969e5,A_ae270b7bf6",ETHUSDT.PERP,SHORT,0.3443395226858121,0.5,0.0,0.5,-1165448.586634029,Reward Abuse
"A_3cab2969e5,A_ae270b7bf6",ETHUSDT.PERP,SHORT,0.3443395226858121,0.5,0.0,0.5,-1165448.586634029,Reward Abuse
"A_ae270b7bf6,A_e27beda014",BTCUSDT.PERP,LONG,0.3443395226858121,0.5,0.0,0.5,-1172173.7424678376,Reward Abuse
"A_ae270b7bf6,A_e27beda014",BTCUSDT.PERP,LONG,0.3443395226858121,0.5,0.0,0.5,-1172173.7424678376,Reward Abuse
"A_6960c2ee08,A_ae270b7bf6",BTCUSDT.PERP,LONG,0.3443395226858121,0.5,0.0,0.5,-1172176.829316217,Reward Abuse
"A_6960c2ee08,A_ae270b7bf6",BTCUSDT.PERP,LONG,0.3443395226858121,0.5,0.0,0.5,-1172176.829316217,Reward Abuse
"A_6960c2ee08,A_ae270b7bf6",BTCUSDT.PERP,LONG,0.3443395226858121,0.5,0.0,0.5,-1172176.829316217,Reward Abuse
"A_6960c2ee08,A_ae270b7bf6",BTCUSDT.PERP,LONG,0.3443395226858121,0.5,0.0,0.5,-1172176.829316217,Reward Abuse
"A_6960c2ee08,A_ae270b7bf6",BTCUSDT.PERP,LONG,0.3443395226858121,0.5,0.0,0.5,-1172176.829316217,Reward Abuse
"A_6960c2ee08,A_ae270b7bf6",BTCUSDT.PERP,LONG,0.3443395226858121,0.5,0.0,0.5,-1172176.829316217,Reward Abuse
"A_6960c2ee08,A_ae270b7bf6",BTCUSDT.PERP,LONG,0.3443395226858121,0.5,0.0,0.5,-1172176.829316217,Reward Abuse
"A_6960c2ee08,A_ae270b7bf6",BTCUSDT.PERP,LONG,0.3443395226858121,0.5,0.0,0.5,-1172176.829316217,Reward Abuse
"A_6960c2ee08,A_ae270b7bf6",BTCUSDT.PERP,LONG,0.3443395226858121,0.5,0.0,0.5,-1172176.829316217,Reward Abuse
"A_6960c2ee08,A_ae270b7bf6",BTCUSDT.PERP,LONG,0.3443395226858121,0.5,0.0,0.5,-1172176.829316217,Reward Abuse
"A_6960c2ee08,A_ae270b7bf6",BTCUSDT.PERP,LONG,0.3443395226858121,0.5,0.0,0.5,-1172176.829316217,Reward Abuse
"A_4943ad62b4,A_ae270b7bf6",BTCUSDT.PERP,LONG,0.3443395226858121,0.5,0.0,0.5,-1172261.4506090085,Reward Abuse
"A_3943c4c480,A_ae270b7bf6",BTCUSDT.PERP,LONG,0.3443395226858121,0.5,0.0,0.5,-1172373.3292893372,Reward Abuse
"A_3943c4c480,A_ae270b7bf6",BTCUSDT.PERP,LONG,0.3443395226858121,0.5,0.0,0.5,-1172373.3292893372,Reward Abuse
"A_3943c4c480,A_ae270b7bf6",BTCUSDT.PERP,LONG,0.3443395226858121,0.5,0.0,0.5,-1172373.3292893372,Reward Abuse
"A_3943c4c480,A_ae270b7bf6",BTCUSDT.PERP,LONG,0.3443395226858121,0.5,0.0,0.5,-1172373.3292893372,Reward Abuse
"A_3943c4c480,A_ae270b7bf6",BTCUSDT.PERP,LONG,0.3443395226858121,0.5,0.0,0.5,-1172373.3292893372,Reward Abuse
"A_3943c4c480,A_ae270b7bf6",BTCUSDT.PERP,LONG,0.3443395226858121,0.5,0.0,0.5,-1172373.3292893372,Reward Abuse
"A_3943c4c480,A_ae270b7bf6",BTCUSDT.PERP,LONG,0.3443395226858121,0.5,0.0,0.5,-1172373.3292893372,Reward Abuse
"A_9a5e1e7fac,A_ae270b7bf6",BTCUSDT.PERP,LONG,0.3443395226858121,0.5,0.0,0.5,-1172634.3328641816,Reward Abuse
"A_9a5e1e7fac,A_ae270b7bf6",BTCUSDT.PERP,LONG,0.3443395226858121,0.5,0.0,0.5,-1172634.3328641816,Reward Abuse
"A_9a5e1e7fac,A_ae270b7bf6",BTCUSDT.PERP,LONG,0.3443395226858121,0.5,0.0,0.5,-1172634.3328641816,Reward Abuse
"A_ae270b7bf6,A_b2bc71e131",BTCUSDT.PERP,LONG,0.3443395226858121,0.5,0.0,0.5,-1180932.0234512212,Reward Abuse
"A_ae270b7bf6,A_b2bc71e131",BTCUSDT.PERP,LONG,0.3443395226858121,0.5,0.0,0.5,-1180932.0234512212,Reward Abuse
"A_2ba62f7b20,A_ae270b7bf6",BTCUSDT.PERP,SHORT,0.3443395226858121,0.5,0.0,0.5,-1220203.3223887088,Reward Abuse
"A_522c68dd44,A_ae270b7bf6",BTCUSDT.PERP,LONG,0.3443395226858121,0.5,0.0,0.5,-1382785.074450697,Reward Abuse
"A_522c68dd44,A_ae270b7bf6",ETHUSDT.PERP,LONG,0.3443395226858121,0.5,0.0,0.5,-1382785.074450697,Reward Abuse
"A_522c68dd44,A_ae270b7bf6",ETHUSDT.PERP,LONG,0.3443395226858121,0.5,0.0,0.5,-1382785.074450697,Reward Abuse
"A_522c68dd44,A_ae270b7bf6",ETHUSDT.PERP,LONG,0.3443395226858121,0.5,0.0,0.5,-1382785.074450697,Reward Abuse
"A_507a86d368,A_ae270b7bf6",BTCUSDT.PERP,LONG,0.3443395226858121,0.5,0.0,0.5,-1591242.949127389,Reward Abuse
"A_507a86d368,A_ae270b7bf6",BTCUSDT.PERP,LONG,0.3443395226858121,0.5,0.0,0.5,-1591242.949127389,Reward Abuse
"A_507a86d368,A_ae270b7bf6",BTCUSDT.PERP,LONG,0.3443395226858121,0.5,0.0,0.5,-1591242.949127389,Reward Abuse
"A_33849d660b,A_60a63690ae",BTCUSDT.PERP,SHORT,0.3443395226858121,0.5,0.0,0.5,-1722081.647237924,Reward Abuse
"A_1b6957bd93,A_dcd87c6c96",BTCUSDT.PERP,LONG,0.3443395226858121,0.5,0.0,0.5,-1752865.2658441924,Reward Abuse
"A_1b6957bd93,A_dcd87c6c96",BTCUSDT.PERP,SHORT,0.3443395226858121,0.5,0.0,0.5,-1752865.2658441924,Reward Abuse
"A_33849d660b,A_ebdb869fd3",XRPUSDT.PERP,LONG,0.3443395226858121,0.5,0.0,0.5,-1797039.0289730204,Reward Abuse
"A_33849d660b,A_6960c2ee08",BTCUSDT.PERP,LONG,0.3443395226858121,0.5,0.0,0.5,-1797107.1366570643,Reward Abuse
"A_33849d660b,A_6960c2ee08",BTCUSDT.PERP,LONG,0.3443395226858121,0.5,0.0,0.5,-1797107.1366570643,Reward Abuse
"A_33849d660b,A_6960c2ee08",BTCUSDT.PERP,LONG,0.3443395226858121,0.5,0.0,0.5,-1797107.1366570643,Reward Abuse
"A_33849d660b,A_6960c2ee08",BTCUSDT.PERP,LONG,0.3443395226858121,0.5,0.0,0.5,-1797107.1366570643,Reward Abuse
"A_33849d660b,A_6960c2ee08",BTCUSDT.PERP,LONG,0.3443395226858121,0.5,0.0,0.5,-1797107.1366570643,Reward Abuse
"A_33849d660b,A_6960c2ee08",BTCUSDT.PERP,LONG,0.3443395226858121,0.5,0.0,0.5,-1797107.1366570643,Reward Abuse
"A_33849d660b,A_3943c4c480",BTCUSDT.PERP,LONG,0.3443395226858121,0.5,0.0,0.5,-1797303.6366301845,Reward Abuse
"A_33849d660b,A_3943c4c480",BTCUSDT.PERP,SHORT,0.3443395226858121,0.5,0.0,0.5,-1797303.6366301845,Reward Abuse
"A_33849d660b,A_9366ce5043",BTCUSDT.PERP,LONG,0.3443395226858121,0.5,0.0,0.5,-1797387.166777449,Reward Abuse
"A_33849d660b,A_9a5e1e7fac",BTCUSDT.PERP,SHORT,0.3443395226858121,0.5,0.0,0.5,-1797564.640205029,Reward Abuse
"A_33849d660b,A_9a5e1e7fac",ETHUSDT.PERP,LONG,0.3443395226858121,0.5,0.0,0.5,-1797564.640205029,Reward Abuse
"A_33849d660b,A_9a5e1e7fac",ETHUSDT.PERP,LONG,0.3443395226858121,0.5,0.0,0.5,-1797564.640205029,Reward Abuse
"A_33849d660b,A_9a5e1e7fac",ETHUSDT.PERP,LONG,0.3443395226858121,0.5,0.0,0.5,-1797564.640205029,Reward Abuse
"A_33849d660b,A_9a5e1e7fac",ETHUSDT.PERP,LONG,0.3443395226858121,0.5,0.0,0.5,-1797564.640205029,Reward Abuse
"A_33849d660b,A_9a5e1e7fac",ETHUSDT.PERP,LONG,0.3443395226858121,0.5,0.0,0.5,-1797564.640205029,Reward Abuse
"A_33849d660b,A_853f70d58b",BTCUSDT.PERP,LONG,0.3443395226858121,0.5,0.0,0.5,-1798021.6435526118,Reward Abuse
"A_2ba62f7b20,A_33849d660b",BTCUSDT.PERP,LONG,0.3443395226858121,0.5,0.0,0.5,-1845133.6297295562,Reward Abuse
"A_1f97e16953,A_33849d660b",BTCUSDT.PERP,LONG,0.3443395226858121,0.5,0.0,0.5,-1845644.8152426844,Reward Abuse
"A_33849d660b,A_59b90616d6",BTCUSDT.PERP,LONG,0.3443395226858121,0.5,0.0,0.5,-1961746.7520987757,Reward Abuse
"A_33849d660b,A_59b90616d6",BTCUSDT.PERP,SHORT,0.3443395226858121,0.5,0.0,0.5,-1961746.7520987757,Reward Abuse
"A_359a23d0bd,A_ae270b7bf6",BTCUSDT.PERP,LONG,0.3443395226858121,0.5,0.0,0.5,-2293801.824811982,Reward Abuse
"A_359a23d0bd,A_ae270b7bf6",BTCUSDT.PERP,LONG,0.3443395226858121,0.5,0.0,0.5,-2293801.824811982,Reward Abuse
"A_33849d660b,A_f2ab53d645",ORCAUSDT.PERP,SHORT,0.3443395226858121,0.5,0.0,0.5,-2351290.290322268,Reward Abuse
"A_2ba62f7b20,A_dcd87c6c96",BTCUSDT.PERP,LONG,0.3443395226858121,0.5,0.0,0.5,-2601214.110298128,Reward Abuse
"A_59b90616d6,A_dcd87c6c96",BTCUSDT.PERP,LONG,0.3443395226858121,0.5,0.0,0.5,-2717827.2326673474,Reward Abuse
"A_59b90616d6,A_dcd87c6c96",BTCUSDT.PERP,LONG,0.3443395226858121,0.5,0.0,0.5,-2717827.2326673474,Reward Abuse
"A_59b90616d6,A_dcd87c6c96",BTCUSDT.PERP,LONG,0.3443395226858121,0.5,0.0,0.5,-2717827.2326673474,Reward Abuse
"A_59b90616d6,A_dcd87c6c96",BTCUSDT.PERP,LONG,0.3443395226858121,0.5,0.0,0.5,-2717827.2326673474,Reward Abuse
"A_59b90616d6,A_dcd87c6c96",BTCUSDT.PERP,LONG,0.3443395226858121,0.5,0.0,0.5,-2717827.2326673474,Reward Abuse
"A_59b90616d6,A_dcd87c6c96",BTCUSDT.PERP,LONG,0.3443395226858121,0.5,0.0,0.5,-2717827.2326673474,Reward Abuse
"A_59b90616d6,A_dcd87c6c96",BTCUSDT.PERP,LONG,0.3443395226858121,0.5,0.0,0.5,-2717827.2326673474,Reward Abuse
"A_59b90616d6,A_dcd87c6c96",BTCUSDT.PERP,LONG,0.3443395226858121,0.5,0.0,0.5,-2717827.2326673474,Reward Abuse
"A_59b90616d6,A_dcd87c6c96",BTCUSDT.PERP,LONG,0.3443395226858121,0.5,0.0,0.5,-2717827.2326673474,Reward Abuse
"A_59b90616d6,A_dcd87c6c96",BTCUSDT.PERP,LONG,0.3443395226858121,0.5,0.0,0.5,-2717827.2326673474,Reward Abuse
"A_0bfb0b4311,A_4943ad62b4,A_7e27164ab6",BTCUSDT.PERP,LONG,0.3154695322908957,0.3333333333333333,0.0,0.3333333333333333,51073787.297409475,Mixed/Other
"A_0bfb0b4311,A_4943ad62b4,A_7e27164ab6",BTCUSDT.PERP,LONG,0.3154695322908957,0.3333333333333333,0.0,0.3333333333333333,51073787.297409475,Mixed/Other
"A_507a86d368,A_7e27164ab6,A_9a5e1e7fac",BTCUSDT.PERP,LONG,0.3154695322908957,0.3333333333333333,0.0,0.3333333333333333,46665269.28610419,Mixed/Other
"A_507a86d368,A_7e27164ab6,A_9a5e1e7fac",BTCUSDT.PERP,LONG,0.3154695322908957,0.3333333333333333,0.0,0.3333333333333333,46665269.28610419,Mixed/Other
"A_0bfb0b4311,A_26ffea8fd9,A_522c68dd44",BTCUSDT.PERP,LONG,0.3154695322908957,0.3333333333333333,0.0,0.3333333333333333,12243918.889223123,Mixed/Other
"A_26ffea8fd9,A_522c68dd44,A_c668740478",BTCUSDT.PERP,LONG,0.3154695322908957,0.3333333333333333,0.0,0.3333333333333333,10182484.951337539,Mixed/Other
"A_26ffea8fd9,A_522c68dd44,A_c668740478",BTCUSDT.PERP,LONG,0.3154695322908957,0.3333333333333333,0.0,0.3333333333333333,10182484.951337539,Mixed/Other
"A_0bfb0b4311,A_27fd29fd55,A_3cab2969e5",BTCUSDT.PERP,LONG,0.3154695322908957,0.3333333333333333,0.0,0.3333333333333333,4751976.041240912,Mixed/Other
"A_0bfb0b4311,A_60a63690ae,A_9366ce5043",BTCUSDT.PERP,LONG,0.3154695322908957,0.3333333333333333,0.0,0.3333333333333333,4064836.3788444013,Mixed/Other
"A_0bfb0b4311,A_3943c4c480,A_c462ca9c6b",BTCUSDT.PERP,LONG,0.3154695322908957,0.3333333333333333,0.0,0.3333333333333333,4008144.281199421,Mixed/Other
"A_0bfb0b4311,A_3943c4c480,A_c462ca9c6b",BTCUSDT.PERP,LONG,0.3154695322908957,0.3333333333333333,0.0,0.3333333333333333,4008144.281199421,Mixed/Other
"A_0bfb0b4311,A_6960c2ee08,A_e27beda014",BTCUSDT.PERP,LONG,0.3154695322908957,0.3333333333333333,0.0,0.3333333333333333,3990094.006394025,Mixed/Other
"A_0bfb0b4311,A_522c68dd44,A_9366ce5043",BTCUSDT.PERP,LONG,0.3154695322908957,0.3333333333333333,0.0,0.3333333333333333,3779202.6442907806,Mixed/Other
"A_0bfb0b4311,A_522c68dd44,A_9366ce5043",BTCUSDT.PERP,LONG,0.3154695322908957,0.3333333333333333,0.0,0.3333333333333333,3779202.6442907806,Mixed/Other
"A_0bfb0b4311,A_2ba62f7b20,A_59b90616d6",BTCUSDT.PERP,SHORT,0.3154695322908957,0.3333333333333333,0.0,0.3333333333333333,3777424.811031442,Mixed/Other
"A_0bfb0b4311,A_522c68dd44,A_59b90616d6",BTCUSDT.PERP,LONG,0.3154695322908957,0.3333333333333333,0.0,0.3333333333333333,3614843.058969454,Mixed/Other
"A_0bfb0b4311,A_3943c4c480,A_507a86d368",BTCUSDT.PERP,SHORT,0.3154695322908957,0.3333333333333333,0.0,0.3333333333333333,3570828.299761354,Mixed/Other
"A_0bfb0b4311,A_2ba62f7b20,A_f2ab53d645",BTCUSDT.PERP,LONG,0.3154695322908957,0.3333333333333333,0.0,0.3333333333333333,3387881.27280795,Mixed/Other
"A_0bfb0b4311,A_ae270b7bf6,A_b2bc71e131",BTCUSDT.PERP,LONG,0.3154695322908957,0.3333333333333333,0.0,0.3333333333333333,2808484.2892232873,Mixed/Other
"A_2ba62f7b20,A_3943c4c480,A_c668740478",BTCUSDT.PERP,LONG,0.3154695322908957,0.3333333333333333,0.0,0.3333333333333333,1880433.9886144502,Mixed/Other
"A_2ba62f7b20,A_3943c4c480,A_c668740478",BTCUSDT.PERP,LONG,0.3154695322908957,0.3333333333333333,0.0,0.3333333333333333,1880433.9886144502,Mixed/Other
"A_59b90616d6,A_c668740478,A_e27beda014",BTCUSDT.PERP,SHORT,0.3154695322908957,0.3333333333333333,0.0,0.3333333333333333,1764020.4530667302,Mixed/Other
"A_89cf7b96c2,A_c668740478,A_f2ab53d645",BTCUSDT.PERP,LONG,0.3154695322908957,0.3333333333333333,0.0,0.3333333333333333,1375718.6099174644,Mixed/Other
"A_89cf7b96c2,A_c668740478,A_f2ab53d645",BTCUSDT.PERP,LONG,0.3154695322908957,0.3333333333333333,0.0,0.3333333333333333,1375718.6099174644,Mixed/Other
"A_06d5bd3da9,A_1a7c006b71,A_9788666227",ETHUSDT.PERP,SHORT,0.3154695322908957,0.3333333333333333,0.0,0.3333333333333333,1363292.4858662882,Mixed/Other
"A_06d5bd3da9,A_68f6513965,A_dae7cf0dd9",ETHUSDT.PERP,SHORT,0.3154695322908957,0.3333333333333333,0.0,0.3333333333333333,926911.4039588025,Mixed/Other
"A_06d5bd3da9,A_68f6513965,A_dae7cf0dd9",ETHUSDT.PERP,SHORT,0.3154695322908957,0.3333333333333333,0.0,0.3333333333333333,926911.4039588025,Mixed/Other
"A_06d5bd3da9,A_64a414bc30,A_dae7cf0dd9",ETHUSDT.PERP,SHORT,0.3154695322908957,0.3333333333333333,0.0,0.3333333333333333,922325.5714498484,Mixed/Other
"A_06d5bd3da9,A_1a7c006b71,A_68f6513965",ETHUSDT.PERP,SHORT,0.3154695322908957,0.3333333333333333,0.0,0.3333333333333333,915909.2404739026,Mixed/Other
"A_06d5bd3da9,A_1a7c006b71,A_64a414bc30",ETHUSDT.PERP,SHORT,0.3154695322908957,0.3333333333333333,0.0,0.3333333333333333,911323.4079649484,Mixed/Other
"A_06d5bd3da9,A_1a7c006b71,A_64a414bc30",ETHUSDT.PERP,SHORT,0.3154695322908957,0.3333333333333333,0.0,0.3333333333333333,911323.4079649484,Mixed/Other
"A_64a414bc30,A_68f6513965,A_9788666227",ETHUSDT.PERP,LONG,0.3154695322908957,0.3333333333333333,0.0,0.3333333333333333,465631.44519667287,Mixed/Other
"A_64a414bc30,A_68f6513965,A_9788666227",ETHUSDT.PERP,LONG,0.3154695322908957,0.3333333333333333,0.0,0.3333333333333333,465631.44519667287,Mixed/Other
"A_64a414bc30,A_68f6513965,A_9788666227",ETHUSDT.PERP,LONG,0.3154695322908957,0.3333333333333333,0.0,0.3333333333333333,465631.44519667287,Mixed/Other
"A_64a414bc30,A_68f6513965,A_9788666227",ETHUSDT.PERP,LONG,0.3154695322908957,0.3333333333333333,0.0,0.3333333333333333,465631.44519667287,Mixed/Other
"A_64a414bc30,A_68f6513965,A_9788666227",ETHUSDT.PERP,LONG,0.3154695322908957,0.3333333333333333,0.0,0.3333333333333333,465631.44519667287,Mixed/Other
"A_64a414bc30,A_68f6513965,A_9788666227",ETHUSDT.PERP,LONG,0.3154695322908957,0.3333333333333333,0.0,0.3333333333333333,465631.44519667287,Mixed/Other
"A_64a414bc30,A_68f6513965,A_9788666227",ETHUSDT.PERP,LONG,0.3154695322908957,0.3333333333333333,0.0,0.3333333333333333,465631.44519667287,Mixed/Other
"A_64a414bc30,A_68f6513965,A_9788666227",ETHUSDT.PERP,LONG,0.3154695322908957,0.3333333333333333,0.0,0.3333333333333333,465631.44519667287,Mixed/Other
"A_64a414bc30,A_68f6513965,A_9788666227",ETHUSDT.PERP,SHORT,0.3154695322908957,0.3333333333333333,0.0,0.3333333333333333,465631.44519667287,Mixed/Other
"A_64a414bc30,A_68f6513965,A_9788666227",ETHUSDT.PERP,SHORT,0.3154695322908957,0.3333333333333333,0.0,0.3333333333333333,465631.44519667287,Mixed/Other
"A_64a414bc30,A_68f6513965,A_9788666227",ETHUSDT.PERP,SHORT,0.3154695322908957,0.3333333333333333,0.0,0.3333333333333333,465631.44519667287,Mixed/Other
"A_64a414bc30,A_68f6513965,A_9788666227",ETHUSDT.PERP,SHORT,0.3154695322908957,0.3333333333333333,0.0,0.3333333333333333,465631.44519667287,Mixed/Other
"A_64a414bc30,A_68f6513965,A_9788666227",ETHUSDT.PERP,SHORT,0.3154695322908957,0.3333333333333333,0.0,0.3333333333333333,465631.44519667287,Mixed/Other
"A_64a414bc30,A_68f6513965,A_9788666227",ETHUSDT.PERP,SHORT,0.3154695322908957,0.3333333333333333,0.0,0.3333333333333333,465631.44519667287,Mixed/Other
"A_64a414bc30,A_68f6513965,A_9788666227",ETHUSDT.PERP,SHORT,0.3154695322908957,0.3333333333333333,0.0,0.3333333333333333,465631.44519667287,Mixed/Other
"A_64a414bc30,A_9788666227,A_dae7cf0dd9",ETHUSDT.PERP,LONG,0.3154695322908957,0.3333333333333333,0.0,0.3333333333333333,465445.671273404,Mixed/Other
"A_1a7c006b71,A_9788666227,A_dae7cf0dd9",ETHUSDT.PERP,SHORT,0.3154695322908957,0.3333333333333333,0.0,0.3333333333333333,458843.56637418934,Mixed/Other
"A_1a7c006b71,A_64a414bc30,A_9788666227",ETHUSDT.PERP,SHORT,0.3154695322908957,0.3333333333333333,0.0,0.3333333333333333,454443.5077885041,Mixed/Other
"A_60a63690ae,A_853f70d58b,A_ace0a74506",BTCUSDT.PERP,LONG,0.3154695322908957,0.3333333333333333,0.0,0.3333333333333333,72090.810879253,Mixed/Other
"A_1f97e16953,A_60a63690ae,A_e27beda014",BTCUSDT.PERP,LONG,0.3154695322908957,0.3333333333333333,0.0,0.3333333333333333,27502.807988605524,Mixed/Other
"A_3cab2969e5,A_94cf7bdada,A_dae7cf0dd9",ETHUSDT.PERP,SHORT,0.3154695322908957,0.3333333333333333,0.3333333333333333,0.0,14504.629505536515,Mixed/Other
"A_1f97e16953,A_6960c2ee08,A_e27beda014",BTCUSDT.PERP,LONG,0.3154695322908957,0.3333333333333333,0.0,0.3333333333333333,-47522.68143053472,Mixed/Other
"A_1f97e16953,A_9366ce5043,A_e27beda014",BTCUSDT.PERP,LONG,0.3154695322908957,0.3333333333333333,0.0,0.3333333333333333,-47802.71155091952,Mixed/Other
"A_522c68dd44,A_9366ce5043,A_c462ca9c6b",ETHUSDT.PERP,LONG,0.3154695322908957,0.3333333333333333,0.0,0.3333333333333333,-191626.50332126365,Mixed/Other
"A_522c68dd44,A_9366ce5043,A_c462ca9c6b",ETHUSDT.PERP,LONG,0.3154695322908957,0.3333333333333333,0.0,0.3333333333333333,-191626.50332126365,Mixed/Other
"A_4943ad62b4,A_522c68dd44,A_89cf7b96c2",BTCUSDT.PERP,LONG,0.3154695322908957,0.3333333333333333,0.0,0.3333333333333333,-208436.17419795992,Mixed/Other
"A_4943ad62b4,A_522c68dd44,A_89cf7b96c2",BTCUSDT.PERP,LONG,0.3154695322908957,0.3333333333333333,0.0,0.3333333333333333,-208436.17419795992,Mixed/Other
"A_1b6957bd93,A_359a23d0bd,A_6960c2ee08",BTCUSDT.PERP,LONG,0.3154695322908957,0.3333333333333333,0.0,0.3333333333333333,-320290.73380761535,Mixed/Other
"A_1f97e16953,A_507a86d368,A_7ba723a337",HYPERUSDT.PERP,SHORT,0.3154695322908957,0.3333333333333333,0.0,0.3333333333333333,-458312.92149119056,Mixed/Other
"A_6960c2ee08,A_853f70d58b,A_f2ab53d645",BTCUSDT.PERP,LONG,0.3154695322908957,0.3333333333333333,0.0,0.3333333333333333,-554085.7502540448,Mixed/Other
"A_3943c4c480,A_507a86d368,A_59b90616d6",BTCUSDT.PERP,LONG,0.3154695322908957,0.3333333333333333,0.0,0.3333333333333333,-582890.3249192974,Mixed/Other
"A_3943c4c480,A_507a86d368,A_59b90616d6",BTCUSDT.PERP,LONG,0.3154695322908957,0.3333333333333333,0.0,0.3333333333333333,-582890.3249192974,Mixed/Other
"A_3943c4c480,A_507a86d368,A_59b90616d6",BTCUSDT.PERP,LONG,0.3154695322908957,0.3333333333333333,0.0,0.3333333333333333,-582890.3249192974,Mixed/Other
"A_2ba62f7b20,A_c668740478,A_dcd87c6c96",BTCUSDT.PERP,LONG,0.3154695322908957,0.3333333333333333,0.0,0.3333333333333333,-673231.7355092028,Mixed/Other
"A_2ba62f7b20,A_c668740478,A_dcd87c6c96",BTCUSDT.PERP,LONG,0.3154695322908957,0.3333333333333333,0.0,0.3333333333333333,-673231.7355092028,Mixed/Other
"A_507a86d368,A_6960c2ee08,A_f2ab53d645",BTCUSDT.PERP,LONG,0.3154695322908957,0.3333333333333333,0.0,0.3333333333333333,-972237.3631696693,Mixed/Other
"A_507a86d368,A_60a63690ae,A_ae270b7bf6",BTCUSDT.PERP,LONG,0.3154695322908957,0.3333333333333333,0.0,0.3333333333333333,-1515880.1562726798,Mixed/Other
"A_2ba62f7b20,A_507a86d368,A_ae270b7bf6",BTCUSDT.PERP,LONG,0.3154695322908957,0.3333333333333333,0.0,0.3333333333333333,-1638932.138764312,Mixed/Other
"A_2ba62f7b20,A_507a86d368,A_ae270b7bf6",BTCUSDT.PERP,LONG,0.3154695322908957,0.3333333333333333,0.0,0.3333333333333333,-1638932.138764312,Mixed/Other
"A_1f97e16953,A_33849d660b,A_6960c2ee08",BTCUSDT.PERP,LONG,0.3154695322908957,0.3333333333333333,0.0,0.3333333333333333,-1845307.5118071157,Mixed/Other
"A_06d5bd3da9,A_1a7c006b71,A_64a414bc30,A_dae7cf0dd9",ETHUSDT.PERP,SHORT,0.31145357872777923,0.25,0.0,0.25,918748.9781460933,Mixed/Other
"A_1f97e16953,A_507a86d368,A_6960c2ee08,A_e27beda014",BTCUSDT.PERP,LONG,0.31145357872777923,0.25,0.0,0.25,-466251.49780613795,Mixed/Other
"A_60a63690ae,A_9366ce5043",BTCUSDT.PERP,LONG,0.24433952268581208,0.5,0.0,0.0,75420.06616989303,Mixed/Other
"A_60a63690ae,A_9366ce5043",BTCUSDT.PERP,LONG,0.24433952268581208,0.5,0.0,0.0,75420.06616989303,Mixed/Other
"A_60a63690ae,A_9366ce5043",BTCUSDT.PERP,LONG,0.24433952268581208,0.5,0.0,0.0,75420.06616989303,Mixed/Other
"A_60a63690ae,A_9366ce5043",BTCUSDT.PERP,LONG,0.24433952268581208,0.5,0.0,0.0,75420.06616989303,Mixed/Other
"A_60a63690ae,A_9366ce5043",BTCUSDT.PERP,LONG,0.24433952268581208,0.5,0.0,0.0,75420.06616989303,Mixed/Other
"A_3cab2969e5,A_9a5e1e7fac",ETHUSDT.PERP,LONG,0.24433952268581208,0.5,0.0,0.0,6945.346005360972,Mixed/Other
"A_1f97e16953,A_9366ce5043",BTCUSDT.PERP,LONG,0.24433952268581208,0.5,0.0,0.0,-48143.10183486753,Mixed/Other
